order_id,order_date,ship_date,customer_id,product_id,quantity,sales,profit,discount,order_year,order_month,is_outlier
CA-2016-152156,2016-11-08,2016-11-11,CG-12520,386,2,261.96,41.9136,0.0,2016,11,False
CA-2016-152156,2016-11-08,2016-11-11,CG-12520,839,3,731.94,219.582,0.0,2016,11,True
CA-2016-138688,2016-06-12,2016-06-16,DV-13045,1433,2,14.62,6.8714,0.0,2016,6,False
US-2015-108966,2015-10-11,2015-10-18,SO-20335,366,5,957.5775,-383.031,0.45,2015,10,True
US-2015-108966,2015-10-11,2015-10-18,SO-20335,573,2,22.368,2.5164,0.2,2015,10,False
CA-2014-115812,2014-06-09,2014-06-14,BH-11710,570,7,48.86,14.1694,0.0,2014,6,False
CA-2014-115812,2014-06-09,2014-06-14,BH-11710,1129,4,7.28,1.9656,0.0,2014,6,False
CA-2014-115812,2014-06-09,2014-06-14,BH-11710,1092,6,907.152,90.7152,0.2,2014,6,True
CA-2014-115812,2014-06-09,2014-06-14,BH-11710,499,3,18.504,5.7825,0.2,2014,6,False
CA-2014-115812,2014-06-09,2014-06-14,BH-11710,302,5,114.9,34.47,0.0,2014,6,False
CA-2014-115812,2014-06-09,2014-06-14,BH-11710,427,9,1706.184,85.3092,0.2,2014,6,True
CA-2014-115812,2014-06-09,2014-06-14,BH-11710,965,4,911.424,68.3568,0.2,2014,6,True
CA-2017-114412,2017-04-15,2017-04-20,AA-10480,1756,3,15.552,5.4432,0.2,2017,4,False
CA-2016-161389,2016-12-05,2016-12-10,IM-15070,648,3,407.976,132.5922,0.2,2016,12,False
US-2015-118983,2015-11-22,2015-11-26,HP-14815,822,5,68.81,-123.858,0.8,2015,11,False
US-2015-118983,2015-11-22,2015-11-26,HP-14815,1512,3,2.544,-3.816,0.8,2015,11,False
CA-2014-105893,2014-11-11,2014-11-18,PK-19075,1518,6,665.88,13.3176,0.0,2014,11,True
CA-2014-167164,2014-05-13,2014-05-15,AG-10270,660,2,55.5,9.99,0.0,2014,5,False
CA-2014-143336,2014-08-27,2014-09-01,ZD-21925,1150,2,8.56,2.4824,0.0,2014,8,False
CA-2014-143336,2014-08-27,2014-09-01,ZD-21925,436,3,213.48,16.011,0.2,2014,8,False
CA-2014-143336,2014-08-27,2014-09-01,ZD-21925,1633,4,22.72,7.384,0.2,2014,8,False
CA-2016-137330,2016-12-09,2016-12-13,KB-16585,1124,7,19.46,5.0596,0.0,2016,12,False
CA-2016-137330,2016-12-09,2016-12-13,KB-16585,78,7,60.34,15.6884,0.0,2016,12,False
US-2017-156909,2017-07-16,2017-07-18,SF-20065,746,2,71.372,-1.0196,0.3,2017,7,False
CA-2015-106320,2015-09-25,2015-09-30,EB-13870,366,3,1044.63,240.2649,0.0,2015,9,True
CA-2016-121755,2016-01-16,2016-01-20,EH-13945,1624,2,11.648,4.2224,0.2,2016,1,False
CA-2016-121755,2016-01-16,2016-01-20,EH-13945,914,3,90.57,11.7741,0.0,2016,1,False
US-2015-150630,2015-09-17,2015-09-21,TB-21520,1351,7,3083.43,-1665.0522,0.5,2015,9,True
US-2015-150630,2015-09-17,2015-09-21,TB-21520,265,2,9.618,-7.0532,0.7,2015,9,False
US-2015-150630,2015-09-17,2015-09-21,TB-21520,881,3,124.2,15.525,0.2,2015,9,False
US-2015-150630,2015-09-17,2015-09-21,TB-21520,1284,2,3.264,1.1016,0.2,2015,9,False
US-2015-150630,2015-09-17,2015-09-21,TB-21520,279,6,86.304,9.7092,0.2,2015,9,False
US-2015-150630,2015-09-17,2015-09-21,TB-21520,73,6,6.858,-5.715,0.7,2015,9,False
US-2015-150630,2015-09-17,2015-09-21,TB-21520,1031,2,15.76,3.546,0.2,2015,9,False
CA-2017-107727,2017-10-19,2017-10-23,MA-17560,537,3,29.472,9.9468,0.2,2017,10,False
CA-2016-117590,2016-12-08,2016-12-10,GH-14485,725,7,1097.544,123.4737,0.2,2016,12,True
CA-2016-117590,2016-12-08,2016-12-10,GH-14485,593,5,190.92,-147.963,0.6,2016,12,False
CA-2015-117415,2015-12-27,2015-12-31,SN-20710,6,9,113.328,35.415,0.2,2015,12,False
CA-2015-117415,2015-12-27,2015-12-31,SN-20710,167,3,532.3992,-46.9764,0.32,2015,12,True
CA-2015-117415,2015-12-27,2015-12-31,SN-20710,752,3,212.058,-15.147,0.3,2015,12,False
CA-2015-117415,2015-12-27,2015-12-31,SN-20710,1273,4,371.168,41.7564,0.2,2015,12,False
CA-2017-120999,2017-09-10,2017-09-15,LC-16930,1244,4,147.168,16.5564,0.2,2017,9,False
CA-2016-101343,2016-07-17,2016-07-22,RA-19885,556,2,77.88,3.894,0.0,2016,7,False
CA-2017-139619,2017-09-19,2017-09-23,ES-14080,115,2,95.616,9.5616,0.2,2017,9,False
CA-2016-118255,2016-03-11,2016-03-13,ON-18715,1598,2,45.98,19.7714,0.0,2016,3,False
CA-2016-118255,2016-03-11,2016-03-13,ON-18715,1637,2,17.46,8.2062,0.0,2016,3,False
CA-2014-146703,2014-10-20,2014-10-25,PO-18865,776,4,211.96,8.4784,0.0,2014,10,False
CA-2016-169194,2016-06-20,2016-06-25,LH-16900,915,3,45.0,4.95,0.0,2016,6,False
CA-2016-169194,2016-06-20,2016-06-25,LH-16900,967,2,21.8,6.104,0.0,2016,6,False
CA-2015-115742,2015-04-18,2015-04-22,DP-13000,394,6,38.22,17.9634,0.0,2015,4,False
CA-2015-115742,2015-04-18,2015-04-22,DP-13000,192,6,75.18,35.3346,0.0,2015,4,False
CA-2015-115742,2015-04-18,2015-04-22,DP-13000,1029,2,6.16,2.9568,0.0,2015,4,False
CA-2015-115742,2015-04-18,2015-04-22,DP-13000,760,1,89.99,17.0981,0.0,2015,4,False
CA-2016-105816,2016-12-11,2016-12-17,JM-15265,122,7,15.26,6.2566,0.0,2016,12,False
CA-2016-105816,2016-12-11,2016-12-17,JM-15265,43,5,1029.95,298.6855,0.0,2016,12,True
CA-2016-111682,2016-06-17,2016-06-18,TB-21055,824,6,208.56,52.14,0.0,2016,6,False
CA-2016-111682,2016-06-17,2016-06-18,TB-21055,1830,5,32.4,15.552,0.0,2016,6,False
CA-2016-111682,2016-06-17,2016-06-18,TB-21055,1174,5,319.41,7.098,0.1,2016,6,False
CA-2016-111682,2016-06-17,2016-06-18,TB-21055,159,2,14.56,6.9888,0.0,2016,6,False
CA-2016-111682,2016-06-17,2016-06-18,TB-21055,915,2,30.0,3.3,0.0,2016,6,False
CA-2016-111682,2016-06-17,2016-06-18,TB-21055,1280,4,48.48,16.362,0.2,2016,6,False
CA-2016-111682,2016-06-17,2016-06-18,TB-21055,1298,1,1.68,0.84,0.0,2016,6,False
CA-2015-135545,2015-11-24,2015-11-30,KM-16720,1599,2,13.98,6.1512,0.0,2015,11,False
CA-2015-135545,2015-11-24,2015-11-30,KM-16720,66,6,25.824,9.3612,0.2,2015,11,False
CA-2015-135545,2015-11-24,2015-11-30,KM-16720,1731,3,146.73,68.9631,0.0,2015,11,False
CA-2015-135545,2015-11-24,2015-11-30,KM-16720,1034,4,79.76,22.3328,0.0,2015,11,False
US-2015-164175,2015-04-30,2015-05-05,PS-18970,770,5,213.115,-15.2225,0.3,2015,4,False
CA-2014-106376,2014-12-05,2014-12-10,BS-11590,885,8,1113.024,111.3024,0.2,2014,12,True
CA-2014-106376,2014-12-05,2014-12-10,BS-11590,1849,4,167.968,62.988,0.2,2014,12,False
CA-2016-119823,2016-06-04,2016-06-06,KD-16270,1456,2,75.88,35.6636,0.0,2016,6,False
CA-2016-106075,2016-09-18,2016-09-23,HM-14980,235,1,4.616,1.731,0.2,2016,9,False
CA-2017-114440,2017-09-14,2017-09-17,TB-21520,1530,3,19.05,8.763,0.0,2017,9,False
US-2015-134026,2015-04-26,2015-05-02,JE-15745,814,8,831.936,-114.3912,0.2,2015,4,True
US-2015-134026,2015-04-26,2015-05-02,JE-15745,1546,2,97.04,1.213,0.2,2015,4,False
US-2015-134026,2015-04-26,2015-05-02,JE-15745,1382,1,72.784,-18.196,0.2,2015,4,False
US-2017-118038,2017-12-09,2017-12-11,KB-16600,542,3,1.248,-1.9344,0.8,2017,12,False
US-2017-118038,2017-12-09,2017-12-11,KB-16600,30,3,9.708,-5.8248,0.6,2017,12,False
US-2017-118038,2017-12-09,2017-12-11,KB-16600,1449,3,27.24,2.724,0.2,2017,12,False
US-2014-147606,2014-11-26,2014-12-01,JE-15745,564,5,19.3,-14.475,0.6,2014,11,False
CA-2016-127208,2016-06-12,2016-06-15,SC-20770,8,1,208.16,56.2032,0.0,2016,6,False
CA-2016-127208,2016-06-12,2016-06-15,SC-20770,247,3,16.74,8.0352,0.0,2016,6,False
CA-2014-139451,2014-10-12,2014-10-16,DN-13690,1304,5,14.9,4.172,0.0,2014,10,False
CA-2014-139451,2014-10-12,2014-10-16,DN-13690,1466,1,21.39,6.2031,0.0,2014,10,False
CA-2015-149734,2015-09-03,2015-09-08,JC-16105,940,7,200.984,62.8075,0.2,2015,9,False
US-2017-119662,2017-11-13,2017-11-16,CS-12400,1381,3,230.376,-48.9549,0.2,2017,11,False
CA-2017-140088,2017-05-28,2017-05-30,PO-18865,1173,2,301.96,33.2156,0.0,2017,5,False
CA-2017-155558,2017-10-26,2017-11-02,PG-18895,1023,1,19.99,6.7966,0.0,2017,10,False
CA-2017-155558,2017-10-26,2017-11-02,PG-18895,221,2,6.16,2.9568,0.0,2017,10,False
CA-2016-159695,2016-04-05,2016-04-10,GM-14455,582,7,158.368,13.8572,0.2,2016,4,False
CA-2016-109806,2016-09-17,2016-09-22,JS-15685,1579,3,20.1,6.633,0.0,2016,9,False
CA-2016-109806,2016-09-17,2016-09-22,JS-15685,1244,2,73.584,8.2782,0.2,2016,9,False
CA-2016-109806,2016-09-17,2016-09-22,JS-15685,1787,1,6.48,3.1104,0.0,2016,9,False
CA-2015-149587,2015-01-31,2015-02-05,KB-16315,1791,2,12.96,6.2208,0.0,2015,1,False
CA-2015-149587,2015-01-31,2015-02-05,KB-16315,1440,3,53.34,16.5354,0.0,2015,1,False
CA-2015-149587,2015-01-31,2015-02-05,KB-16315,904,2,32.96,16.1504,0.0,2015,1,False
US-2017-109484,2017-11-06,2017-11-12,RB-19705,673,1,5.682,-3.788,0.7,2017,11,False
CA-2017-161018,2017-11-09,2017-11-11,PN-18775,31,7,96.53,40.5426,0.0,2017,11,False
CA-2017-157833,2017-06-17,2017-06-20,KD-16345,1573,3,51.312,17.9592,0.2,2017,6,False
CA-2016-149223,2016-09-06,2016-09-11,ER-13855,637,6,77.88,22.5852,0.0,2016,9,False
CA-2016-158568,2016-08-29,2016-09-02,RB-19465,261,7,64.624,22.6184,0.2,2016,8,False
CA-2016-158568,2016-08-29,2016-09-02,RB-19465,1405,3,95.976,-10.7973,0.2,2016,8,False
CA-2016-158568,2016-08-29,2016-09-02,RB-19465,255,3,1.788,-3.0396,0.8,2016,8,False
CA-2016-129903,2016-12-01,2016-12-04,GZ-14470,1589,4,23.92,11.7208,0.0,2016,12,False
US-2015-156867,2015-11-13,2015-11-17,LC-16870,1007,6,238.896,-26.8758,0.2,2015,11,False
US-2015-156867,2015-11-13,2015-11-17,LC-16870,511,3,102.36,-3.8385,0.2,2015,11,False
US-2015-156867,2015-11-13,2015-11-17,LC-16870,270,3,36.882,-25.8174,0.7,2015,11,False
CA-2017-119004,2017-11-23,2017-11-28,JM-15250,1078,8,74.112,17.6016,0.2,2017,11,False
CA-2017-119004,2017-11-23,2017-11-28,JM-15250,1478,1,27.992,2.0994,0.2,2017,11,False
CA-2017-119004,2017-11-23,2017-11-28,JM-15250,1162,1,3.304,1.0738,0.2,2017,11,False
CA-2015-129476,2015-10-15,2015-10-20,PA-19060,1021,5,339.96,67.992,0.2,2015,10,False
CA-2017-146780,2017-12-25,2017-12-30,CV-12805,1040,2,41.96,10.9096,0.0,2017,12,False
CA-2016-128867,2016-11-03,2016-11-10,CL-12565,888,2,75.96,22.788,0.0,2016,11,False
CA-2016-128867,2016-11-03,2016-11-10,CL-12565,237,6,27.24,13.3476,0.0,2016,11,False
CA-2014-115259,2014-08-25,2014-08-27,RC-19960,1197,14,40.096,14.5348,0.2,2014,8,False
CA-2014-115259,2014-08-25,2014-08-27,RC-19960,1340,2,4.72,1.652,0.2,2014,8,False
CA-2014-115259,2014-08-25,2014-08-27,RC-19960,1707,3,23.976,7.4925,0.2,2014,8,False
CA-2014-115259,2014-08-25,2014-08-27,RC-19960,1581,6,130.464,44.0316,0.2,2014,8,False
CA-2015-110457,2015-03-02,2015-03-06,DK-13090,854,3,787.53,165.3813,0.0,2015,3,True
US-2015-136476,2015-04-05,2015-04-10,GG-14650,681,1,157.794,-115.7156,0.7,2015,4,False
CA-2016-103730,2016-06-12,2016-06-15,SC-20725,160,3,47.04,18.3456,0.0,2016,6,False
CA-2016-103730,2016-06-12,2016-06-15,SC-20725,499,4,30.84,13.878,0.0,2016,6,False
CA-2016-103730,2016-06-12,2016-06-15,SC-20725,461,6,226.56,63.4368,0.0,2016,6,False
CA-2016-103730,2016-06-12,2016-06-15,SC-20725,773,9,115.02,51.759,0.0,2016,6,False
CA-2016-103730,2016-06-12,2016-06-15,SC-20725,944,7,68.04,19.7316,0.0,2016,6,False
US-2014-152030,2014-12-26,2014-12-28,AD-10180,743,3,600.558,-8.5794,0.3,2014,12,True
US-2014-134614,2014-09-20,2014-09-25,PF-19165,318,6,617.7,-407.682,0.5,2014,9,True
US-2017-107272,2017-11-05,2017-11-12,TS-21610,241,2,2.388,-1.8308,0.7,2017,11,False
US-2017-107272,2017-11-05,2017-11-12,TS-21610,1572,7,243.992,30.499,0.2,2017,11,False
US-2016-125969,2016-11-06,2016-11-10,LS-16975,768,2,81.424,-9.1602,0.2,2016,11,False
US-2016-125969,2016-11-06,2016-11-10,LS-16975,558,3,238.56,26.2416,0.0,2016,11,False
US-2017-164147,2017-02-02,2017-02-05,DW-13585,149,5,59.97,-11.994,0.4,2017,2,False
US-2017-164147,2017-02-02,2017-02-05,DW-13585,1701,2,78.304,29.364,0.2,2017,2,False
US-2017-164147,2017-02-02,2017-02-05,DW-13585,1499,9,21.456,6.9732,0.2,2017,2,False
CA-2016-145583,2016-10-13,2016-10-19,LC-16885,1738,3,20.04,9.6192,0.0,2016,10,False
CA-2016-145583,2016-10-13,2016-10-19,LC-16885,1662,1,35.44,16.6568,0.0,2016,10,False
CA-2016-145583,2016-10-13,2016-10-19,LC-16885,1407,4,11.52,3.456,0.0,2016,10,False
CA-2016-145583,2016-10-13,2016-10-19,LC-16885,908,2,4.02,1.9698,0.0,2016,10,False
CA-2016-145583,2016-10-13,2016-10-19,LC-16885,722,3,76.176,26.6616,0.2,2016,10,False
CA-2016-145583,2016-10-13,2016-10-19,LC-16885,670,6,65.88,18.4464,0.0,2016,10,False
CA-2016-145583,2016-10-13,2016-10-19,LC-16885,1029,14,43.12,20.6976,0.0,2016,10,False
CA-2016-110366,2016-09-05,2016-09-07,JD-15895,881,2,82.8,10.35,0.2,2016,9,False
CA-2017-106180,2017-09-18,2017-09-23,SH-19975,1152,3,8.82,2.3814,0.0,2017,9,False
CA-2017-106180,2017-09-18,2017-09-23,SH-19975,471,3,10.86,5.1042,0.0,2017,9,False
CA-2017-106180,2017-09-18,2017-09-23,SH-19975,1696,3,143.7,68.976,0.0,2017,9,False
CA-2017-155376,2017-12-22,2017-12-27,SG-20080,1417,3,839.43,218.2518,0.0,2017,12,True
CA-2015-110744,2015-09-07,2015-09-12,HA-14920,1381,7,671.93,20.1579,0.0,2015,9,True
CA-2014-110072,2014-10-22,2014-10-28,MG-17680,1442,4,93.888,12.9096,0.2,2014,10,False
CA-2016-114489,2016-12-05,2016-12-09,JE-16165,1271,11,384.45,103.8015,0.0,2016,12,False
CA-2016-114489,2016-12-05,2016-12-09,JE-16165,150,3,149.97,5.9988,0.0,2016,12,False
CA-2016-114489,2016-12-05,2016-12-09,JE-16165,839,8,1951.84,585.552,0.0,2016,12,True
CA-2016-114489,2016-12-05,2016-12-09,JE-16165,701,5,171.55,80.6285,0.0,2016,12,False
CA-2016-158834,2016-03-13,2016-03-16,TW-21025,296,5,157.92,17.766,0.2,2016,3,False
CA-2016-158834,2016-03-13,2016-03-16,TW-21025,932,2,203.184,15.2388,0.2,2016,3,False
CA-2015-124919,2015-05-31,2015-06-02,SP-20650,1469,7,58.38,26.271,0.0,2015,5,False
CA-2015-124919,2015-05-31,2015-06-02,SP-20650,1665,4,105.52,48.5392,0.0,2015,5,False
CA-2015-124919,2015-05-31,2015-06-02,SP-20650,1543,6,80.88,21.0288,0.0,2015,5,False
CA-2015-118948,2015-05-28,2015-06-03,NK-18490,1117,3,6.63,1.7901,0.0,2015,5,False
CA-2014-104269,2014-03-01,2014-03-06,DB-13060,743,2,457.568,51.4764,0.2,2014,3,False
CA-2016-114104,2016-11-20,2016-11-24,NP-18670,229,2,14.62,6.8714,0.0,2016,11,False
CA-2016-114104,2016-11-20,2016-11-24,NP-18670,174,7,944.93,236.2325,0.0,2016,11,True
CA-2016-162733,2016-05-11,2016-05-12,TT-21070,1706,1,5.98,2.691,0.0,2016,5,False
CA-2015-119697,2015-12-28,2015-12-31,EM-13960,976,2,54.384,1.3596,0.2,2015,12,False
CA-2016-154508,2016-11-16,2016-11-20,RD-19900,1493,5,28.4,13.348,0.0,2016,11,False
CA-2016-113817,2016-11-07,2016-11-11,MJ-17740,1636,2,27.68,9.688,0.2,2016,11,False
CA-2014-139892,2014-09-08,2014-09-12,BM-11140,276,3,9.936,2.7324,0.2,2014,9,False
CA-2014-139892,2014-09-08,2014-09-12,BM-11140,985,8,8159.952,-1359.992,0.4,2014,9,True
CA-2014-139892,2014-09-08,2014-09-12,BM-11140,1476,3,275.928,-58.6347,0.2,2014,9,False
CA-2014-139892,2014-09-08,2014-09-12,BM-11140,1363,9,1740.06,-24.858,0.3,2014,9,True
CA-2014-139892,2014-09-08,2014-09-12,BM-11140,1411,6,32.064,6.8136,0.2,2014,9,False
CA-2014-139892,2014-09-08,2014-09-12,BM-11140,950,5,177.98,-453.849,0.8,2014,9,False
CA-2014-139892,2014-09-08,2014-09-12,BM-11140,930,3,143.976,8.9985,0.2,2014,9,False
CA-2014-118962,2014-08-05,2014-08-09,CS-12130,106,3,20.94,9.8418,0.0,2014,8,False
CA-2014-118962,2014-08-05,2014-08-09,CS-12130,1698,2,110.96,53.2608,0.0,2014,8,False
CA-2014-118962,2014-08-05,2014-08-09,CS-12130,771,7,340.144,21.259,0.2,2014,8,False
US-2014-100853,2014-09-14,2014-09-19,JB-15400,949,2,52.448,-131.12,0.8,2014,9,False
US-2014-100853,2014-09-14,2014-09-19,JB-15400,219,4,20.16,6.552,0.2,2014,9,False
US-2017-152366,2017-04-21,2017-04-25,SJ-20500,54,4,97.264,-243.16,0.8,2017,4,False
US-2015-101511,2015-11-21,2015-11-23,JE-15745,1226,7,396.802,-11.3372,0.3,2015,11,False
US-2015-101511,2015-11-21,2015-11-23,JE-15745,96,5,15.88,-3.7715,0.2,2015,11,False
CA-2015-137225,2015-12-15,2015-12-19,JK-15640,1408,1,3.28,1.4104,0.0,2015,12,False
CA-2014-166191,2014-12-05,2014-12-09,DK-13150,1541,2,24.816,1.8612,0.2,2014,12,False
CA-2014-166191,2014-12-05,2014-12-09,DK-13150,917,7,408.744,76.6395,0.2,2014,12,False
CA-2014-158274,2014-11-19,2014-11-24,RM-19675,46,4,503.96,131.0296,0.0,2014,11,True
CA-2014-158274,2014-11-19,2014-11-24,RM-19675,1164,5,149.95,41.986,0.0,2014,11,False
CA-2014-158274,2014-11-19,2014-11-24,RM-19675,791,2,29.0,7.25,0.0,2014,11,False
CA-2016-105018,2016-11-28,2016-12-02,SK-19990,262,2,7.16,3.4368,0.0,2016,11,False
CA-2014-123260,2014-08-26,2014-08-30,FM-14290,1404,8,176.8,22.984,0.0,2014,8,False
CA-2016-157000,2016-07-16,2016-07-22,AM-10360,1261,3,37.224,3.7224,0.2,2016,7,False
CA-2016-157000,2016-07-16,2016-07-22,AM-10360,1469,3,20.016,6.255,0.2,2016,7,False
CA-2015-102281,2015-10-12,2015-10-14,MP-17470,168,4,899.136,112.392,0.2,2015,10,True
CA-2015-102281,2015-10-12,2015-10-14,MP-17470,890,6,71.76,20.0928,0.0,2015,10,False
CA-2015-102281,2015-10-12,2015-10-14,MP-17470,1800,8,51.84,24.8832,0.0,2015,10,False
CA-2015-102281,2015-10-12,2015-10-14,MP-17470,167,3,626.352,46.9764,0.2,2015,10,True
CA-2015-102281,2015-10-12,2015-10-14,MP-17470,28,5,19.9,6.567,0.0,2015,10,False
CA-2015-131457,2015-10-31,2015-11-06,MZ-17515,1284,7,14.28,6.7116,0.0,2015,10,False
CA-2014-140004,2014-03-21,2014-03-25,CB-12025,331,2,7.408,1.2038,0.2,2014,3,False
CA-2014-140004,2014-03-21,2014-03-25,CB-12025,334,3,6.048,1.5876,0.2,2014,3,False
CA-2017-107720,2017-11-06,2017-11-13,VM-21685,507,3,46.26,12.0276,0.0,2017,11,False
US-2017-124303,2017-07-06,2017-07-13,FH-14365,1305,2,2.946,-2.2586,0.7,2017,7,False
US-2017-124303,2017-07-06,2017-07-13,FH-14365,1649,3,16.056,5.8203,0.2,2017,7,False
CA-2017-105074,2017-06-24,2017-06-29,MB-17305,1471,3,21.744,6.795,0.2,2017,6,False
CA-2014-133690,2014-08-03,2014-08-05,BS-11755,364,2,218.75,-161.875,0.5,2014,8,False
CA-2014-133690,2014-08-03,2014-08-05,BS-11755,365,1,2.6,0.2925,0.2,2014,8,False
US-2017-116701,2017-12-17,2017-12-21,LC-17140,608,2,66.284,-178.9668,0.8,2017,12,False
CA-2017-126382,2017-06-03,2017-06-07,HK-14890,548,7,35.168,9.6712,0.2,2017,6,False
CA-2017-108329,2017-12-09,2017-12-14,LE-16810,1167,4,444.768,44.4768,0.2,2017,12,False
CA-2017-135860,2017-12-01,2017-12-07,JH-15985,1553,4,83.92,5.8744,0.0,2017,12,False
CA-2017-135860,2017-12-01,2017-12-07,JH-15985,1241,2,131.98,35.6346,0.0,2017,12,False
CA-2017-135860,2017-12-01,2017-12-07,JH-15985,241,4,15.92,7.4824,0.0,2017,12,False
CA-2017-135860,2017-12-01,2017-12-07,JH-15985,123,9,52.29,16.2099,0.0,2017,12,False
CA-2017-135860,2017-12-01,2017-12-07,JH-15985,775,1,91.99,3.6796,0.0,2017,12,False
CA-2015-101007,2015-02-09,2015-02-13,MS-17980,1073,2,20.8,6.5,0.2,2015,2,False
CA-2015-146262,2015-01-02,2015-01-09,VW-21775,214,2,23.68,8.88,0.2,2015,1,False
CA-2015-146262,2015-01-02,2015-01-09,VW-21775,1180,5,452.45,-244.323,0.5,2015,1,False
CA-2015-146262,2015-01-02,2015-01-09,VW-21775,1478,3,62.982,-14.6958,0.4,2015,1,False
CA-2015-146262,2015-01-02,2015-01-09,VW-21775,431,9,1188.0,-950.4,0.7,2015,1,True
CA-2015-146262,2015-01-02,2015-01-09,VW-21775,1463,2,89.584,4.4792,0.2,2015,1,False
CA-2016-130162,2016-10-28,2016-11-01,JH-15910,1261,6,93.06,26.0568,0.0,2016,10,False
CA-2016-130162,2016-10-28,2016-11-01,JH-15910,114,3,302.376,22.6782,0.2,2016,10,False
CA-2015-169397,2015-12-24,2015-12-27,JB-15925,1196,2,5.584,1.8148,0.2,2015,12,False
CA-2015-169397,2015-12-24,2015-12-27,JB-15925,1614,6,22.704,8.2302,0.2,2015,12,False
CA-2015-169397,2015-12-24,2015-12-27,JB-15925,904,4,19.776,-13.8432,0.7,2015,12,False
CA-2015-169397,2015-12-24,2015-12-27,JB-15925,623,4,72.704,19.0848,0.2,2015,12,False
CA-2015-169397,2015-12-24,2015-12-27,JB-15925,1522,4,479.988,-383.9904,0.7,2015,12,False
CA-2015-169397,2015-12-24,2015-12-27,JB-15925,1491,2,27.168,2.7168,0.2,2015,12,False
CA-2015-163055,2015-08-09,2015-08-16,DS-13180,1414,1,2.2,0.968,0.0,2015,8,False
CA-2015-163055,2015-08-09,2015-08-16,DS-13180,317,5,622.45,136.939,0.0,2015,8,True
CA-2015-163055,2015-08-09,2015-08-16,DS-13180,1352,1,21.98,0.2198,0.0,2015,8,False
US-2015-145436,2015-02-28,2015-03-04,VD-21670,762,2,161.568,-28.2744,0.2,2015,2,False
US-2015-145436,2015-02-28,2015-03-04,VD-21670,764,8,389.696,43.8408,0.2,2015,2,False
US-2014-156216,2014-09-13,2014-09-17,EA-14035,690,7,18.648,-12.432,0.7,2014,9,False
US-2017-100930,2017-04-07,2017-04-12,CS-12400,377,2,233.86,-102.048,0.45,2017,4,False
US-2017-100930,2017-04-07,2017-04-12,CS-12400,368,3,620.6145,-248.2458,0.45,2017,4,True
US-2017-100930,2017-04-07,2017-04-12,CS-12400,690,2,5.328,-3.552,0.7,2017,4,False
US-2017-100930,2017-04-07,2017-04-12,CS-12400,1540,3,258.072,0.0,0.2,2017,4,False
US-2017-100930,2017-04-07,2017-04-12,CS-12400,1025,3,617.976,-7.7247,0.2,2017,4,True
CA-2017-160514,2017-11-12,2017-11-16,DB-13120,1831,2,10.56,4.752,0.0,2017,11,False
CA-2016-157749,2016-06-04,2016-06-09,KL-16645,1746,5,25.92,9.396,0.2,2016,6,False
CA-2016-157749,2016-06-04,2016-06-09,KL-16645,1036,5,419.68,-356.728,0.6,2016,6,False
CA-2016-157749,2016-06-04,2016-06-09,KL-16645,1497,3,11.688,-4.6752,0.6,2016,6,False
CA-2016-157749,2016-06-04,2016-06-09,KL-16645,1313,2,31.984,11.1944,0.2,2016,6,False
CA-2016-157749,2016-06-04,2016-06-09,KL-16645,943,5,177.225,-120.513,0.5,2016,6,False
CA-2016-157749,2016-06-04,2016-06-09,KL-16645,545,3,4.044,-2.8308,0.6,2016,6,False
CA-2016-157749,2016-06-04,2016-06-09,KL-16645,331,2,7.408,1.2038,0.2,2016,6,False
CA-2014-131926,2014-06-01,2014-06-06,DW-13480,743,7,2001.86,580.5394,0.0,2014,6,True
CA-2014-131926,2014-06-01,2014-06-06,DW-13480,1383,2,166.72,41.68,0.0,2014,6,False
CA-2014-131926,2014-06-01,2014-06-06,DW-13480,109,6,47.88,23.94,0.0,2014,6,False
CA-2014-131926,2014-06-01,2014-06-06,DW-13480,859,5,1503.25,496.0725,0.0,2014,6,True
CA-2014-131926,2014-06-01,2014-06-06,DW-13480,1800,4,25.92,12.4416,0.0,2014,6,False
CA-2016-154739,2016-12-10,2016-12-15,LH-17155,759,2,321.568,28.1372,0.2,2016,12,False
CA-2016-145625,2016-09-11,2016-09-17,KC-16540,1653,1,7.61,3.5767,0.0,2016,9,False
CA-2016-145625,2016-09-11,2016-09-17,KC-16540,1025,13,3347.37,636.0003,0.0,2016,9,True
CA-2016-146941,2016-12-10,2016-12-13,DL-13315,651,6,80.58,22.5624,0.0,2016,12,False
CA-2016-146941,2016-12-10,2016-12-13,DL-13315,1583,4,361.92,162.864,0.0,2016,12,False
US-2015-159982,2015-11-28,2015-12-04,DR-12880,545,9,12.132,-8.4924,0.6,2015,11,False
US-2015-159982,2015-11-28,2015-12-04,DR-12880,291,2,82.368,-19.5624,0.2,2015,11,False
US-2015-159982,2015-11-28,2015-12-04,DR-12880,1543,5,53.92,4.044,0.2,2015,11,False
US-2015-159982,2015-11-28,2015-12-04,DR-12880,1011,6,647.904,56.6916,0.2,2015,11,True
CA-2017-163139,2017-12-01,2017-12-03,CC-12670,1375,3,20.37,6.9258,0.0,2017,12,False
CA-2017-163139,2017-12-01,2017-12-03,CC-12670,1380,3,221.55,6.6465,0.0,2017,12,False
CA-2017-163139,2017-12-01,2017-12-03,CC-12670,49,5,17.52,6.132,0.2,2017,12,False
US-2017-155299,2017-06-08,2017-06-12,Dl-13600,605,2,1.624,-4.466,0.8,2017,6,False
US-2014-106992,2014-09-19,2014-09-21,SB-20290,985,3,3059.982,-509.997,0.4,2014,9,True
US-2014-106992,2014-09-19,2014-09-21,SB-20290,1834,7,2519.958,-251.9958,0.4,2014,9,True
CA-2016-125318,2016-06-06,2016-06-13,RC-19825,443,4,328.224,28.7196,0.2,2016,6,False
CA-2015-155040,2015-11-10,2015-11-15,AH-10210,1089,2,79.9,35.156,0.0,2015,11,False
CA-2017-136826,2017-06-16,2017-06-20,CB-12535,1319,3,14.016,4.7304,0.2,2017,6,False
CA-2016-111010,2016-01-22,2016-01-28,PG-18895,283,6,7.56,0.3024,0.0,2016,1,False
US-2017-145366,2017-12-09,2017-12-13,CA-12310,1377,1,37.208,-7.4416,0.2,2017,12,False
US-2017-145366,2017-12-09,2017-12-13,CA-12310,1335,3,57.576,21.591,0.2,2017,12,False
CA-2017-163979,2017-12-28,2018-01-02,KH-16690,112,4,725.84,210.4936,0.0,2017,12,True
CA-2015-155334,2015-07-30,2015-07-31,HA-14920,993,7,209.93,92.3692,0.0,2015,7,False
CA-2015-155334,2015-07-30,2015-07-31,HA-14920,1345,3,5.28,2.3232,0.0,2015,7,False
CA-2015-155334,2015-07-30,2015-07-31,HA-14920,1309,3,10.92,4.095,0.2,2015,7,False
CA-2017-118136,2017-09-16,2017-09-17,BB-10990,142,2,8.82,4.0572,0.0,2017,9,False
CA-2017-118136,2017-09-16,2017-09-17,BB-10990,1138,1,5.98,1.5548,0.0,2017,9,False
CA-2017-132976,2017-10-13,2017-10-17,AG-10495,1294,2,11.648,4.0768,0.2,2017,10,False
CA-2017-132976,2017-10-13,2017-10-17,AG-10495,111,4,18.176,5.9072,0.2,2017,10,False
CA-2017-132976,2017-10-13,2017-10-17,AG-10495,588,6,59.712,5.9712,0.2,2017,10,False
CA-2017-132976,2017-10-13,2017-10-17,AG-10495,196,3,24.84,8.694,0.2,2017,10,False
US-2015-161991,2015-09-26,2015-09-28,SC-20725,1357,5,2.08,-3.432,0.8,2015,9,False
US-2015-161991,2015-09-26,2015-09-28,SC-20725,347,7,1114.4,376.11,0.2,2015,9,True
CA-2015-130890,2015-11-02,2015-11-06,JO-15280,322,5,1038.84,51.942,0.2,2015,11,True
CA-2015-130883,2015-09-26,2015-10-02,TB-21520,537,5,141.76,47.844,0.2,2015,9,False
CA-2015-130883,2015-09-26,2015-10-02,TB-21520,1086,5,239.8,47.96,0.2,2015,9,False
CA-2015-130883,2015-09-26,2015-10-02,TB-21520,1812,6,31.104,10.8864,0.2,2015,9,False
CA-2016-112697,2016-12-18,2016-12-20,AH-10195,716,7,254.058,-169.372,0.7,2016,12,False
CA-2016-112697,2016-12-18,2016-12-20,AH-10195,54,2,194.528,24.316,0.2,2016,12,False
CA-2016-112697,2016-12-18,2016-12-20,AH-10195,1299,5,961.48,-204.3145,0.2,2016,12,True
CA-2016-110772,2016-11-20,2016-11-24,NZ-18565,126,7,19.096,6.6836,0.2,2016,11,False
CA-2016-110772,2016-11-20,2016-11-24,NZ-18565,222,8,18.496,6.2424,0.2,2016,11,False
CA-2016-110772,2016-11-20,2016-11-24,NZ-18565,1014,2,255.984,54.3966,0.2,2016,11,False
CA-2016-110772,2016-11-20,2016-11-24,NZ-18565,390,3,86.97,-48.7032,0.5,2016,11,False
CA-2014-111451,2014-12-26,2014-12-28,KL-16555,878,8,300.416,78.8592,0.2,2014,12,False
CA-2014-111451,2014-12-26,2014-12-28,KL-16555,745,3,230.352,20.1558,0.2,2014,12,False
CA-2014-111451,2014-12-26,2014-12-28,KL-16555,559,3,218.352,-24.5646,0.2,2014,12,False
CA-2014-111451,2014-12-26,2014-12-28,KL-16555,898,5,78.6,-62.88,0.7,2014,12,False
CA-2014-111451,2014-12-26,2014-12-28,KL-16555,1601,3,27.552,9.2988,0.2,2014,12,False
CA-2016-142545,2016-10-28,2016-11-03,JD-15895,1820,5,32.4,15.552,0.0,2016,10,False
CA-2016-142545,2016-10-28,2016-11-03,JD-15895,1558,8,1082.48,10.8248,0.0,2016,10,True
CA-2016-142545,2016-10-28,2016-11-03,JD-15895,1726,3,56.91,27.3168,0.0,2016,10,False
CA-2016-142545,2016-10-28,2016-11-03,JD-15895,674,4,77.6,38.024,0.0,2016,10,False
CA-2016-142545,2016-10-28,2016-11-03,JD-15895,263,1,14.28,6.5688,0.0,2016,10,False
US-2017-152380,2017-11-19,2017-11-23,JH-15910,281,3,219.075,-131.445,0.5,2017,11,False
CA-2015-144253,2015-05-04,2015-05-09,AS-10225,592,2,26.8,12.864,0.0,2015,5,False
CA-2014-130960,2014-12-30,2015-01-04,KB-16600,1160,3,9.84,2.8536,0.0,2014,12,False
CA-2014-111003,2014-06-01,2014-06-06,CR-12625,679,3,45.48,20.9208,0.0,2014,6,False
CA-2014-111003,2014-06-01,2014-06-06,CR-12625,359,6,289.2,83.868,0.0,2014,6,False
CA-2017-126774,2017-04-15,2017-04-17,SH-20395,627,1,4.89,2.0049,0.0,2017,4,False
CA-2016-142902,2016-09-12,2016-09-14,BP-11185,391,4,15.136,3.5948,0.2,2016,9,False
CA-2016-142902,2016-09-12,2016-09-14,BP-11185,831,2,466.768,52.5114,0.2,2016,9,False
CA-2016-142902,2016-09-12,2016-09-14,BP-11185,565,1,15.232,1.7136,0.2,2016,9,False
CA-2016-142902,2016-09-12,2016-09-14,BP-11185,218,3,6.264,2.0358,0.2,2016,9,False
CA-2014-120887,2014-09-27,2014-10-03,TS-21205,516,3,87.54,37.6422,0.0,2014,9,False
CA-2014-167850,2014-08-09,2014-08-16,AG-10525,36,2,178.384,22.298,0.2,2014,8,False
CA-2014-167850,2014-08-09,2014-08-16,AG-10525,1805,3,15.552,5.4432,0.2,2014,8,False
CA-2014-164259,2014-12-28,2014-12-30,SP-20860,363,4,99.136,8.6744,0.2,2014,12,False
CA-2014-164973,2014-11-04,2014-11-09,NM-18445,497,1,135.882,24.1568,0.1,2014,11,False
CA-2014-164973,2014-11-04,2014-11-09,NM-18445,405,2,3991.98,1995.99,0.0,2014,11,True
CA-2014-164973,2014-11-04,2014-11-09,NM-18445,1244,6,275.94,80.0226,0.0,2014,11,False
CA-2014-164973,2014-11-04,2014-11-09,NM-18445,1107,4,360.0,129.6,0.0,2014,11,False
CA-2014-164973,2014-11-04,2014-11-09,NM-18445,1572,1,43.57,13.071,0.0,2014,11,False
CA-2014-156601,2014-09-19,2014-09-24,FA-14230,1194,2,7.16,3.58,0.0,2014,9,False
CA-2016-162138,2016-04-23,2016-04-27,GK-14620,898,6,251.52,81.744,0.2,2016,4,False
CA-2016-162138,2016-04-23,2016-04-27,GK-14620,1016,1,99.99,34.9965,0.0,2016,4,False
CA-2017-153339,2017-11-03,2017-11-05,DJ-13510,1531,1,15.992,0.9995,0.2,2017,11,False
US-2016-141544,2016-08-30,2016-09-01,PO-18850,47,3,290.898,-67.8762,0.4,2016,8,False
US-2016-141544,2016-08-30,2016-09-01,PO-18850,665,2,54.224,3.389,0.2,2016,8,False
US-2016-141544,2016-08-30,2016-09-01,PO-18850,825,4,786.744,-258.5016,0.3,2016,8,True
US-2016-141544,2016-08-30,2016-09-01,PO-18850,1358,10,100.24,33.831,0.2,2016,8,False
US-2016-141544,2016-08-30,2016-09-01,PO-18850,699,6,37.764,-27.6936,0.7,2016,8,False
US-2016-150147,2016-04-25,2016-04-29,JL-15850,40,2,82.8,-20.7,0.4,2016,4,False
US-2016-150147,2016-04-25,2016-04-29,JL-15850,902,2,20.724,-13.816,0.7,2016,4,False
US-2016-150147,2016-04-25,2016-04-29,JL-15850,1627,3,4.896,-3.4272,0.7,2016,4,False
CA-2015-137946,2015-09-01,2015-09-04,DB-13615,1511,1,4.752,1.6038,0.2,2015,9,False
CA-2015-137946,2015-09-01,2015-09-04,DB-13615,805,2,959.984,335.9944,0.2,2015,9,True
CA-2015-137946,2015-09-01,2015-09-04,DB-13615,259,4,14.368,4.49,0.2,2015,9,False
CA-2014-129924,2014-07-12,2014-07-17,AC-10420,1578,2,7.712,2.7956,0.2,2014,7,False
CA-2014-129924,2014-07-12,2014-07-17,AC-10420,834,3,698.352,-17.4588,0.2,2014,7,True
CA-2015-128167,2015-06-22,2015-06-26,KL-16645,1195,4,4.96,2.3312,0.0,2015,6,False
CA-2014-122336,2014-04-13,2014-04-17,JD-15895,1120,4,17.856,1.116,0.2,2014,4,False
CA-2014-122336,2014-04-13,2014-04-17,JD-15895,648,10,509.97,-407.976,0.7,2014,4,True
CA-2014-122336,2014-04-13,2014-04-17,JD-15895,1499,13,30.992,10.0724,0.2,2014,4,False
CA-2014-122336,2014-04-13,2014-04-17,JD-15895,1484,12,71.928,8.3916,0.4,2014,4,False
US-2015-120712,2015-12-20,2015-12-24,CS-12130,660,4,88.8,-2.22,0.2,2015,12,False
CA-2017-169901,2017-06-15,2017-06-19,CC-12550,149,3,47.976,4.7976,0.2,2017,6,False
CA-2017-134306,2017-07-08,2017-07-12,TD-20995,334,3,7.56,3.0996,0.0,2017,7,False
CA-2017-134306,2017-07-08,2017-07-12,TD-20995,537,2,24.56,11.5432,0.0,2017,7,False
CA-2017-134306,2017-07-08,2017-07-12,TD-20995,277,2,12.96,4.1472,0.0,2017,7,False
CA-2016-129714,2016-09-01,2016-09-03,AB-10060,1375,1,6.79,2.3086,0.0,2016,9,False
CA-2016-129714,2016-09-01,2016-09-03,AB-10060,1663,2,24.56,11.5432,0.0,2016,9,False
CA-2016-129714,2016-09-01,2016-09-03,AB-10060,64,1,3.048,1.0668,0.2,2016,9,False
CA-2016-129714,2016-09-01,2016-09-03,AB-10060,1663,4,49.12,23.0864,0.0,2016,9,False
CA-2016-129714,2016-09-01,2016-09-03,AB-10060,683,4,4355.168,1415.4296,0.2,2016,9,True
CA-2016-138520,2016-04-08,2016-04-13,JL-15505,1420,6,388.704,-4.8588,0.2,2016,4,False
CA-2016-138520,2016-04-08,2016-04-13,JL-15505,1,2,8.26,3.7996,0.0,2016,4,False
CA-2016-138520,2016-04-08,2016-04-13,JL-15505,527,4,17.04,6.9864,0.0,2016,4,False
CA-2016-138520,2016-04-08,2016-04-13,JL-15505,105,5,34.4,15.824,0.0,2016,4,False
CA-2016-130001,2016-04-23,2016-04-28,HK-14890,1471,5,36.24,11.325,0.2,2016,4,False
CA-2017-155698,2017-03-08,2017-03-11,VB-21745,300,8,647.84,168.4384,0.0,2017,3,True
CA-2017-155698,2017-03-08,2017-03-11,VB-21745,232,2,20.7,9.936,0.0,2017,3,False
CA-2017-144904,2017-09-25,2017-10-01,KW-16435,232,2,20.7,9.936,0.0,2017,9,False
CA-2017-144904,2017-09-25,2017-10-01,KW-16435,750,3,488.646,86.8704,0.1,2017,9,False
CA-2017-144904,2017-09-25,2017-10-01,KW-16435,1141,2,5.56,1.4456,0.0,2017,9,False
CA-2017-144904,2017-09-25,2017-10-01,KW-16435,591,8,47.12,20.7328,0.0,2017,9,False
CA-2014-123344,2014-09-24,2014-09-29,JD-16060,776,4,211.96,8.4784,0.0,2014,9,False
CA-2016-155516,2016-10-21,2016-10-21,MK-17905,1644,4,23.2,10.44,0.0,2016,10,False
CA-2016-155516,2016-10-21,2016-10-21,MK-17905,1496,2,7.36,0.1472,0.0,2016,10,False
CA-2016-155516,2016-10-21,2016-10-21,MK-17905,1264,7,104.79,29.3412,0.0,2016,10,False
CA-2016-155516,2016-10-21,2016-10-21,MK-17905,167,4,1043.92,271.4192,0.0,2016,10,True
CA-2017-104745,2017-05-29,2017-06-04,GT-14755,1717,5,25.92,9.396,0.2,2017,5,False
CA-2017-104745,2017-05-29,2017-06-04,GT-14755,664,3,53.424,4.6746,0.2,2017,5,False
US-2014-119137,2014-07-23,2014-07-27,AG-10900,1627,5,8.16,-5.712,0.7,2014,7,False
US-2014-119137,2014-07-23,2014-07-27,AG-10900,1106,8,1023.936,179.1888,0.2,2014,7,True
US-2014-119137,2014-07-23,2014-07-27,AG-10900,1131,1,9.24,0.924,0.2,2014,7,False
US-2014-119137,2014-07-23,2014-07-27,AG-10900,1088,10,479.04,-29.94,0.2,2014,7,False
US-2016-134656,2016-09-28,2016-10-01,MM-18280,1750,4,99.136,30.98,0.2,2016,9,False
US-2017-134481,2017-08-27,2017-09-01,AR-10405,1200,7,1488.424,-297.6848,0.3,2017,8,True
CA-2015-130792,2015-04-28,2015-05-05,RA-19915,819,3,8.652,-20.3322,0.8,2015,4,False
CA-2015-130792,2015-04-28,2015-05-05,RA-19915,130,3,23.832,2.6811,0.2,2015,4,False
CA-2015-130792,2015-04-28,2015-05-05,RA-19915,714,4,12.176,-18.8728,0.8,2015,4,False
CA-2016-134775,2016-10-28,2016-10-29,AS-10285,1474,7,50.96,25.48,0.0,2016,10,False
CA-2016-134775,2016-10-28,2016-10-29,AS-10285,1485,3,49.536,17.3376,0.2,2016,10,False
CA-2015-125395,2015-06-26,2015-06-29,LA-16780,1460,2,41.9,8.799,0.0,2015,6,False
US-2015-168935,2015-11-27,2015-12-02,DO-13435,853,3,375.4575,-157.0095,0.45,2015,11,False
US-2015-168935,2015-11-27,2015-12-02,DO-13435,1010,3,83.976,-1.0497,0.2,2015,11,False
CA-2015-122756,2015-12-03,2015-12-07,DK-13225,986,4,482.34,-337.638,0.7,2015,12,False
CA-2015-122756,2015-12-03,2015-12-07,DK-13225,21,1,2.96,0.777,0.2,2015,12,False
CA-2014-115973,2014-11-24,2014-11-26,NG-18430,474,1,2.624,0.4264,0.2,2014,11,False
CA-2017-101798,2017-12-11,2017-12-15,MV-18190,146,4,23.36,7.884,0.2,2017,12,False
CA-2017-101798,2017-12-11,2017-12-15,MV-18190,1023,2,39.98,13.5932,0.0,2017,12,False
US-2014-135972,2014-09-21,2014-09-23,JG-15115,1168,2,246.384,27.7182,0.2,2014,9,False
US-2014-135972,2014-09-21,2014-09-23,JG-15115,401,3,1799.97,701.9883,0.0,2014,9,True
US-2014-134971,2014-06-07,2014-06-10,BP-11095,1625,3,12.462,-20.5623,0.8,2014,6,False
CA-2017-102946,2017-06-30,2017-07-05,VP-21730,1577,3,75.792,25.5798,0.2,2017,6,False
CA-2017-165603,2017-10-17,2017-10-19,SS-20140,13,2,49.96,9.4924,0.0,2017,10,False
CA-2017-165603,2017-10-17,2017-10-19,SS-20140,1747,2,12.96,6.2208,0.0,2017,10,False
CA-2015-122259,2015-10-31,2015-11-04,HP-14815,84,4,70.12,21.036,0.0,2015,10,False
CA-2016-108987,2016-09-08,2016-09-10,AG-10675,1520,3,35.952,3.5952,0.2,2016,9,False
CA-2016-108987,2016-09-08,2016-09-10,AG-10675,1351,4,2396.2656,-317.1528,0.32,2016,9,True
CA-2016-108987,2016-09-08,2016-09-10,AG-10675,469,4,131.136,-32.784,0.2,2016,9,False
CA-2016-108987,2016-09-08,2016-09-10,AG-10675,1461,2,57.584,0.7198,0.2,2016,9,False
CA-2014-113166,2014-12-24,2014-12-26,LF-17185,1764,2,9.568,3.4684,0.2,2014,12,False
CA-2014-155208,2014-04-16,2014-04-20,SP-20650,250,6,39.072,9.768,0.2,2014,4,False
CA-2017-117933,2017-12-24,2017-12-29,RF-19840,1494,3,35.91,9.6957,0.0,2017,12,False
CA-2017-117457,2017-12-08,2017-12-12,KH-16510,1461,5,179.95,37.7895,0.0,2017,12,False
CA-2017-117457,2017-12-08,2017-12-12,KH-16510,1446,3,1199.976,434.9913,0.2,2017,12,True
CA-2017-117457,2017-12-08,2017-12-12,KH-16510,1647,5,27.15,13.3035,0.0,2017,12,False
CA-2017-117457,2017-12-08,2017-12-12,KH-16510,325,7,1004.024,-112.9527,0.2,2017,12,True
CA-2017-117457,2017-12-08,2017-12-12,KH-16510,1655,1,9.68,4.6464,0.0,2017,12,False
CA-2017-117457,2017-12-08,2017-12-12,KH-16510,1435,9,28.35,13.608,0.0,2017,12,False
CA-2017-117457,2017-12-08,2017-12-12,KH-16510,1692,1,55.98,27.4302,0.0,2017,12,False
CA-2017-117457,2017-12-08,2017-12-12,KH-16510,1183,13,1336.829,31.4548,0.15,2017,12,True
CA-2017-117457,2017-12-08,2017-12-12,KH-16510,1172,2,113.568,-18.4548,0.2,2017,12,False
CA-2017-142636,2017-11-03,2017-11-07,KC-16675,1694,7,139.86,65.7342,0.0,2017,11,False
CA-2017-142636,2017-11-03,2017-11-07,KC-16675,745,4,307.136,26.8744,0.2,2017,11,False
CA-2017-122105,2017-06-24,2017-06-28,CJ-12010,375,8,95.92,25.8984,0.0,2017,6,False
CA-2016-148796,2016-04-14,2016-04-18,PB-19150,326,5,383.8,38.38,0.2,2016,4,False
CA-2017-154816,2017-11-06,2017-11-10,VB-21745,1778,1,5.78,2.8322,0.0,2017,11,False
CA-2017-110478,2017-03-04,2017-03-09,SP-20860,138,4,9.32,2.7028,0.0,2017,3,False
CA-2017-110478,2017-03-04,2017-03-09,SP-20860,1618,1,15.25,7.015,0.0,2017,3,False
CA-2014-142048,2014-06-22,2014-06-25,JE-15745,956,6,196.752,56.5662,0.2,2014,6,False
CA-2017-125388,2017-10-19,2017-10-23,MP-17965,1612,4,56.56,14.7056,0.0,2017,10,False
CA-2017-125388,2017-10-19,2017-10-23,MP-17965,472,3,32.7,8.502,0.0,2017,10,False
CA-2017-155705,2017-08-21,2017-08-23,NF-18385,848,4,866.4,225.264,0.0,2017,8,True
CA-2017-149160,2017-11-23,2017-11-26,JM-15265,457,2,28.4,11.076,0.0,2017,11,False
CA-2017-149160,2017-11-23,2017-11-26,JM-15265,717,8,287.92,138.2016,0.0,2017,11,False
CA-2014-101476,2014-09-12,2014-09-13,SD-20485,604,1,69.99,30.0957,0.0,2014,9,False
CA-2017-152275,2017-10-01,2017-10-08,KH-16630,521,6,6.672,0.5004,0.2,2017,10,False
US-2016-123750,2016-04-15,2016-04-21,RB-19795,702,2,189.588,-145.3508,0.7,2016,4,False
US-2016-123750,2016-04-15,2016-04-21,RB-19795,917,7,408.744,76.6395,0.2,2016,4,False
US-2016-123750,2016-04-15,2016-04-21,RB-19795,917,5,291.96,54.7425,0.2,2016,4,False
US-2016-123750,2016-04-15,2016-04-21,RB-19795,1658,2,4.768,-0.7748,0.2,2016,4,False
CA-2016-127369,2016-06-06,2016-06-07,DB-13060,979,5,714.3,207.147,0.0,2016,6,True
US-2014-150574,2014-12-19,2014-12-25,MK-18160,925,2,4.812,-3.6892,0.7,2014,12,False
US-2014-150574,2014-12-19,2014-12-25,MK-18160,311,5,247.8,-18.585,0.2,2014,12,False
CA-2016-147375,2016-06-12,2016-06-14,PO-19180,396,3,1007.979,43.1991,0.3,2016,6,True
CA-2016-147375,2016-06-12,2016-06-14,PO-19180,1692,7,313.488,113.6394,0.2,2016,6,False
CA-2017-130043,2017-09-15,2017-09-19,BB-11545,1680,8,31.872,11.5536,0.2,2017,9,False
CA-2017-157252,2017-01-20,2017-01-23,CV-12805,747,3,207.846,2.3094,0.1,2017,1,False
CA-2016-115756,2016-09-05,2016-09-07,PK-19075,135,1,12.22,3.666,0.0,2016,9,False
CA-2016-115756,2016-09-05,2016-09-07,PK-19075,634,3,194.94,23.3928,0.0,2016,9,False
CA-2016-115756,2016-09-05,2016-09-07,PK-19075,580,3,70.95,20.5755,0.0,2016,9,False
CA-2016-115756,2016-09-05,2016-09-07,PK-19075,1833,4,91.36,42.0256,0.0,2016,9,False
CA-2016-115756,2016-09-05,2016-09-07,PK-19075,1207,3,242.94,29.1528,0.0,2016,9,False
CA-2016-115756,2016-09-05,2016-09-07,PK-19075,231,7,22.05,10.584,0.0,2016,9,False
CA-2017-154214,2017-03-20,2017-03-25,TB-21595,729,1,2.91,1.3677,0.0,2017,3,False
CA-2016-166674,2016-04-01,2016-04-03,RB-19360,1154,3,59.52,15.4752,0.0,2016,4,False
CA-2016-166674,2016-04-01,2016-04-03,RB-19360,633,3,161.94,9.7164,0.0,2016,4,False
CA-2016-166674,2016-04-01,2016-04-03,RB-19360,348,6,263.88,71.2476,0.0,2016,4,False
CA-2016-166674,2016-04-01,2016-04-03,RB-19360,29,3,30.48,7.9248,0.0,2016,4,False
CA-2016-166674,2016-04-01,2016-04-03,RB-19360,1151,3,9.84,2.8536,0.0,2016,4,False
CA-2016-166674,2016-04-01,2016-04-03,RB-19360,308,4,35.12,9.1312,0.0,2016,4,False
CA-2017-147277,2017-10-20,2017-10-24,EB-13705,427,2,284.364,-75.8304,0.4,2017,10,False
CA-2017-147277,2017-10-20,2017-10-24,EB-13705,520,2,665.408,66.5408,0.2,2017,10,True
CA-2016-100153,2016-12-13,2016-12-17,KH-16630,1074,4,63.88,24.9132,0.0,2016,12,False
US-2014-110674,2014-02-12,2014-02-18,SC-20095,753,2,129.568,-24.294,0.2,2014,2,False
US-2016-157945,2016-09-26,2016-10-01,NF-18385,833,3,747.558,-96.1146,0.3,2016,9,True
US-2016-157945,2016-09-26,2016-10-01,NF-18385,1493,2,8.928,3.348,0.2,2016,9,False
CA-2015-109638,2015-12-15,2015-12-22,JH-15985,22,4,103.92,36.372,0.0,2015,12,False
CA-2015-109638,2015-12-15,2015-12-22,JH-15985,1005,9,899.91,377.9622,0.0,2015,12,True
CA-2015-109638,2015-12-15,2015-12-22,JH-15985,57,3,51.312,18.6006,0.2,2015,12,False
CA-2016-109869,2016-04-22,2016-04-29,TN-21040,591,5,23.56,7.068,0.2,2016,4,False
CA-2016-109869,2016-04-22,2016-04-29,TN-21040,376,6,1272.63,-814.4832,0.5,2016,4,True
CA-2016-109869,2016-04-22,2016-04-29,TN-21040,1283,5,28.485,-20.889,0.7,2016,4,False
CA-2016-109869,2016-04-22,2016-04-29,TN-21040,1300,2,185.376,-34.758,0.2,2016,4,False
CA-2016-109869,2016-04-22,2016-04-29,TN-21040,653,2,78.272,5.8704,0.2,2016,4,False
US-2015-101399,2015-01-17,2015-01-24,JS-15940,559,7,254.744,-312.0614,0.6,2015,1,False
CA-2017-154907,2017-03-31,2017-04-04,DS-13180,384,2,205.3328,-36.2352,0.32,2017,3,False
US-2016-100419,2016-12-16,2016-12-20,CC-12670,409,3,4.788,-7.9002,0.8,2016,12,False
CA-2015-154144,2015-12-20,2015-12-24,MH-17785,538,1,55.48,26.6304,0.0,2015,12,False
CA-2014-144666,2014-11-09,2014-11-11,JP-15520,1364,3,340.92,3.4092,0.0,2014,11,False
CA-2014-144666,2014-11-09,2014-11-11,JP-15520,1430,2,222.666,10.4784,0.15,2014,11,False
CA-2014-144666,2014-11-09,2014-11-11,JP-15520,1390,4,703.968,87.996,0.2,2014,11,True
CA-2014-144666,2014-11-09,2014-11-11,JP-15520,508,6,92.52,24.9804,0.0,2014,11,False
CA-2014-144666,2014-11-09,2014-11-11,JP-15520,1331,7,62.65,28.819,0.0,2014,11,False
CA-2014-144666,2014-11-09,2014-11-11,JP-15520,1697,5,94.85,45.528,0.0,2014,11,False
CA-2016-103891,2016-07-12,2016-07-19,KH-16690,442,6,95.76,7.182,0.2,2016,7,False
CA-2016-152632,2016-10-27,2016-11-02,JE-15475,592,3,40.2,19.296,0.0,2016,10,False
CA-2016-100790,2016-06-26,2016-07-02,JG-15805,1296,5,14.7,6.615,0.0,2016,6,False
CA-2016-100790,2016-06-26,2016-07-02,JG-15805,659,5,704.25,84.51,0.0,2016,6,True
CA-2014-134677,2014-10-06,2014-10-10,XP-21865,920,3,9.09,1.9089,0.0,2014,10,False
CA-2014-127691,2014-07-22,2014-07-27,EM-14065,1304,2,5.96,1.6688,0.0,2014,7,False
CA-2014-127691,2014-07-22,2014-07-27,EM-14065,1004,2,159.98,57.5928,0.0,2014,7,False
CA-2017-140963,2017-06-10,2017-06-13,MT-18070,134,2,29.6,14.8,0.0,2017,6,False
CA-2017-140963,2017-06-10,2017-06-13,MT-18070,1188,5,514.165,-30.245,0.15,2017,6,True
CA-2017-140963,2017-06-10,2017-06-13,MT-18070,1844,5,279.96,17.4975,0.2,2017,6,False
CA-2014-154627,2014-10-29,2014-10-31,SA-20830,157,6,2735.952,341.994,0.2,2014,10,True
CA-2014-133753,2014-06-09,2014-06-13,CW-11905,1483,1,7.992,0.5994,0.2,2014,6,False
CA-2014-133753,2014-06-09,2014-06-13,CW-11905,1009,2,63.984,10.3974,0.2,2014,6,False
CA-2014-133753,2014-06-09,2014-06-13,CW-11905,348,2,70.368,6.1572,0.2,2014,6,False
CA-2014-113362,2014-09-14,2014-09-19,AJ-10960,647,5,449.15,8.983,0.0,2014,9,False
CA-2014-113362,2014-09-14,2014-09-19,AJ-10960,455,3,11.07,5.0922,0.0,2014,9,False
CA-2016-169166,2016-05-09,2016-05-14,SS-20590,1465,2,93.98,13.1572,0.0,2016,5,False
US-2016-120929,2016-03-18,2016-03-21,RO-19780,284,3,189.882,-94.941,0.4,2016,3,False
CA-2015-134782,2015-12-27,2015-12-31,MD-17350,1514,2,105.42,51.6558,0.0,2015,12,False
CA-2016-126158,2016-07-25,2016-07-31,SC-20095,448,8,119.616,40.3704,0.2,2016,7,False
CA-2016-126158,2016-07-25,2016-07-31,SC-20095,882,4,255.76,81.8432,0.0,2016,7,False
CA-2016-126158,2016-07-25,2016-07-31,SC-20095,497,2,241.568,18.1176,0.2,2016,7,False
CA-2016-126158,2016-07-25,2016-07-31,SC-20095,509,9,69.3,22.869,0.0,2016,7,False
US-2016-105578,2016-05-30,2016-06-04,MY-17380,1602,2,22.62,-15.08,0.7,2016,5,False
US-2016-105578,2016-05-30,2016-06-04,MY-17380,711,2,14.952,-11.9616,0.7,2016,5,False
US-2016-105578,2016-05-30,2016-06-04,MY-17380,769,2,801.568,50.098,0.2,2016,5,True
US-2016-105578,2016-05-30,2016-06-04,MY-17380,1513,3,2.376,-1.9008,0.7,2016,5,False
US-2016-105578,2016-05-30,2016-06-04,MY-17380,1617,1,32.792,11.8871,0.2,2016,5,False
CA-2017-134978,2017-11-12,2017-11-15,EB-13705,241,5,15.92,5.373,0.2,2017,11,False
CA-2015-145352,2015-03-16,2015-03-22,CM-12385,1353,1,2.74,0.7398,0.0,2015,3,False
CA-2015-145352,2015-03-16,2015-03-22,CM-12385,1153,3,8.34,2.1684,0.0,2015,3,False
CA-2015-145352,2015-03-16,2015-03-22,CM-12385,1260,3,46.74,11.685,0.0,2015,3,False
CA-2015-145352,2015-03-16,2015-03-22,CM-12385,650,5,6354.95,3177.475,0.0,2015,3,True
CA-2017-135307,2017-11-26,2017-11-27,LS-17245,626,3,126.3,40.416,0.0,2017,11,False
CA-2017-135307,2017-11-26,2017-11-27,LS-17245,1399,2,38.04,12.1728,0.0,2017,11,False
CA-2016-106341,2016-10-20,2016-10-23,LF-17185,1304,3,7.152,0.7152,0.2,2016,10,False
CA-2017-163405,2017-12-21,2017-12-25,BN-11515,1134,3,6.63,1.7901,0.0,2017,12,False
CA-2017-163405,2017-12-21,2017-12-25,BN-11515,1123,2,5.88,1.7052,0.0,2017,12,False
CA-2017-127432,2017-01-22,2017-01-27,AD-10180,397,5,2999.95,1379.977,0.0,2017,1,True
CA-2017-127432,2017-01-22,2017-01-27,AD-10180,125,3,51.45,13.8915,0.0,2017,1,False
CA-2017-127432,2017-01-22,2017-01-27,AD-10180,779,2,11.96,5.382,0.0,2017,1,False
CA-2017-127432,2017-01-22,2017-01-27,AD-10180,1556,3,1126.02,56.301,0.0,2017,1,True
CA-2015-157812,2015-03-22,2015-03-26,DB-13210,1598,1,18.392,5.2877,0.2,2015,3,False
CA-2015-157812,2015-03-22,2015-03-26,DB-13210,417,2,129.568,-25.9136,0.2,2015,3,False
CA-2015-157812,2015-03-22,2015-03-26,DB-13210,1837,9,14.112,-21.168,0.8,2015,3,False
CA-2017-145142,2017-01-23,2017-01-25,MC-17605,284,2,210.98,21.098,0.0,2017,1,False
US-2016-139486,2016-05-21,2016-05-23,LH-17155,1099,3,55.176,-12.4146,0.2,2016,5,False
US-2016-139486,2016-05-21,2016-05-23,LH-17155,911,2,66.26,27.1666,0.0,2016,5,False
CA-2015-158792,2015-12-26,2016-01-02,BD-11605,1499,5,22.2,10.434,0.0,2015,12,False
CA-2017-113558,2017-10-21,2017-10-26,PH-18790,741,3,683.952,42.747,0.2,2017,10,True
CA-2017-113558,2017-10-21,2017-10-26,PH-18790,565,3,45.696,5.1408,0.2,2017,10,False
US-2015-138303,2015-09-03,2015-09-07,MG-18145,574,3,36.336,-7.2672,0.2,2015,9,False
US-2015-138303,2015-09-03,2015-09-07,MG-18145,1043,1,666.248,-149.9058,0.2,2015,9,True
US-2015-138303,2015-09-03,2015-09-07,MG-18145,1615,6,52.512,19.692,0.2,2015,9,False
CA-2015-102848,2015-11-07,2015-11-09,KB-16240,1378,1,190.72,11.92,0.2,2015,11,False
US-2017-129441,2017-09-07,2017-09-11,JC-15340,1538,3,47.94,2.397,0.0,2017,9,False
CA-2016-168753,2016-05-29,2016-06-01,RL-19615,1242,5,979.95,274.386,0.0,2016,5,True
CA-2016-168753,2016-05-29,2016-06-01,RL-19615,1309,5,22.75,11.375,0.0,2016,5,False
CA-2016-126613,2016-07-10,2016-07-16,AA-10375,1505,2,16.768,1.4672,0.2,2016,7,False
US-2017-122637,2017-09-03,2017-09-08,EP-13915,1301,7,42.616,-68.1856,0.8,2017,9,False
CA-2015-147851,2015-12-03,2015-12-08,MP-17470,412,4,10.752,3.36,0.2,2015,12,False
CA-2015-134894,2015-12-07,2015-12-11,DK-12985,610,3,152.94,41.2938,0.0,2015,12,False
CA-2015-134894,2015-12-07,2015-12-11,DK-12985,1450,4,283.92,70.98,0.0,2015,12,False
CA-2014-140795,2014-02-01,2014-02-03,BD-11500,600,6,468.9,206.316,0.0,2014,2,False
CA-2016-136924,2016-07-14,2016-07-17,ES-14080,968,8,380.864,38.0864,0.2,2016,7,False
US-2015-120161,2015-12-18,2015-12-23,LM-17065,647,9,646.776,-145.5246,0.2,2015,12,True
CA-2014-103849,2014-05-11,2014-05-16,PG-18895,1401,2,58.112,7.264,0.2,2014,5,False
CA-2014-103849,2014-05-11,2014-05-16,PG-18895,1660,1,100.792,6.2995,0.2,2014,5,False
CA-2014-103849,2014-05-11,2014-05-16,PG-18895,513,4,66.112,-84.2928,0.6,2014,5,False
CA-2017-162929,2017-11-19,2017-11-22,AS-10135,264,6,41.28,13.932,0.2,2017,11,False
CA-2017-162929,2017-11-19,2017-11-22,AS-10135,1681,2,13.36,6.4128,0.0,2017,11,False
CA-2015-113173,2015-11-15,2015-11-17,DK-13225,824,9,250.272,15.642,0.2,2015,11,False
CA-2015-113173,2015-11-15,2015-11-17,DK-13225,673,3,11.364,-17.046,0.8,2015,11,False
CA-2015-113173,2015-11-15,2015-11-17,DK-13225,1496,5,8.72,-1.744,0.2,2015,11,False
CA-2016-136406,2016-04-15,2016-04-17,BD-11320,786,2,1121.568,0.0,0.2,2016,4,True
CA-2017-112774,2017-09-11,2017-09-12,RC-19960,874,1,34.504,6.0382,0.2,2017,9,False
CA-2017-101945,2017-11-24,2017-11-28,GT-14710,127,3,10.824,2.5707,0.2,2017,11,False
CA-2017-100650,2017-06-29,2017-07-03,DK-13225,1548,2,1295.78,310.9872,0.0,2017,6,True
CA-2014-155852,2014-03-03,2014-03-07,AJ-10945,1841,4,19.456,3.4048,0.2,2014,3,False
CA-2016-113243,2016-06-10,2016-06-15,OT-18730,179,2,20.7,9.936,0.0,2016,6,False
CA-2016-113243,2016-06-10,2016-06-15,OT-18730,369,4,1335.68,-217.048,0.2,2016,6,True
CA-2016-113243,2016-06-10,2016-06-15,OT-18730,1823,5,32.4,15.552,0.0,2016,6,False
CA-2017-118731,2017-11-20,2017-11-22,LP-17080,457,3,42.6,16.614,0.0,2017,11,False
CA-2017-118731,2017-11-20,2017-11-22,LP-17080,700,7,84.056,27.3182,0.2,2017,11,False
CA-2014-145576,2014-09-14,2014-09-18,CA-12775,1415,5,13.0,1.3,0.2,2014,9,False
CA-2014-145576,2014-09-14,2014-09-18,CA-12775,119,3,13.128,3.7743,0.2,2014,9,False
CA-2015-130736,2015-12-07,2015-12-09,JF-15490,131,2,3.96,0.0,0.0,2015,12,False
CA-2015-130736,2015-12-07,2015-12-09,JF-15490,218,1,2.61,1.2006,0.0,2015,12,False
CA-2017-137099,2017-12-07,2017-12-10,FP-14320,439,3,374.376,46.797,0.2,2017,12,False
CA-2017-156951,2017-10-01,2017-10-08,EB-13840,1259,8,91.84,45.0016,0.0,2017,10,False
CA-2017-156951,2017-10-01,2017-10-08,EB-13840,720,7,81.088,27.3672,0.2,2017,10,False
CA-2017-156951,2017-10-01,2017-10-08,EB-13840,1819,3,19.44,9.3312,0.0,2017,10,False
CA-2017-156951,2017-10-01,2017-10-08,EB-13840,842,3,451.152,0.0,0.2,2017,10,False
CA-2017-164826,2017-12-28,2018-01-04,JF-15415,179,7,72.45,34.776,0.0,2017,12,False
CA-2017-164826,2017-12-28,2018-01-04,JF-15415,1196,4,13.96,6.4216,0.0,2017,12,False
CA-2017-164826,2017-12-28,2018-01-04,JF-15415,1511,7,33.264,11.2266,0.2,2017,12,False
CA-2017-164826,2017-12-28,2018-01-04,JF-15415,477,3,14.85,4.0095,0.0,2017,12,False
CA-2016-127250,2016-11-03,2016-11-07,SF-20200,1140,3,8.82,2.3814,0.0,2016,11,False
CA-2015-149713,2015-09-18,2015-09-22,TG-21640,1259,14,160.72,78.7528,0.0,2015,9,False
CA-2015-149713,2015-09-18,2015-09-22,TG-21640,1342,4,19.92,9.7608,0.0,2015,9,False
CA-2015-149713,2015-09-18,2015-09-22,TG-21640,102,2,7.3,2.19,0.0,2015,9,False
CA-2017-118640,2017-07-20,2017-07-26,CS-11950,1572,2,69.712,8.714,0.2,2017,7,False
CA-2017-118640,2017-07-20,2017-07-26,CS-11950,470,1,8.792,-5.7148,0.6,2017,7,False
CA-2015-132906,2015-09-10,2015-09-14,CC-12145,1044,4,51.52,1.5456,0.0,2015,9,False
CA-2017-145233,2017-12-01,2017-12-05,DV-13465,725,3,470.376,52.9173,0.2,2017,12,False
CA-2017-145233,2017-12-01,2017-12-05,DV-13465,45,2,105.584,9.2386,0.2,2017,12,False
CA-2017-145233,2017-12-01,2017-12-05,DV-13465,637,3,31.152,3.5046,0.2,2017,12,False
CA-2017-145233,2017-12-01,2017-12-05,DV-13465,1337,7,6.783,-4.7481,0.7,2017,12,False
CA-2017-145233,2017-12-01,2017-12-05,DV-13465,932,4,406.368,30.4776,0.2,2017,12,False
CA-2015-128139,2015-07-03,2015-07-09,BD-11725,1172,1,70.98,4.9686,0.0,2015,7,False
CA-2015-128139,2015-07-03,2015-07-09,BD-11725,534,3,294.93,144.5157,0.0,2015,7,False
US-2016-156986,2016-03-20,2016-03-24,ZC-21910,1843,2,84.784,-20.1362,0.2,2016,3,False
US-2016-156986,2016-03-20,2016-03-24,ZC-21910,1822,4,20.736,7.2576,0.2,2016,3,False
US-2016-156986,2016-03-20,2016-03-24,ZC-21910,448,3,16.821,-12.8961,0.7,2016,3,False
US-2016-156986,2016-03-20,2016-03-24,ZC-21910,1677,2,10.368,3.6288,0.2,2016,3,False
CA-2014-135405,2014-01-09,2014-01-13,MS-17830,1118,2,9.344,1.168,0.2,2014,1,False
CA-2014-135405,2014-01-09,2014-01-13,MS-17830,1073,3,31.2,9.75,0.2,2014,1,False
CA-2014-131450,2014-08-08,2014-08-15,LR-16915,662,2,76.12,22.0748,0.0,2014,8,False
CA-2014-131450,2014-08-08,2014-08-15,LR-16915,1446,3,1199.976,434.9913,0.2,2014,8,True
CA-2014-131450,2014-08-08,2014-08-15,LR-16915,36,5,445.96,55.745,0.2,2014,8,False
CA-2014-131450,2014-08-08,2014-08-15,LR-16915,503,8,327.76,91.7728,0.0,2014,8,False
CA-2016-120180,2016-07-14,2016-07-16,TP-21130,99,2,11.632,1.0178,0.2,2016,7,False
US-2016-100720,2016-07-16,2016-07-21,CK-12205,1096,3,143.982,-28.7964,0.4,2016,7,False
US-2016-100720,2016-07-16,2016-07-21,CK-12205,723,4,494.376,-115.3544,0.4,2016,7,False
US-2016-100720,2016-07-16,2016-07-21,CK-12205,102,2,5.84,0.73,0.2,2016,7,False
CA-2014-149958,2014-03-15,2014-03-19,AS-10240,872,1,142.776,17.847,0.2,2014,3,False
CA-2014-149958,2014-03-15,2014-03-19,AS-10240,565,3,45.696,5.1408,0.2,2014,3,False
CA-2014-149958,2014-03-15,2014-03-19,AS-10240,925,3,7.218,-5.5338,0.7,2014,3,False
CA-2014-149958,2014-03-15,2014-03-19,AS-10240,717,4,43.188,-31.6712,0.7,2014,3,False
CA-2014-149958,2014-03-15,2014-03-19,AS-10240,1671,3,131.904,47.8152,0.2,2014,3,False
US-2014-105767,2014-05-23,2014-05-27,AR-10510,147,2,3.282,-2.6256,0.7,2014,5,False
US-2014-105767,2014-05-23,2014-05-27,AR-10510,1123,9,21.168,2.3814,0.2,2014,5,False
US-2014-105767,2014-05-23,2014-05-27,AR-10510,1101,2,55.188,-10.1178,0.4,2014,5,False
CA-2016-161816,2016-04-28,2016-05-01,NB-18655,1168,3,369.576,41.5773,0.2,2016,4,False
CA-2016-161816,2016-04-28,2016-05-01,NB-18655,201,4,15.712,5.6956,0.2,2016,4,False
CA-2016-121223,2016-09-11,2016-09-13,GD-14590,1762,2,8.448,2.64,0.2,2016,9,False
CA-2016-121223,2016-09-11,2016-09-13,GD-14590,430,9,728.946,-157.9383,0.4,2016,9,True
CA-2017-138611,2017-11-14,2017-11-17,CK-12595,1313,10,119.94,15.992,0.4,2017,11,False
CA-2017-138611,2017-11-14,2017-11-17,CK-12595,1310,2,3.648,-2.7968,0.7,2017,11,False
CA-2017-117947,2017-08-18,2017-08-23,NG-18355,487,2,40.48,15.7872,0.0,2017,8,False
CA-2017-117947,2017-08-18,2017-08-23,NG-18355,492,2,9.94,3.0814,0.0,2017,8,False
CA-2017-117947,2017-08-18,2017-08-23,NG-18355,1332,9,107.424,33.57,0.2,2017,8,False
CA-2017-117947,2017-08-18,2017-08-23,NG-18355,777,1,37.91,10.9939,0.0,2017,8,False
CA-2017-117947,2017-08-18,2017-08-23,NG-18355,1442,3,88.02,27.2862,0.0,2017,8,False
US-2014-111171,2014-12-26,2014-12-31,CA-12265,413,5,8.69,-14.773,0.8,2014,12,False
CA-2015-138009,2015-11-29,2015-12-03,SF-20965,763,2,301.96,87.5684,0.0,2015,11,False
CA-2015-138009,2015-11-29,2015-12-03,SF-20965,860,5,555.21,178.901,0.1,2015,11,True
CA-2015-138009,2015-11-29,2015-12-03,SF-20965,1091,4,523.48,130.87,0.0,2015,11,True
CA-2015-138009,2015-11-29,2015-12-03,SF-20965,279,9,161.82,46.9278,0.0,2015,11,False
CA-2017-163020,2017-09-15,2017-09-19,MO-17800,1046,7,35.56,12.0904,0.0,2017,9,False
CA-2017-153787,2017-05-19,2017-05-23,AT-10735,310,2,97.16,28.1764,0.0,2017,5,False
CA-2017-133431,2017-12-17,2017-12-21,LC-17140,75,5,15.24,5.1435,0.2,2017,12,False
CA-2017-133431,2017-12-17,2017-12-21,LC-17140,142,3,13.23,6.0858,0.0,2017,12,False
US-2016-135720,2016-12-11,2016-12-13,FM-14380,1555,3,243.384,-51.7191,0.2,2016,12,False
US-2016-135720,2016-12-11,2016-12-13,FM-14380,913,5,119.8,29.95,0.2,2016,12,False
US-2016-135720,2016-12-11,2016-12-13,FM-14380,933,4,300.768,30.0768,0.2,2016,12,False
CA-2017-144694,2017-09-24,2017-09-26,BD-11605,1596,3,17.88,2.4585,0.2,2017,9,False
CA-2017-144694,2017-09-24,2017-09-26,BD-11605,534,3,235.944,85.5297,0.2,2017,9,False
CA-2015-168004,2015-10-04,2015-10-09,DJ-13420,1208,3,392.94,43.2234,0.0,2015,10,False
US-2016-123470,2016-08-15,2016-08-21,ME-17725,1302,3,18.882,-13.8468,0.7,2016,8,False
US-2016-123470,2016-08-15,2016-08-21,ME-17725,1576,3,122.328,12.2328,0.2,2016,8,False
CA-2016-115917,2016-05-20,2016-05-25,RB-19465,1036,5,1049.2,272.792,0.0,2016,5,True
CA-2016-115917,2016-05-20,2016-05-25,RB-19465,1642,4,15.424,5.0128,0.2,2016,5,False
CA-2016-147067,2016-12-18,2016-12-22,JD-16150,546,3,18.84,6.0288,0.0,2016,12,False
CA-2017-167913,2017-07-30,2017-08-03,JL-15835,543,2,330.4,85.904,0.0,2017,7,False
CA-2017-167913,2017-07-30,2017-08-03,JL-15835,187,7,26.25,12.6,0.0,2017,7,False
CA-2017-106103,2017-06-10,2017-06-15,SC-20305,911,4,132.52,54.3332,0.0,2017,6,False
US-2017-127719,2017-07-21,2017-07-25,TW-21025,1785,1,6.48,3.1752,0.0,2017,7,False
CA-2017-126221,2017-12-30,2018-01-05,CC-12430,612,2,209.3,56.511,0.0,2017,12,False
CA-2016-103947,2016-04-01,2016-04-08,BB-10990,1499,5,31.56,9.8625,0.2,2016,4,False
CA-2016-103947,2016-04-01,2016-04-08,BB-10990,305,2,30.144,3.0144,0.2,2016,4,False
CA-2016-160745,2016-12-11,2016-12-16,AR-10825,21,4,14.8,6.068,0.0,2016,12,False
CA-2016-160745,2016-12-11,2016-12-16,AR-10825,46,3,302.376,22.6782,0.2,2016,12,False
CA-2016-160745,2016-12-11,2016-12-16,AR-10825,666,4,316.0,31.6,0.0,2016,12,False
CA-2016-132661,2016-10-23,2016-10-29,SR-20740,1456,10,379.4,178.318,0.0,2016,10,False
CA-2017-140844,2017-06-19,2017-06-23,AR-10405,1731,2,97.82,45.9754,0.0,2017,6,False
CA-2017-140844,2017-06-19,2017-06-23,AR-10405,1459,8,103.12,10.312,0.0,2017,6,False
CA-2016-137239,2016-08-22,2016-08-28,CR-12730,1575,2,113.552,8.5164,0.2,2016,8,False
CA-2016-137239,2016-08-22,2016-08-28,CR-12730,238,2,3.318,-2.6544,0.7,2016,8,False
CA-2016-137239,2016-08-22,2016-08-28,CR-12730,128,2,134.288,45.3222,0.2,2016,8,False
US-2016-156097,2016-09-19,2016-09-19,EH-14125,769,2,701.372,-50.098,0.3,2016,9,True
US-2016-156097,2016-09-19,2016-09-19,EH-14125,235,2,2.308,-3.462,0.8,2016,9,False
CA-2015-146563,2015-08-24,2015-08-28,CB-12025,872,7,999.432,124.929,0.2,2015,8,True
CA-2015-146563,2015-08-24,2015-08-28,CB-12025,1475,14,724.08,-135.765,0.2,2015,8,True
CA-2015-146563,2015-08-24,2015-08-28,CB-12025,854,5,918.785,-118.1295,0.3,2015,8,True
CA-2015-146563,2015-08-24,2015-08-28,CB-12025,237,3,2.724,-4.2222,0.8,2015,8,False
CA-2016-123666,2016-03-26,2016-03-30,SP-20545,775,5,459.95,18.398,0.0,2016,3,False
CA-2016-143308,2016-11-04,2016-11-04,RC-19825,1197,3,10.74,5.2626,0.0,2016,11,False
CA-2017-132682,2017-06-08,2017-06-10,TH-21235,100,3,23.76,2.079,0.2,2017,6,False
CA-2017-132682,2017-06-08,2017-06-10,TH-21235,537,3,85.056,28.7064,0.2,2017,6,False
CA-2017-132682,2017-06-08,2017-06-10,TH-21235,450,3,381.576,28.6182,0.2,2017,6,False
CA-2014-156314,2014-12-24,2014-12-26,RP-19390,1050,5,30.36,8.7285,0.2,2014,12,False
US-2017-106663,2017-06-09,2017-06-13,MO-17800,11,3,23.976,-14.3856,0.6,2017,6,False
US-2017-106663,2017-06-09,2017-06-13,MO-17800,426,1,108.925,-71.8905,0.5,2017,6,False
US-2017-106663,2017-06-09,2017-06-13,MO-17800,107,8,36.352,11.36,0.2,2017,6,False
CA-2017-111178,2017-06-15,2017-06-22,TD-20995,1139,5,19.56,1.7115,0.2,2017,6,False
CA-2017-130351,2017-12-05,2017-12-08,RB-19570,946,3,61.44,16.5888,0.0,2017,12,False
CA-2017-130351,2017-12-05,2017-12-08,RB-19570,1468,5,38.9,17.505,0.0,2017,12,False
CA-2017-130351,2017-12-05,2017-12-08,RB-19570,911,3,99.39,40.7499,0.0,2017,12,False
US-2017-119438,2017-03-18,2017-03-23,CD-11980,866,3,2.688,-7.392,0.8,2017,3,False
US-2017-119438,2017-03-18,2017-03-23,CD-11980,1597,3,27.816,4.5201,0.2,2017,3,False
US-2017-119438,2017-03-18,2017-03-23,CD-11980,880,3,82.524,-41.262,0.6,2017,3,False
US-2017-119438,2017-03-18,2017-03-23,CD-11980,896,3,182.994,-320.2395,0.8,2017,3,False
CA-2016-164511,2016-11-19,2016-11-24,DJ-13630,246,3,14.352,4.6644,0.2,2016,11,False
CA-2016-164511,2016-11-19,2016-11-24,DJ-13630,646,2,64.96,2.5984,0.0,2016,11,False
CA-2016-164511,2016-11-19,2016-11-24,DJ-13630,125,4,68.6,18.522,0.0,2016,11,False
US-2017-168116,2017-11-04,2017-11-04,GT-14635,476,4,7999.98,-3839.9904,0.5,2017,11,True
US-2017-168116,2017-11-04,2017-11-04,GT-14635,612,2,167.44,14.651,0.2,2017,11,False
CA-2014-157784,2014-07-05,2014-07-08,MC-17845,1106,3,479.97,163.1898,0.0,2014,7,False
CA-2014-157784,2014-07-05,2014-07-08,MC-17845,226,2,14.62,6.8714,0.0,2014,7,False
CA-2014-157784,2014-07-05,2014-07-08,MC-17845,1787,3,19.44,9.3312,0.0,2014,7,False
CA-2017-161480,2017-12-25,2017-12-29,RA-19285,378,2,191.984,4.7996,0.2,2017,12,False
US-2014-117135,2014-06-21,2014-06-23,NP-18325,1037,1,104.01,14.5614,0.0,2014,6,False
US-2014-117135,2014-06-21,2014-06-23,NP-18325,965,1,284.82,74.0532,0.0,2014,6,False
US-2014-117135,2014-06-21,2014-06-23,NP-18325,1333,3,36.84,10.3152,0.0,2014,6,False
CA-2015-131534,2015-03-28,2015-04-02,AB-10165,910,1,166.24,24.936,0.0,2015,3,False
CA-2015-131534,2015-03-28,2015-04-02,AB-10165,1767,5,33.4,16.032,0.0,2015,3,False
CA-2015-119291,2015-05-14,2015-05-17,JO-15550,363,8,198.272,17.3488,0.2,2015,5,False
CA-2015-119291,2015-05-14,2015-05-17,JO-15550,198,4,47.36,17.76,0.2,2015,5,False
CA-2015-119291,2015-05-14,2015-05-17,JO-15550,940,7,200.984,62.8075,0.2,2015,5,False
CA-2015-119291,2015-05-14,2015-05-17,JO-15550,178,4,97.696,31.7512,0.2,2015,5,False
CA-2015-119291,2015-05-14,2015-05-17,JO-15550,332,1,2.696,0.8088,0.2,2015,5,False
CA-2015-119291,2015-05-14,2015-05-17,JO-15550,693,2,18.588,-13.6312,0.7,2015,5,False
CA-2015-119291,2015-05-14,2015-05-17,JO-15550,1627,3,4.896,-3.4272,0.7,2015,5,False
CA-2017-114552,2017-09-02,2017-09-08,Dl-13600,548,3,15.072,4.1448,0.2,2017,9,False
CA-2016-163755,2016-11-04,2016-11-08,AS-10285,1532,3,209.88,35.6796,0.0,2016,11,False
CA-2015-142027,2015-04-09,2015-04-14,JK-15370,972,3,369.912,-13.8717,0.2,2015,4,False
CA-2014-138527,2014-09-12,2014-09-17,BN-11470,1817,2,10.368,3.6288,0.2,2014,9,False
CA-2014-138527,2014-09-12,2014-09-17,BN-11470,629,5,166.84,18.7695,0.2,2014,9,False
CA-2014-138527,2014-09-12,2014-09-17,BN-11470,1399,1,15.216,2.2824,0.2,2014,9,False
CA-2014-112158,2014-12-02,2014-12-04,DP-13165,993,4,119.96,52.7824,0.0,2014,12,False
CA-2014-112158,2014-12-02,2014-12-04,DP-13165,1190,5,883.92,-110.49,0.2,2014,12,True
CA-2014-112158,2014-12-02,2014-12-04,DP-13165,146,8,46.72,15.768,0.2,2014,12,False
CA-2014-113887,2014-04-05,2014-04-07,TH-21550,538,1,55.48,26.6304,0.0,2014,4,False
CA-2017-146136,2017-09-03,2017-09-07,AP-10915,5,4,24.448,8.8624,0.2,2017,9,False
US-2017-100048,2017-05-19,2017-05-24,RS-19765,337,6,281.34,109.7226,0.0,2017,5,False
US-2017-100048,2017-05-19,2017-05-24,RS-19765,1168,2,307.98,89.3142,0.0,2017,5,False
US-2017-100048,2017-05-19,2017-05-24,RS-19765,1018,3,299.97,113.9886,0.0,2017,5,False
CA-2014-153150,2014-07-01,2014-07-06,Dl-13600,410,5,19.92,6.972,0.2,2014,7,False
CA-2014-130092,2014-01-11,2014-01-14,SV-20365,492,2,9.94,3.0814,0.0,2014,1,False
CA-2017-108910,2017-09-24,2017-09-29,KC-16540,879,3,103.056,24.4758,0.2,2017,9,False
CA-2014-104472,2014-06-02,2014-06-07,CK-12325,711,3,59.808,19.4376,0.2,2014,6,False
CA-2014-104472,2014-06-02,2014-06-07,CK-12325,135,6,73.32,21.996,0.0,2014,6,False
CA-2016-112942,2016-02-13,2016-02-18,RD-19810,1567,3,146.82,73.41,0.0,2016,2,False
CA-2016-142335,2016-12-15,2016-12-19,MP-17965,425,3,1652.94,231.4116,0.0,2016,12,True
CA-2016-142335,2016-12-15,2016-12-19,MP-17965,1330,3,296.37,80.0199,0.0,2016,12,False
CA-2014-117429,2014-10-07,2014-10-13,MR-17545,1443,5,129.92,21.112,0.2,2014,10,False
CA-2016-114713,2016-07-07,2016-07-12,SC-20695,98,7,45.584,5.1282,0.2,2016,7,False
CA-2017-144113,2017-09-16,2017-09-20,JF-15355,1042,2,17.568,6.3684,0.2,2017,9,False
CA-2017-144113,2017-09-16,2017-09-20,JF-15355,451,1,55.992,5.5992,0.2,2017,9,False
US-2016-150861,2016-12-03,2016-12-06,EG-13900,1753,8,182.72,84.0512,0.0,2016,12,False
US-2016-150861,2016-12-03,2016-12-06,EG-13900,327,2,400.032,-153.3456,0.4,2016,12,False
US-2016-150861,2016-12-03,2016-12-06,EG-13900,1262,3,33.63,10.089,0.0,2016,12,False
US-2016-150861,2016-12-03,2016-12-06,EG-13900,759,3,542.646,102.4998,0.1,2016,12,True
US-2016-150861,2016-12-03,2016-12-06,EG-13900,231,2,6.3,3.024,0.0,2016,12,False
CA-2017-131954,2017-01-21,2017-01-25,DS-13030,417,3,242.94,9.7176,0.0,2017,1,False
CA-2017-131954,2017-01-21,2017-01-25,DS-13030,1022,3,179.97,86.3856,0.0,2017,1,False
CA-2017-131954,2017-01-21,2017-01-25,DS-13030,1625,6,99.696,33.6474,0.2,2017,1,False
CA-2017-131954,2017-01-21,2017-01-25,DS-13030,1637,4,27.936,9.4284,0.2,2017,1,False
CA-2017-131954,2017-01-21,2017-01-25,DS-13030,1186,1,84.98,18.6956,0.0,2017,1,False
CA-2017-131954,2017-01-21,2017-01-25,DS-13030,82,5,18.72,6.552,0.2,2017,1,False
CA-2014-132500,2014-09-08,2014-09-12,GZ-14470,1019,2,49.98,8.4966,0.0,2014,9,False
CA-2014-112326,2014-01-04,2014-01-08,PO-19195,217,3,11.784,4.2717,0.2,2014,1,False
CA-2014-112326,2014-01-04,2014-01-08,PO-19195,1364,3,272.736,-64.7748,0.2,2014,1,False
CA-2014-112326,2014-01-04,2014-01-08,PO-19195,708,2,3.54,-5.487,0.8,2014,1,False
US-2016-146710,2016-08-27,2016-09-01,SS-20875,1044,5,51.52,-10.948,0.2,2016,8,False
US-2016-146710,2016-08-27,2016-09-01,SS-20875,142,1,3.528,1.1466,0.2,2016,8,False
US-2016-146710,2016-08-27,2016-09-01,SS-20875,1749,1,4.624,1.6762,0.2,2016,8,False
US-2016-146710,2016-08-27,2016-09-01,SS-20875,668,4,55.168,6.2064,0.2,2016,8,False
CA-2014-124429,2014-05-27,2014-05-27,MH-17785,943,10,567.12,-28.356,0.2,2014,5,True
CA-2014-124429,2014-05-27,2014-05-27,MH-17785,647,4,359.32,7.1864,0.0,2014,5,False
CA-2016-150889,2016-03-20,2016-03-22,PB-19105,314,1,11.992,0.8994,0.2,2016,3,False
CA-2017-126074,2017-10-02,2017-10-06,RF-19735,687,3,58.05,26.703,0.0,2017,10,False
CA-2017-126074,2017-10-02,2017-10-06,RF-19735,1178,11,157.74,56.7864,0.0,2017,10,False
CA-2017-126074,2017-10-02,2017-10-06,RF-19735,250,7,56.98,22.792,0.0,2017,10,False
CA-2017-126074,2017-10-02,2017-10-06,RF-19735,236,1,2.88,1.4112,0.0,2017,10,False
CA-2016-110499,2016-04-07,2016-04-09,YC-21895,804,3,1199.976,374.9925,0.2,2016,4,True
CA-2015-135272,2015-12-07,2015-12-12,MS-17830,11,4,79.92,28.7712,0.0,2015,12,False
CA-2016-140928,2016-09-18,2016-09-22,NB-18655,428,4,383.438,-167.3184,0.45,2016,9,False
CA-2014-106803,2014-12-29,2015-01-02,DC-13285,1333,2,24.56,6.8768,0.0,2014,12,False
CA-2014-106803,2014-12-29,2015-01-02,DC-13285,913,4,119.8,47.92,0.0,2014,12,False
CA-2017-117240,2017-07-23,2017-07-28,CP-12340,147,3,13.128,4.2666,0.2,2017,7,False
CA-2017-133333,2017-09-18,2017-09-22,BF-11020,107,4,22.72,10.224,0.0,2017,9,False
CA-2015-112319,2015-08-31,2015-09-05,AR-10510,1823,9,58.32,27.9936,0.0,2015,8,False
CA-2017-126046,2017-11-03,2017-11-07,JC-16105,182,3,12.39,5.6994,0.0,2017,11,False
CA-2015-114923,2015-02-08,2015-02-13,LH-17020,930,3,107.982,-26.9955,0.4,2015,2,False
CA-2014-162775,2014-01-13,2014-01-15,CS-12250,1493,2,11.36,5.3392,0.0,2014,1,False
CA-2014-162775,2014-01-13,2014-01-15,CS-12250,373,3,50.94,25.47,0.0,2014,1,False
CA-2014-162775,2014-01-13,2014-01-15,CS-12250,1275,6,646.74,258.696,0.0,2014,1,True
CA-2014-162775,2014-01-13,2014-01-15,CS-12250,16,3,5.64,2.7072,0.0,2014,1,False
CA-2014-162775,2014-01-13,2014-01-15,CS-12250,658,6,572.58,34.3548,0.0,2014,1,True
CA-2014-106810,2014-05-14,2014-05-20,AJ-10795,595,2,310.88,23.316,0.2,2014,5,False
CA-2016-157245,2016-05-19,2016-05-24,LE-16810,832,2,641.96,179.7488,0.0,2016,5,True
CA-2017-104220,2017-01-30,2017-02-05,BV-11245,407,2,18.28,9.14,0.0,2017,1,False
CA-2017-104220,2017-01-30,2017-02-05,BV-11245,40,3,207.0,51.75,0.0,2017,1,False
CA-2017-104220,2017-01-30,2017-02-05,BV-11245,691,5,32.35,16.175,0.0,2017,1,False
CA-2017-104220,2017-01-30,2017-02-05,BV-11245,499,1,7.71,3.4695,0.0,2017,1,False
CA-2017-104220,2017-01-30,2017-02-05,BV-11245,357,2,40.3,10.881,0.0,2017,1,False
CA-2017-104220,2017-01-30,2017-02-05,BV-11245,393,7,34.58,14.5236,0.0,2017,1,False
CA-2014-165974,2014-06-29,2014-07-06,DL-12865,526,7,32.76,3.6855,0.2,2014,6,False
CA-2015-144267,2015-08-21,2015-08-23,NZ-18565,843,3,544.008,40.8006,0.2,2015,8,True
CA-2015-144267,2015-08-21,2015-08-23,NZ-18565,1694,3,59.94,28.1718,0.0,2015,8,False
CA-2015-144267,2015-08-21,2015-08-23,NZ-18565,1764,4,23.92,11.7208,0.0,2015,8,False
CA-2015-144267,2015-08-21,2015-08-23,NZ-18565,1713,1,4.28,1.926,0.0,2015,8,False
US-2015-157014,2015-10-03,2015-10-06,BM-11785,57,5,32.07,-22.449,0.7,2015,10,False
US-2015-157014,2015-10-03,2015-10-06,BM-11785,915,2,24.0,-2.7,0.2,2015,10,False
US-2015-157014,2015-10-03,2015-10-06,BM-11785,1384,1,35.49,-15.6156,0.5,2015,10,False
US-2015-157014,2015-10-03,2015-10-06,BM-11785,1087,2,47.984,0.5998,0.2,2015,10,False
CA-2015-154921,2015-05-23,2015-05-28,EA-14035,395,3,186.69,87.7443,0.0,2015,5,False
CA-2017-129567,2017-03-17,2017-03-21,CL-12565,802,2,17.456,5.8914,0.2,2017,3,False
CA-2015-154620,2015-12-12,2015-12-16,LT-17110,989,2,348.928,34.8928,0.2,2015,12,False
CA-2015-115938,2015-06-26,2015-06-30,SA-20830,717,4,143.96,69.1008,0.0,2015,6,False
CA-2015-115938,2015-06-26,2015-06-30,SA-20830,508,1,15.42,4.1634,0.0,2015,6,False
CA-2015-115938,2015-06-26,2015-06-30,SA-20830,67,8,43.04,21.0896,0.0,2015,6,False
CA-2015-115938,2015-06-26,2015-06-30,SA-20830,1203,3,332.94,79.9056,0.0,2015,6,False
CA-2016-105256,2016-05-20,2016-05-20,JK-15730,445,5,1363.96,85.2475,0.2,2016,5,True
CA-2014-156433,2014-09-20,2014-09-26,ES-14020,207,2,9.96,4.5816,0.0,2014,9,False
CA-2014-156433,2014-09-20,2014-09-26,ES-14020,1647,4,21.72,10.6428,0.0,2014,9,False
CA-2017-151428,2017-09-21,2017-09-26,RH-19495,236,7,20.16,9.8784,0.0,2017,9,False
CA-2015-124653,2015-12-24,2015-12-26,DB-13120,1669,7,132.79,63.7392,0.0,2015,12,False
CA-2015-124653,2015-12-24,2015-12-26,DB-13120,1756,2,12.96,6.2208,0.0,2015,12,False
CA-2015-124653,2015-12-24,2015-12-26,DB-13120,1455,7,21.56,10.3488,0.0,2015,12,False
CA-2015-101910,2015-11-27,2015-12-03,CD-11920,1450,5,283.92,17.745,0.2,2015,11,False
CA-2017-105809,2017-02-20,2017-02-23,HW-14935,621,1,22.23,7.3359,0.0,2017,2,False
CA-2017-105809,2017-02-20,2017-02-23,HW-14935,1011,2,215.968,18.8972,0.2,2017,2,False
CA-2016-136133,2016-08-18,2016-08-23,HW-14935,295,9,355.32,99.4896,0.0,2016,8,False
CA-2016-115504,2016-03-12,2016-03-17,MC-18130,1814,2,12.96,6.2208,0.0,2016,3,False
CA-2017-135783,2017-04-22,2017-04-24,GM-14440,590,2,18.28,6.2152,0.0,2017,4,False
CA-2014-134313,2014-11-01,2014-11-07,RA-19915,1095,3,43.176,4.3176,0.2,2014,11,False
CA-2014-134313,2014-11-01,2014-11-07,RA-19915,449,4,1983.968,247.996,0.2,2014,11,True
CA-2015-140921,2015-02-03,2015-02-05,AA-10375,457,2,28.4,11.076,0.0,2015,2,False
CA-2015-140921,2015-02-03,2015-02-05,AA-10375,955,3,149.97,50.9898,0.0,2015,2,False
CA-2014-151995,2014-10-13,2014-10-15,ZC-21910,1126,4,11.52,3.2256,0.0,2014,10,False
CA-2014-151995,2014-10-13,2014-10-15,ZC-21910,322,5,1298.55,311.652,0.0,2014,10,True
CA-2014-151995,2014-10-13,2014-10-15,ZC-21910,304,4,213.92,62.0368,0.0,2014,10,False
CA-2014-151995,2014-10-13,2014-10-15,ZC-21910,1459,2,25.78,2.578,0.0,2014,10,False
CA-2017-143686,2017-05-14,2017-05-14,PJ-19015,590,2,18.28,6.2152,0.0,2017,5,False
CA-2017-143686,2017-05-14,2017-05-14,PJ-19015,1329,7,1399.93,601.9699,0.0,2017,5,True
CA-2015-106565,2015-03-20,2015-03-23,BW-11110,1800,8,51.84,24.8832,0.0,2015,3,False
CA-2016-149370,2016-09-15,2016-09-19,DB-13210,1757,1,5.344,1.8704,0.2,2016,9,False
CA-2014-140858,2014-06-28,2014-07-02,CA-12775,1787,8,41.472,14.5152,0.2,2014,6,False
CA-2014-140858,2014-06-28,2014-07-02,CA-12775,1436,3,3.168,-2.4288,0.7,2014,6,False
CA-2014-140858,2014-06-28,2014-07-02,CA-12775,758,5,1228.465,0.0,0.3,2014,6,True
CA-2014-140858,2014-06-28,2014-07-02,CA-12775,705,3,31.086,-22.7964,0.7,2014,6,False
CA-2014-140858,2014-06-28,2014-07-02,CA-12775,1729,4,335.52,117.432,0.2,2014,6,False
CA-2017-101434,2017-06-20,2017-06-27,TR-21325,1328,3,239.97,71.991,0.0,2017,6,False
CA-2017-101434,2017-06-20,2017-06-27,TR-21325,217,2,9.82,4.8118,0.0,2017,6,False
US-2014-102071,2014-05-09,2014-05-15,PG-18820,961,4,67.8,4.068,0.0,2014,5,False
US-2014-102071,2014-05-09,2014-05-15,PG-18820,1463,3,167.97,40.3128,0.0,2014,5,False
CA-2017-126956,2017-08-21,2017-08-28,GT-14710,121,7,35.0,16.8,0.0,2017,8,False
CA-2017-126956,2017-08-21,2017-08-28,GT-14710,89,4,37.24,10.7996,0.0,2017,8,False
CA-2017-126956,2017-08-21,2017-08-28,GT-14710,1431,2,15.28,7.4872,0.0,2017,8,False
CA-2017-129462,2017-06-16,2017-06-21,JE-15745,736,2,301.96,90.588,0.0,2017,6,False
CA-2017-129462,2017-06-16,2017-06-21,JE-15745,656,3,180.66,50.5848,0.0,2017,6,False
CA-2017-129462,2017-06-16,2017-06-21,JE-15745,1314,2,191.98,51.8346,0.0,2017,6,False
CA-2017-129462,2017-06-16,2017-06-21,JE-15745,446,1,65.99,17.1574,0.0,2017,6,False
CA-2016-165316,2016-07-23,2016-07-27,JB-15400,352,2,35.216,2.6412,0.2,2016,7,False
CA-2016-165316,2016-07-23,2016-07-27,JB-15400,820,2,23.696,6.5164,0.2,2016,7,False
CA-2016-165316,2016-07-23,2016-07-27,JB-15400,1839,1,265.475,-111.4995,0.5,2016,7,False
US-2014-115987,2014-09-08,2014-09-13,LH-17020,703,4,51.184,-79.3352,0.8,2014,9,False
US-2017-156083,2017-11-04,2017-11-11,JL-15175,110,2,9.664,3.2616,0.2,2017,11,False
US-2016-137547,2016-03-07,2016-03-12,EB-13705,308,3,21.072,1.5804,0.2,2016,3,False
CA-2015-100454,2015-11-20,2015-11-25,BM-11650,357,3,60.45,16.3215,0.0,2015,11,False
CA-2015-100454,2015-11-20,2015-11-25,BM-11650,1143,4,11.52,3.3408,0.0,2015,11,False
CA-2015-100454,2015-11-20,2015-11-25,BM-11650,1182,4,186.048,9.3024,0.2,2015,11,False
CA-2016-161669,2016-11-07,2016-11-09,EM-14095,638,4,37.44,11.7,0.2,2016,11,False
CA-2016-161669,2016-11-07,2016-11-09,EM-14095,900,4,26.976,8.7672,0.2,2016,11,False
CA-2016-161669,2016-11-07,2016-11-09,EM-14095,95,2,11.36,3.2944,0.0,2016,11,False
CA-2016-161669,2016-11-07,2016-11-09,EM-14095,193,2,14.62,6.8714,0.0,2016,11,False
CA-2015-114300,2015-10-13,2015-10-17,AF-10885,890,7,83.72,23.4416,0.0,2015,10,False
CA-2015-114300,2015-10-13,2015-10-17,AF-10885,745,3,287.94,77.7438,0.0,2015,10,False
CA-2017-107503,2017-01-01,2017-01-06,GA-14725,990,4,48.896,8.5568,0.2,2017,1,False
CA-2014-107755,2014-02-07,2014-02-12,CK-12760,1059,7,115.36,49.6048,0.0,2014,2,False
CA-2016-152534,2016-06-20,2016-06-25,DP-13105,495,2,5.16,1.3416,0.0,2016,6,False
CA-2016-152534,2016-06-20,2016-06-25,DP-13105,1797,6,38.88,18.6624,0.0,2016,6,False
CA-2016-113747,2016-05-28,2016-06-04,VD-21670,363,6,185.88,50.1876,0.0,2016,5,False
CA-2016-123274,2016-02-19,2016-02-24,GT-14710,621,2,44.46,14.6718,0.0,2016,2,False
CA-2016-123274,2016-02-19,2016-02-24,GT-14710,417,3,242.94,9.7176,0.0,2016,2,False
CA-2014-125612,2014-08-03,2014-08-08,BK-11260,1666,2,39.96,18.7812,0.0,2014,8,False
CA-2014-125612,2014-08-03,2014-08-08,BK-11260,85,10,102.3,26.598,0.0,2014,8,False
CA-2014-125612,2014-08-03,2014-08-08,BK-11260,1495,2,21.36,5.7672,0.0,2014,8,False
CA-2017-161984,2017-04-10,2017-04-15,SJ-20125,1653,1,7.61,3.5767,0.0,2017,4,False
CA-2017-161984,2017-04-10,2017-04-15,SJ-20125,1194,2,7.16,3.58,0.0,2017,4,False
CA-2014-133851,2014-06-09,2014-06-16,CM-12445,1496,2,7.36,0.1472,0.0,2014,6,False
CA-2014-133851,2014-06-09,2014-06-16,CM-12445,518,2,23.1,10.626,0.0,2014,6,False
CA-2016-134474,2016-01-05,2016-01-07,AJ-10795,1024,6,191.472,40.6878,0.2,2016,1,False
CA-2016-134474,2016-01-05,2016-01-07,AJ-10795,1145,2,5.248,0.5904,0.2,2016,1,False
CA-2016-134474,2016-01-05,2016-01-07,AJ-10795,994,2,59.184,5.1786,0.2,2016,1,False
CA-2014-149020,2014-01-10,2014-01-15,AJ-10780,189,1,2.89,1.3583,0.0,2014,1,False
CA-2014-149020,2014-01-10,2014-01-15,AJ-10780,875,1,51.94,21.2954,0.0,2014,1,False
CA-2016-134362,2016-09-29,2016-10-02,LS-16945,190,4,15.936,5.1792,0.2,2016,9,False
CA-2014-136742,2014-04-06,2014-04-10,GP-14740,973,6,44.91,-35.928,0.7,2014,4,False
CA-2016-158099,2016-09-03,2016-09-05,PK-18910,688,5,1141.47,-760.98,0.7,2016,9,True
CA-2016-158099,2016-09-03,2016-09-05,PK-18910,439,3,280.782,-46.797,0.4,2016,9,False
CA-2015-131128,2015-10-19,2015-10-20,TB-21520,1467,3,34.44,17.22,0.0,2015,10,False
CA-2014-148488,2014-12-10,2014-12-15,SM-20005,111,2,11.36,5.2256,0.0,2014,12,False
CA-2014-148488,2014-12-10,2014-12-15,SM-20005,1283,7,106.344,37.2204,0.2,2014,12,False
CA-2017-114636,2017-08-25,2017-08-29,GA-14725,1695,5,192.16,67.256,0.2,2017,8,False
CA-2016-116736,2016-01-17,2016-01-21,CC-12430,1540,3,322.59,64.518,0.0,2016,1,False
CA-2016-116736,2016-01-17,2016-01-21,CC-12430,993,1,29.99,13.1956,0.0,2016,1,False
CA-2016-116736,2016-01-17,2016-01-21,CC-12430,999,3,371.97,66.9546,0.0,2016,1,False
US-2014-158638,2014-09-17,2014-09-21,AG-10765,74,4,5.892,-4.1244,0.7,2014,9,False
CA-2017-111689,2017-11-30,2017-12-02,HP-14815,992,3,68.472,23.1093,0.2,2017,11,False
CA-2017-111689,2017-11-30,2017-12-02,HP-14815,1363,5,1242.9,262.39,0.1,2017,11,True
CA-2015-129098,2015-10-09,2015-10-13,DK-13090,508,2,30.84,8.3268,0.0,2015,10,False
US-2017-123463,2017-12-23,2017-12-23,GZ-14470,332,4,13.48,5.9312,0.0,2017,12,False
CA-2016-165148,2016-10-22,2016-10-24,PM-19135,546,5,31.4,10.048,0.0,2016,10,False
CA-2014-134061,2014-04-29,2014-05-04,LL-16840,506,2,17.46,5.9364,0.0,2014,4,False
CA-2015-143602,2015-04-25,2015-04-28,JS-15595,639,3,13.944,4.5318,0.2,2015,4,False
CA-2017-115364,2017-06-26,2017-07-02,OT-18730,587,12,83.76,1.6752,0.0,2017,6,False
CA-2017-150707,2017-10-14,2017-10-19,EL-13735,66,7,37.66,18.4534,0.0,2017,10,False
CA-2014-104976,2014-12-09,2014-12-16,CK-12760,1778,6,34.68,16.9932,0.0,2014,12,False
CA-2017-132934,2017-06-20,2017-06-26,JE-15475,153,5,149.95,14.995,0.0,2017,6,False
CA-2017-132934,2017-06-20,2017-06-26,JE-15475,57,3,51.312,18.6006,0.2,2017,6,False
CA-2017-133256,2017-06-26,2017-06-27,TH-21550,144,1,4.54,2.043,0.0,2017,6,False
CA-2017-133256,2017-06-26,2017-06-27,TH-21550,675,4,15.92,5.4128,0.0,2017,6,False
CA-2017-133256,2017-06-26,2017-06-27,TH-21550,1170,8,543.92,135.98,0.0,2017,6,True
CA-2016-105494,2016-11-10,2016-11-12,PC-18745,664,7,155.82,42.0714,0.0,2016,11,False
CA-2016-105494,2016-11-10,2016-11-12,PC-18745,330,3,70.008,24.5028,0.2,2016,11,False
CA-2016-140634,2016-10-03,2016-10-06,HL-15040,1493,2,15.648,5.0856,0.2,2016,10,False
CA-2014-144407,2014-09-09,2014-09-15,MS-17365,134,7,103.6,51.8,0.0,2014,9,False
CA-2017-160983,2017-10-29,2017-10-31,GB-14530,1565,8,46.96,22.5408,0.0,2017,10,False
US-2016-114622,2016-04-10,2016-04-12,JR-16210,1632,2,8.904,-6.5296,0.7,2016,4,False
CA-2017-150959,2017-11-11,2017-11-13,TD-20995,1257,5,10.44,3.393,0.2,2017,11,False
CA-2017-150959,2017-11-11,2017-11-13,TD-20995,519,4,18.336,-32.088,0.8,2017,11,False
CA-2017-132353,2017-09-15,2017-09-17,DB-13060,174,3,323.976,20.2485,0.2,2017,9,False
CA-2016-130477,2016-04-08,2016-04-12,LC-17140,1709,3,20.04,9.6192,0.0,2016,4,False
CA-2016-130477,2016-04-08,2016-04-12,LC-17140,646,2,64.96,2.5984,0.0,2016,4,False
CA-2016-130477,2016-04-08,2016-04-12,LC-17140,1718,2,12.96,6.2208,0.0,2016,4,False
CA-2017-143259,2017-12-30,2018-01-03,PO-18865,389,4,323.136,12.1176,0.2,2017,12,False
CA-2017-143259,2017-12-30,2018-01-03,PO-18865,731,7,90.93,2.7279,0.0,2017,12,False
CA-2017-143259,2017-12-30,2018-01-03,PO-18865,1639,3,52.776,19.791,0.2,2017,12,False
CA-2017-137596,2017-09-02,2017-09-07,BE-11335,1286,4,1199.8,323.946,0.0,2017,9,True
CA-2017-137596,2017-09-02,2017-09-07,BE-11335,1062,7,1928.78,829.3754,0.0,2017,9,True
CA-2017-137596,2017-09-02,2017-09-07,BE-11335,643,2,352.38,81.0474,0.0,2017,9,False
CA-2015-133627,2015-05-31,2015-06-07,SC-20050,21,6,22.2,9.102,0.0,2015,5,False
CA-2017-102519,2017-11-27,2017-11-29,BM-11650,878,1,46.94,19.2454,0.0,2017,11,False
CA-2017-102519,2017-11-27,2017-11-29,BM-11650,1074,9,143.73,56.0547,0.0,2017,11,False
US-2014-141215,2014-06-15,2014-06-21,KL-16555,978,2,99.918,-18.5562,0.3,2014,6,False
US-2014-141215,2014-06-15,2014-06-21,KL-16555,741,4,797.944,-56.996,0.3,2014,6,True
US-2014-141215,2014-06-15,2014-06-21,KL-16555,263,3,8.568,-14.5656,0.8,2014,6,False
CA-2016-165218,2016-03-05,2016-03-11,RW-19630,395,3,149.352,50.4063,0.2,2016,3,False
CA-2016-165218,2016-03-05,2016-03-11,RW-19630,71,1,12.992,-0.812,0.2,2016,3,False
CA-2014-138296,2014-12-05,2014-12-12,RC-19825,1333,2,24.56,6.8768,0.0,2014,12,False
CA-2015-111164,2015-04-11,2015-04-15,SE-20110,1053,3,85.14,34.9074,0.0,2015,4,False
CA-2015-111164,2015-04-11,2015-04-15,SE-20110,1222,1,21.99,10.5552,0.0,2015,4,False
CA-2015-111164,2015-04-11,2015-04-15,SE-20110,945,5,406.6,113.848,0.0,2015,4,False
CA-2016-149797,2016-09-15,2016-09-20,AH-10075,681,2,841.568,294.5488,0.2,2016,9,True
CA-2014-132962,2014-09-13,2014-09-16,JM-15535,1776,3,15.552,5.4432,0.2,2014,9,False
CA-2014-132962,2014-09-13,2014-09-16,JM-15535,889,5,252.0,53.55,0.2,2014,9,False
CA-2015-115091,2015-10-05,2015-10-09,JJ-15760,1131,4,46.2,12.936,0.0,2015,10,False
CA-2015-115091,2015-10-05,2015-10-09,JJ-15760,819,2,28.84,9.5172,0.0,2015,10,False
CA-2017-144932,2017-04-14,2017-04-17,AB-10165,1841,3,14.592,2.5536,0.2,2017,4,False
CA-2017-144932,2017-04-14,2017-04-17,AB-10165,1413,3,89.856,21.3408,0.2,2017,4,False
CA-2017-144932,2017-04-14,2017-04-17,AB-10165,1749,3,13.872,5.0286,0.2,2017,4,False
CA-2017-114216,2017-09-02,2017-09-06,RK-19300,1326,3,12.192,4.1148,0.2,2017,9,False
CA-2016-140081,2016-06-20,2016-06-24,CG-12040,1648,8,45.056,15.2064,0.2,2016,6,False
CA-2016-140081,2016-06-20,2016-06-24,CG-12040,931,6,29.718,-21.7932,0.7,2016,6,False
CA-2016-140081,2016-06-20,2016-06-24,CG-12040,1797,3,15.552,5.4432,0.2,2016,6,False
CA-2016-140081,2016-06-20,2016-06-24,CG-12040,1417,2,447.696,33.5772,0.2,2016,6,False
US-2017-111745,2017-11-05,2017-11-06,RA-19885,1106,1,159.99,54.3966,0.0,2017,11,False
CA-2015-148250,2015-12-13,2015-12-17,RP-19270,1809,2,12.96,6.2208,0.0,2015,12,False
CA-2015-148250,2015-12-13,2015-12-17,RP-19270,630,4,134.48,34.9648,0.0,2015,12,False
CA-2016-105760,2016-06-19,2016-06-20,KC-16255,1080,2,17.12,8.0464,0.0,2016,6,False
CA-2016-142958,2016-12-13,2016-12-20,RW-19630,72,2,6.096,2.2098,0.2,2016,12,False
CA-2016-142958,2016-12-13,2016-12-20,RW-19630,366,4,1114.272,41.7852,0.2,2016,12,True
CA-2015-120880,2015-05-29,2015-06-03,JL-15850,1677,5,32.4,15.552,0.0,2015,5,False
CA-2015-120880,2015-05-29,2015-06-03,JL-15850,1490,3,540.57,140.5482,0.0,2015,5,True
CA-2015-120880,2015-05-29,2015-06-03,JL-15850,269,5,167.76,62.91,0.2,2015,5,False
US-2015-140200,2015-07-26,2015-07-28,CA-12775,319,3,393.165,-204.4458,0.5,2015,7,False
US-2017-110576,2017-11-28,2017-12-02,RB-19795,515,7,516.488,-12.9122,0.2,2017,11,True
US-2017-110576,2017-11-28,2017-12-02,RB-19795,1036,6,1007.232,75.5424,0.2,2017,11,True
US-2017-110576,2017-11-28,2017-12-02,RB-19795,1349,12,2065.32,-619.596,0.4,2017,11,True
US-2017-110576,2017-11-28,2017-12-02,RB-19795,1806,3,15.552,5.4432,0.2,2017,11,False
US-2017-110576,2017-11-28,2017-12-02,RB-19795,1831,6,25.344,7.92,0.2,2017,11,False
CA-2017-131156,2017-04-03,2017-04-07,KH-16360,1497,4,25.472,7.6416,0.2,2017,4,False
CA-2017-136539,2017-12-28,2018-01-01,GH-14665,1491,2,27.168,2.7168,0.2,2017,12,False
CA-2017-136539,2017-12-28,2018-01-01,GH-14665,390,2,78.8528,-11.596,0.32,2017,12,False
CA-2017-119305,2017-11-30,2017-12-04,SW-20275,824,5,173.8,43.45,0.0,2017,11,False
CA-2017-102414,2017-05-15,2017-05-18,JA-15970,994,1,29.592,2.5893,0.2,2017,5,False
CA-2017-102414,2017-05-15,2017-05-18,JA-15970,239,2,4.752,-3.168,0.7,2017,5,False
CA-2017-102414,2017-05-15,2017-05-18,JA-15970,1591,3,15.552,5.6376,0.2,2017,5,False
CA-2015-112571,2015-09-22,2015-09-22,DL-12925,1035,2,204.6,53.196,0.0,2015,9,False
CA-2017-152142,2017-11-14,2017-11-19,LW-16990,759,2,321.568,28.1372,0.2,2017,11,False
CA-2015-160059,2015-11-27,2015-12-01,TB-21190,1842,2,6.24,3.0576,0.0,2015,11,False
CA-2016-120859,2016-09-01,2016-09-04,CV-12805,1615,2,21.88,10.94,0.0,2016,9,False
CA-2014-127488,2014-09-22,2014-09-24,MS-17365,242,2,4.608,1.6704,0.2,2014,9,False
CA-2017-135279,2017-04-09,2017-04-11,BS-11800,454,2,9.82,4.8118,0.0,2017,4,False
CA-2017-135279,2017-04-09,2017-04-11,BS-11800,375,3,35.97,9.7119,0.0,2017,4,False
CA-2017-135279,2017-04-09,2017-04-11,BS-11800,1808,2,12.96,6.2208,0.0,2017,4,False
CA-2017-135279,2017-04-09,2017-04-11,BS-11800,463,4,191.6,91.968,0.0,2017,4,False
CA-2017-135279,2017-04-09,2017-04-11,BS-11800,242,3,8.64,4.2336,0.0,2017,4,False
CA-2017-135279,2017-04-09,2017-04-11,BS-11800,1201,3,501.81,0.0,0.0,2017,4,True
CA-2014-115791,2014-01-16,2014-01-18,DL-13315,479,6,127.104,28.5984,0.2,2014,1,False
CA-2014-115791,2014-01-16,2014-01-18,DL-13315,40,3,124.2,-31.05,0.4,2014,1,False
CA-2014-115791,2014-01-16,2014-01-18,DL-13315,693,2,18.588,-13.6312,0.7,2014,1,False
CA-2014-115791,2014-01-16,2014-01-18,DL-13315,1358,3,30.072,10.1493,0.2,2014,1,False
US-2017-103247,2017-10-05,2017-10-08,PO-19195,1099,7,160.93,3.2186,0.0,2017,10,False
US-2017-103247,2017-10-05,2017-10-08,PO-19195,1577,3,75.792,25.5798,0.2,2017,10,False
US-2017-100209,2017-07-09,2017-07-15,TD-20995,1629,2,1.08,-0.792,0.7,2017,7,False
CA-2017-159366,2017-01-07,2017-01-10,BW-11110,985,2,3059.982,679.996,0.1,2017,1,True
CA-2016-145499,2016-05-30,2016-05-31,RW-19690,147,2,3.282,-2.6256,0.7,2016,5,False
CA-2015-157035,2015-12-09,2015-12-12,KB-16600,1661,3,34.02,16.6698,0.0,2015,12,False
CA-2016-144939,2016-10-03,2016-10-08,EB-13870,1203,6,599.292,93.2232,0.1,2016,10,True
CA-2014-163419,2014-11-11,2014-11-14,TZ-21580,275,1,3.392,0.8056,0.2,2014,11,False
CA-2014-163419,2014-11-11,2014-11-14,TZ-21580,1391,2,559.984,55.9984,0.2,2014,11,True
CA-2014-163419,2014-11-11,2014-11-14,TZ-21580,736,5,603.92,75.49,0.2,2014,11,True
CA-2017-100314,2017-09-29,2017-10-05,AS-10630,207,2,7.968,2.5896,0.2,2017,9,False
CA-2017-100314,2017-09-29,2017-10-05,AS-10630,4,4,27.968,9.4392,0.2,2017,9,False
CA-2017-100314,2017-09-29,2017-10-05,AS-10630,1608,3,336.51,44.868,0.4,2017,9,False
CA-2015-146829,2015-03-10,2015-03-10,TS-21340,81,2,1.112,-1.8904,0.8,2015,3,False
CA-2017-167899,2017-05-21,2017-05-26,JG-15805,1037,5,520.05,72.807,0.0,2017,5,True
CA-2017-167899,2017-05-21,2017-05-26,JG-15805,374,3,17.97,5.2113,0.0,2017,5,False
CA-2015-153549,2015-03-29,2015-03-31,SL-20155,831,5,1166.92,131.2785,0.2,2015,3,True
CA-2016-110023,2016-09-09,2016-09-11,TS-21610,407,2,14.624,5.484,0.2,2016,9,False
CA-2016-105585,2016-08-26,2016-08-27,RF-19735,126,3,10.23,4.9104,0.0,2016,8,False
CA-2016-105585,2016-08-26,2016-08-27,RF-19735,1769,5,154.9,69.705,0.0,2016,8,False
CA-2014-117639,2014-05-21,2014-05-25,MW-18235,649,7,2715.93,1276.4871,0.0,2014,5,True
CA-2014-117639,2014-05-21,2014-05-25,MW-18235,1279,3,617.97,173.0316,0.0,2014,5,True
CA-2015-162537,2015-10-28,2015-11-03,RD-19585,974,1,10.67,4.9082,0.0,2015,10,False
CA-2015-162537,2015-10-28,2015-11-03,RD-19585,1292,3,36.63,9.8901,0.0,2015,10,False
CA-2015-162537,2015-10-28,2015-11-03,RD-19585,1039,5,24.1,9.158,0.0,2015,10,False
CA-2015-162537,2015-10-28,2015-11-03,RD-19585,391,7,33.11,12.9129,0.0,2015,10,False
CA-2016-155488,2016-11-13,2016-11-17,FM-14290,352,2,44.02,11.4452,0.0,2016,11,False
CA-2015-124891,2015-07-31,2015-07-31,RH-19495,1269,7,2309.65,762.1845,0.0,2015,7,True
CA-2015-124891,2015-07-31,2015-07-31,RH-19495,322,7,1090.782,-290.8752,0.4,2015,7,True
CA-2015-124891,2015-07-31,2015-07-31,RH-19495,1808,3,19.44,9.3312,0.0,2015,7,False
CA-2015-126445,2015-08-27,2015-08-31,RA-19945,661,3,484.65,92.0835,0.0,2015,8,False
CA-2015-111199,2015-11-13,2015-11-17,JK-15730,1695,3,115.296,40.3536,0.2,2015,11,False
CA-2015-105312,2015-11-06,2015-11-09,MT-17815,1340,3,7.08,2.478,0.2,2015,11,False
CA-2015-105312,2015-11-06,2015-11-09,MT-17815,1588,3,4.401,-3.5208,0.7,2015,11,False
US-2017-106705,2017-12-26,2018-01-01,PO-18850,1331,5,44.75,20.585,0.0,2017,12,False
CA-2017-135034,2017-08-01,2017-08-03,AT-10735,930,2,95.984,5.999,0.2,2017,8,False
CA-2014-158540,2014-11-24,2014-11-26,VG-21790,560,4,151.72,27.3096,0.0,2014,11,False
CA-2017-118437,2017-06-17,2017-06-21,PF-19165,881,3,155.25,46.575,0.0,2017,6,False
CA-2017-118437,2017-06-17,2017-06-21,PF-19165,1312,1,14.03,4.0687,0.0,2017,6,False
US-2015-126214,2015-12-21,2015-12-24,JS-15880,317,13,1618.37,356.0414,0.0,2015,12,True
US-2015-126214,2015-12-21,2015-12-24,JS-15880,599,1,99.6,36.852,0.0,2015,12,False
CA-2015-133025,2015-09-17,2015-09-19,MO-17800,1812,5,32.4,15.552,0.0,2015,9,False
CA-2015-108665,2015-07-06,2015-07-10,KM-16225,676,2,13.96,6.7008,0.0,2015,7,False
CA-2015-108665,2015-07-06,2015-07-10,KM-16225,875,3,155.82,63.8862,0.0,2015,7,False
CA-2015-108665,2015-07-06,2015-07-10,KM-16225,1221,5,124.95,2.499,0.0,2015,7,False
CA-2015-108665,2015-07-06,2015-07-10,KM-16225,905,5,601.65,156.429,0.0,2015,7,True
CA-2015-124450,2015-04-27,2015-05-03,GT-14710,1500,3,22.74,8.8686,0.0,2015,4,False
CA-2015-124450,2015-04-27,2015-05-03,GT-14710,739,3,1267.53,316.8825,0.0,2015,4,True
CA-2015-124450,2015-04-27,2015-05-03,GT-14710,441,8,1379.92,648.5624,0.0,2015,4,True
CA-2015-167269,2015-06-16,2015-06-20,PB-19150,1248,2,6.208,2.1728,0.2,2015,6,False
CA-2017-106964,2017-12-17,2017-12-20,HR-14770,695,2,11.808,4.2804,0.2,2017,12,False
CA-2016-126529,2016-01-11,2016-01-13,DE-13255,1792,3,15.552,5.4432,0.2,2016,1,False
CA-2016-126529,2016-01-11,2016-01-13,DE-13255,1722,3,63.312,20.5764,0.2,2016,1,False
CA-2016-126529,2016-01-11,2016-01-13,DE-13255,478,2,15.588,-9.8724,0.4,2016,1,False
CA-2014-163552,2014-07-11,2014-07-15,LA-16780,537,5,177.2,83.284,0.0,2014,7,False
CA-2014-163552,2014-07-11,2014-07-15,LA-16780,440,3,197.97,57.4113,0.0,2014,7,False
CA-2014-163552,2014-07-11,2014-07-15,LA-16780,741,3,854.94,213.735,0.0,2014,7,True
CA-2014-163552,2014-07-11,2014-07-15,LA-16780,31,9,124.11,52.1262,0.0,2014,7,False
CA-2014-163552,2014-07-11,2014-07-15,LA-16780,224,5,14.4,7.056,0.0,2014,7,False
CA-2016-109820,2016-11-20,2016-11-22,AG-10390,1470,3,15.696,5.1012,0.2,2016,11,False
CA-2016-109820,2016-11-20,2016-11-22,AG-10390,49,2,2.628,-1.9272,0.7,2016,11,False
CA-2016-109820,2016-11-20,2016-11-22,AG-10390,265,3,14.427,-10.5798,0.7,2016,11,False
CA-2016-113061,2016-04-22,2016-04-26,EL-13735,553,2,86.62,8.662,0.0,2016,4,False
CA-2015-127418,2015-06-13,2015-06-14,JJ-15445,136,3,36.624,13.734,0.2,2015,6,False
CA-2017-121818,2017-11-20,2017-11-21,JH-15430,1144,7,23.968,2.6964,0.2,2017,11,False
CA-2017-121818,2017-11-20,2017-11-21,JH-15430,1500,3,28.728,1.7955,0.2,2017,11,False
CA-2016-127670,2016-03-20,2016-03-24,RD-19660,428,4,697.16,146.4036,0.0,2016,3,True
CA-2016-102981,2016-09-06,2016-09-09,MO-17500,1052,2,31.86,11.151,0.0,2016,9,False
CA-2016-102981,2016-09-06,2016-09-09,MO-17500,169,3,722.352,90.294,0.2,2016,9,True
CA-2017-115651,2017-07-09,2017-07-12,NS-18640,1318,5,8.84,2.9835,0.2,2017,7,False
CA-2017-115651,2017-07-09,2017-07-12,NS-18640,307,9,58.464,-146.16,0.8,2017,7,False
CA-2017-152702,2017-10-12,2017-10-16,SN-20710,766,14,254.604,-18.186,0.3,2017,10,False
CA-2016-169103,2016-03-08,2016-03-13,ZC-21910,445,5,1363.96,85.2475,0.2,2016,3,True
CA-2016-169103,2016-03-08,2016-03-13,ZC-21910,511,3,102.36,-3.8385,0.2,2016,3,False
CA-2014-139192,2014-05-27,2014-06-01,LC-16885,1273,12,1113.504,125.2692,0.2,2014,5,True
CA-2014-139192,2014-05-27,2014-06-01,LC-16885,1018,1,99.99,37.9962,0.0,2014,5,False
US-2015-153500,2015-07-03,2015-07-05,DG-13300,555,2,168.464,-29.4812,0.2,2015,7,False
US-2015-153500,2015-07-03,2015-07-05,DG-13300,921,2,6.72,2.436,0.2,2015,7,False
US-2015-153500,2015-07-03,2015-07-05,DG-13300,876,9,282.888,56.5776,0.2,2015,7,False
CA-2015-110667,2015-04-04,2015-04-08,NF-18595,496,2,11.16,4.3524,0.0,2015,4,False
CA-2015-110667,2015-04-04,2015-04-08,NF-18595,554,2,108.4,22.764,0.0,2015,4,False
CA-2015-110667,2015-04-04,2015-04-08,NF-18595,701,3,82.344,27.7911,0.2,2015,4,False
CA-2015-110667,2015-04-04,2015-04-08,NF-18595,267,4,9.088,3.2944,0.2,2015,4,False
CA-2017-167150,2017-12-10,2017-12-17,BP-11185,256,4,19.936,7.2268,0.2,2017,12,False
CA-2017-167150,2017-12-10,2017-12-17,BP-11185,1638,2,65.568,22.9488,0.2,2017,12,False
CA-2016-105284,2016-11-24,2016-12-01,MG-17650,1509,3,4.416,1.6008,0.2,2016,11,False
US-2015-125374,2015-03-23,2015-03-29,JD-16060,747,2,107.772,-29.2524,0.3,2015,3,False
CA-2015-161263,2015-04-16,2015-04-21,TS-21160,305,3,45.216,4.5216,0.2,2015,4,False
CA-2015-161263,2015-04-16,2015-04-21,TS-21160,1519,7,10.416,-2.2134,0.2,2015,4,False
CA-2015-161263,2015-04-16,2015-04-21,TS-21160,474,3,7.872,1.2792,0.2,2015,4,False
CA-2015-161263,2015-04-16,2015-04-21,TS-21160,1265,3,118.782,-27.7158,0.4,2015,4,False
CA-2015-161263,2015-04-16,2015-04-21,TS-21160,161,1,1.448,0.2353,0.2,2015,4,False
CA-2015-161263,2015-04-16,2015-04-21,TS-21160,719,5,55.47,-46.225,0.7,2015,4,False
CA-2016-157686,2016-10-01,2016-10-02,BD-11620,770,4,194.848,12.178,0.2,2016,10,False
US-2017-139955,2017-09-28,2017-09-30,CM-12160,1496,1,1.744,-0.3488,0.2,2017,9,False
US-2015-150161,2015-07-25,2015-07-29,RB-19795,699,4,25.176,-18.4624,0.7,2015,7,False
CA-2015-144652,2015-11-20,2015-11-26,SN-20560,1141,7,19.46,5.0596,0.0,2015,11,False
CA-2016-152814,2016-04-28,2016-05-02,EH-14005,1663,3,29.472,9.9468,0.2,2016,4,False
CA-2017-106943,2017-11-14,2017-11-19,FO-14305,23,2,8.64,3.024,0.2,2017,11,False
CA-2016-134348,2016-11-12,2016-11-19,MS-17710,240,5,6.27,-4.598,0.7,2016,11,False
CA-2016-134348,2016-11-12,2016-11-19,MS-17710,1357,7,4.368,-3.3488,0.7,2016,11,False
CA-2016-134348,2016-11-12,2016-11-19,MS-17710,1085,2,31.984,1.999,0.2,2016,11,False
CA-2016-161781,2016-09-29,2016-09-30,CC-12100,1135,7,40.88,10.6288,0.0,2016,9,False
CA-2017-132521,2017-09-23,2017-09-25,DW-13540,299,2,119.96,33.5888,0.0,2017,9,False
CA-2017-132521,2017-09-23,2017-09-25,DW-13540,1505,3,31.44,8.4888,0.0,2017,9,False
CA-2017-132521,2017-09-23,2017-09-25,DW-13540,264,1,6.88,2.322,0.2,2017,9,False
CA-2015-110016,2015-11-29,2015-12-04,BT-11395,537,4,19.92,9.3624,0.0,2015,11,False
CA-2015-110016,2015-11-29,2015-12-04,BT-11395,754,9,1106.91,121.7601,0.0,2015,11,True
US-2016-143819,2016-03-01,2016-03-05,KD-16270,428,8,836.592,-264.9208,0.4,2016,3,True
US-2016-143819,2016-03-01,2016-03-05,KD-16270,537,1,26.38,12.1348,0.0,2016,3,False
US-2016-143819,2016-03-01,2016-03-05,KD-16270,112,2,362.92,105.2468,0.0,2016,3,False
US-2016-143819,2016-03-01,2016-03-05,KD-16270,165,7,4899.93,2400.9657,0.0,2016,3,True
CA-2016-167584,2016-08-12,2016-08-12,LC-16870,1821,1,6.48,3.1104,0.0,2016,8,False
CA-2016-166163,2016-08-15,2016-08-20,CY-12745,1164,3,71.976,7.1976,0.2,2016,8,False
CA-2016-166163,2016-08-15,2016-08-20,CY-12745,195,1,3.15,1.512,0.0,2016,8,False
CA-2017-158407,2017-06-04,2017-06-10,LW-16990,1531,2,31.984,1.999,0.2,2017,6,False
CA-2017-158407,2017-06-04,2017-06-10,LW-16990,923,2,71.984,25.1944,0.2,2017,6,False
CA-2015-143490,2015-12-06,2015-12-13,NP-18325,1492,9,120.15,33.642,0.0,2015,12,False
CA-2015-143490,2015-12-06,2015-12-13,NP-18325,37,2,219.184,19.1786,0.2,2015,12,False
CA-2015-165085,2015-12-27,2015-12-31,BT-11485,1739,5,28.9,14.161,0.0,2015,12,False
CA-2015-165085,2015-12-27,2015-12-31,BT-11485,950,2,355.96,103.2284,0.0,2015,12,False
CA-2017-160423,2017-01-21,2017-01-26,PS-19045,645,7,348.208,30.4682,0.2,2017,1,False
CA-2017-160423,2017-01-21,2017-01-26,PS-19045,707,7,35.784,-28.6272,0.7,2017,1,False
CA-2014-159338,2014-06-25,2014-06-28,NS-18640,830,5,447.84,11.196,0.2,2014,6,False
CA-2016-107216,2016-06-14,2016-06-17,PV-18985,1133,4,7.04,2.0416,0.0,2016,6,False
CA-2016-107216,2016-06-14,2016-06-17,PV-18985,729,3,8.73,4.1031,0.0,2016,6,False
CA-2016-107216,2016-06-14,2016-06-17,PV-18985,995,1,29.29,9.6657,0.0,2016,6,False
CA-2016-107216,2016-06-14,2016-06-17,PV-18985,1155,3,8.64,2.5056,0.0,2016,6,False
US-2017-145863,2017-04-21,2017-04-27,RP-19390,259,3,2.694,-4.7145,0.8,2017,4,False
US-2017-145863,2017-04-21,2017-04-27,RP-19390,1588,3,2.934,-4.9878,0.8,2017,4,False
CA-2016-112340,2016-10-21,2016-10-27,NM-18520,1344,3,22.92,11.2308,0.0,2016,10,False
US-2016-110156,2016-11-19,2016-11-24,EH-13945,1553,6,100.704,-16.3644,0.2,2016,11,False
US-2016-110156,2016-11-19,2016-11-24,EH-13945,729,2,2.328,-0.7566,0.6,2016,11,False
US-2016-110156,2016-11-19,2016-11-24,EH-13945,710,5,10.78,-17.248,0.8,2016,11,False
US-2016-110156,2016-11-19,2016-11-24,EH-13945,1499,12,58.368,21.888,0.2,2016,11,False
US-2016-110156,2016-11-19,2016-11-24,EH-13945,1334,3,40.968,13.8267,0.2,2016,11,False
US-2016-110156,2016-11-19,2016-11-24,EH-13945,1848,5,71.96,25.186,0.2,2016,11,False
US-2016-110156,2016-11-19,2016-11-24,EH-13945,1689,2,10.368,3.6288,0.2,2016,11,False
US-2016-110156,2016-11-19,2016-11-24,EH-13945,255,2,1.192,-2.0264,0.8,2016,11,False
CA-2017-140585,2017-12-18,2017-12-23,RA-19915,330,2,46.672,16.3352,0.2,2017,12,False
CA-2017-140585,2017-12-18,2017-12-23,RA-19915,385,1,119.833,-12.6882,0.15,2017,12,False
CA-2017-140585,2017-12-18,2017-12-23,RA-19915,1022,2,119.98,57.5904,0.0,2017,12,False
CA-2016-144855,2016-07-22,2016-07-24,DL-13495,1435,2,6.3,3.024,0.0,2016,7,False
CA-2015-142755,2015-09-04,2015-09-08,CS-12355,1692,5,279.9,137.151,0.0,2015,9,False
CA-2015-142755,2015-09-04,2015-09-08,CS-12355,999,5,619.95,111.591,0.0,2015,9,True
CA-2015-142755,2015-09-04,2015-09-08,CS-12355,141,2,4.36,2.0492,0.0,2015,9,False
CA-2015-142755,2015-09-04,2015-09-08,CS-12355,1431,2,15.28,7.4872,0.0,2015,9,False
US-2014-147627,2014-01-20,2014-01-26,HL-15040,156,7,699.93,181.9818,0.0,2014,1,True
US-2014-147627,2014-01-20,2014-01-26,HL-15040,1161,7,22.96,6.6584,0.0,2014,1,False
US-2014-147627,2014-01-20,2014-01-26,HL-15040,564,4,38.6,11.58,0.0,2014,1,False
US-2014-147627,2014-01-20,2014-01-26,HL-15040,1134,3,6.63,1.7901,0.0,2014,1,False
US-2014-147627,2014-01-20,2014-01-26,HL-15040,1493,3,23.34,10.9698,0.0,2014,1,False
US-2014-147627,2014-01-20,2014-01-26,HL-15040,833,3,1067.94,224.2674,0.0,2014,1,True
CA-2015-105970,2015-03-02,2015-03-07,PA-19060,29,1,10.16,2.6416,0.0,2015,3,False
CA-2015-105970,2015-03-02,2015-03-07,PA-19060,373,6,101.88,50.94,0.0,2015,3,False
CA-2016-112102,2016-04-12,2016-04-16,BD-11605,942,4,343.92,75.6624,0.0,2016,4,False
CA-2016-112102,2016-04-12,2016-04-16,BD-11605,1733,1,40.99,20.0851,0.0,2016,4,False
CA-2016-112102,2016-04-12,2016-04-16,BD-11605,773,5,63.9,28.755,0.0,2016,4,False
US-2016-114776,2016-12-06,2016-12-07,GG-14650,1812,3,19.44,9.3312,0.0,2016,12,False
US-2016-134908,2016-06-05,2016-06-09,JS-15940,556,4,124.608,-23.364,0.2,2016,6,False
US-2016-134908,2016-06-05,2016-06-09,JS-15940,212,3,7.56,2.646,0.2,2016,6,False
US-2016-148803,2016-12-11,2016-12-11,LR-16915,1504,3,85.224,7.4571,0.2,2016,12,False
CA-2016-152170,2016-11-12,2016-11-15,FH-14275,1580,8,287.52,129.384,0.0,2016,11,False
CA-2016-152170,2016-11-12,2016-11-15,FH-14275,305,2,37.68,10.5504,0.0,2016,11,False
CA-2016-152170,2016-11-12,2016-11-15,FH-14275,1679,2,19.98,8.991,0.0,2016,11,False
CA-2016-152170,2016-11-12,2016-11-15,FH-14275,1140,7,20.58,5.5566,0.0,2016,11,False
CA-2016-152170,2016-11-12,2016-11-15,FH-14275,414,2,17.38,8.69,0.0,2016,11,False
CA-2014-146969,2014-09-29,2014-10-03,AP-10915,1035,2,204.6,53.196,0.0,2014,9,False
CA-2014-146969,2014-09-29,2014-10-03,AP-10915,1510,4,8.72,2.8776,0.0,2014,9,False
CA-2014-146969,2014-09-29,2014-10-03,AP-10915,1820,1,6.48,3.1104,0.0,2014,9,False
CA-2014-146969,2014-09-29,2014-10-03,AP-10915,1502,2,686.32,223.054,0.2,2014,9,True
CA-2014-146969,2014-09-29,2014-10-03,AP-10915,645,1,62.18,16.7886,0.0,2014,9,False
CA-2015-112452,2015-04-04,2015-04-04,NC-18340,869,2,644.076,107.346,0.1,2015,4,True
CA-2015-112452,2015-04-04,2015-04-04,NC-18340,1499,2,5.84,2.628,0.0,2015,4,False
CA-2015-112452,2015-04-04,2015-04-04,NC-18340,60,2,12.76,5.8696,0.0,2015,4,False
CA-2015-112452,2015-04-04,2015-04-04,NC-18340,1447,1,10.95,0.438,0.0,2015,4,False
CA-2015-112452,2015-04-04,2015-04-04,NC-18340,371,2,599.98,209.993,0.0,2015,4,True
CA-2015-113971,2015-05-08,2015-05-14,CB-12535,586,6,8.352,1.2528,0.2,2015,5,False
CA-2017-160395,2016-12-31,2017-01-06,KL-16555,473,2,3.64,1.638,0.0,2016,12,False
CA-2017-160395,2016-12-31,2017-01-06,KL-16555,992,7,159.768,53.9217,0.2,2016,12,False
CA-2014-136567,2014-12-20,2014-12-21,PS-19045,1365,2,122.48,0.0,0.0,2014,12,False
CA-2014-136567,2014-12-20,2014-12-21,PS-19045,423,7,2244.48,493.7856,0.0,2014,12,True
CA-2014-136567,2014-12-20,2014-12-21,PS-19045,1625,3,62.31,29.2857,0.0,2014,12,False
CA-2014-136567,2014-12-20,2014-12-21,PS-19045,853,2,455.1,100.122,0.0,2014,12,False
CA-2016-149314,2016-07-02,2016-07-07,GB-14530,838,1,195.184,19.5184,0.2,2016,7,False
CA-2017-147039,2017-06-29,2017-07-04,AA-10315,292,3,362.94,90.735,0.0,2017,6,False
CA-2017-147039,2017-06-29,2017-07-04,AA-10315,235,2,11.54,5.77,0.0,2017,6,False
CA-2014-126522,2014-09-01,2014-09-05,LT-16765,279,3,53.94,15.6426,0.0,2014,9,False
CA-2014-127964,2014-03-03,2014-03-08,AP-10720,1295,1,9.99,4.5954,0.0,2014,3,False
CA-2014-127964,2014-03-03,2014-03-08,AP-10720,898,3,125.76,40.872,0.2,2014,3,False
CA-2014-127964,2014-03-03,2014-03-08,AP-10720,408,5,25.32,9.1785,0.2,2014,3,False
CA-2014-117709,2014-05-04,2014-05-08,PM-18940,638,4,46.8,21.06,0.0,2014,5,False
CA-2015-125416,2015-11-02,2015-11-02,KC-16540,1007,9,447.93,49.2723,0.0,2015,11,False
CA-2017-145226,2017-12-08,2017-12-10,DL-13315,392,2,109.48,33.9388,0.0,2017,12,False
CA-2017-145226,2017-12-08,2017-12-10,DL-13315,1382,3,272.94,0.0,0.0,2017,12,False
CA-2017-145226,2017-12-08,2017-12-10,DL-13315,1788,3,19.44,9.3312,0.0,2017,12,False
CA-2017-145226,2017-12-08,2017-12-10,DL-13315,928,4,31.92,8.2992,0.0,2017,12,False
US-2014-100279,2014-03-10,2014-03-14,SW-20275,733,2,22.38,10.7424,0.0,2014,3,False
CA-2014-158064,2014-04-21,2014-04-25,AA-10375,33,5,16.52,5.5755,0.2,2014,4,False
US-2015-104430,2015-10-22,2015-10-26,LT-17110,691,4,5.176,-7.764,0.8,2015,10,False
CA-2015-132080,2015-08-22,2015-08-25,DP-13105,177,6,50.112,16.2864,0.2,2015,8,False
CA-2016-161207,2016-08-29,2016-09-03,AB-10060,89,3,27.93,8.0997,0.0,2016,8,False
CA-2014-120243,2014-12-27,2014-12-30,AT-10435,1498,4,11.56,5.4332,0.0,2014,12,False
CA-2016-113621,2016-12-01,2016-12-05,JE-15745,799,2,172.5,51.75,0.0,2016,12,False
CA-2016-113621,2016-12-01,2016-12-05,JE-15745,930,3,179.97,44.9925,0.0,2016,12,False
CA-2016-168081,2016-04-24,2016-04-27,CA-12055,1275,3,258.696,64.674,0.2,2016,4,False
CA-2014-128146,2014-06-21,2014-06-25,DB-13060,1657,7,1322.93,357.1911,0.0,2014,6,True
CA-2014-128146,2014-06-21,2014-06-25,DB-13060,1193,2,3.76,1.0904,0.0,2014,6,False
CA-2017-138779,2017-01-14,2017-01-15,RB-19570,1581,1,21.744,7.3386,0.2,2017,1,False
CA-2017-138779,2017-01-14,2017-01-15,RB-19570,1416,5,7.92,0.693,0.2,2017,1,False
CA-2014-127131,2014-11-24,2014-11-30,HR-14830,1250,7,12.096,4.2336,0.2,2014,11,False
CA-2014-127131,2014-11-24,2014-11-30,HR-14830,416,6,485.88,9.7176,0.0,2014,11,False
CA-2014-127131,2014-11-24,2014-11-30,HR-14830,1817,4,25.92,12.4416,0.0,2014,11,False
CA-2014-127131,2014-11-24,2014-11-30,HR-14830,1330,2,197.58,53.3466,0.0,2014,11,False
CA-2017-117212,2017-02-26,2017-02-28,BT-11530,946,4,81.92,22.1184,0.0,2017,2,False
CA-2017-117212,2017-02-26,2017-02-28,BT-11530,1570,8,889.536,66.7152,0.2,2017,2,True
CA-2017-117212,2017-02-26,2017-02-28,BT-11530,785,3,892.224,89.2224,0.2,2017,2,True
CA-2017-117212,2017-02-26,2017-02-28,BT-11530,1692,4,223.92,109.7208,0.0,2017,2,False
CA-2017-117212,2017-02-26,2017-02-28,BT-11530,1710,4,23.12,11.3288,0.0,2017,2,False
US-2015-130519,2015-09-15,2015-09-15,NG-18355,1805,3,15.552,5.4432,0.2,2015,9,False
US-2015-130519,2015-09-15,2015-09-15,NG-18355,1587,4,15.712,2.5532,0.2,2015,9,False
US-2015-130519,2015-09-15,2015-09-15,NG-18355,508,2,24.672,2.1588,0.2,2015,9,False
US-2015-130519,2015-09-15,2015-09-15,NG-18355,1532,1,55.968,-2.0988,0.2,2015,9,False
CA-2016-130946,2016-04-08,2016-04-12,ZC-21910,954,9,431.928,64.7892,0.2,2016,4,False
CA-2016-130946,2016-04-08,2016-04-12,ZC-21910,738,4,95.984,-4.1136,0.3,2016,4,False
CA-2016-130946,2016-04-08,2016-04-12,ZC-21910,683,4,1088.792,-1850.9464,0.8,2016,4,True
CA-2016-114727,2016-07-18,2016-07-24,LS-16945,843,3,544.008,40.8006,0.2,2016,7,True
CA-2016-114727,2016-07-18,2016-07-24,LS-16945,1357,3,1.872,-1.4352,0.7,2016,7,False
CA-2016-114727,2016-07-18,2016-07-24,LS-16945,833,3,854.352,10.6794,0.2,2016,7,True
CA-2016-114727,2016-07-18,2016-07-24,LS-16945,1426,2,593.568,0.0,0.2,2016,7,True
CA-2016-114727,2016-07-18,2016-07-24,LS-16945,659,3,338.04,-33.804,0.2,2016,7,False
CA-2017-133235,2017-08-01,2017-08-04,LH-16750,1170,5,271.96,16.9975,0.2,2017,8,False
CA-2016-137050,2016-07-14,2016-07-18,SW-20755,1262,1,11.21,3.363,0.0,2016,7,False
CA-2016-137050,2016-07-14,2016-07-18,SW-20755,64,3,9.144,3.2004,0.2,2016,7,False
CA-2016-137050,2016-07-14,2016-07-18,SW-20755,908,7,14.07,6.8943,0.0,2016,7,False
CA-2016-137050,2016-07-14,2016-07-18,SW-20755,1121,7,41.86,10.465,0.0,2016,7,False
CA-2016-137050,2016-07-14,2016-07-18,SW-20755,1307,2,8.544,2.8836,0.2,2016,7,False
CA-2016-137050,2016-07-14,2016-07-18,SW-20755,1180,4,579.136,21.7176,0.2,2016,7,True
US-2017-118087,2017-09-09,2017-09-13,SP-20620,762,2,141.372,-48.4704,0.3,2017,9,False
US-2017-118087,2017-09-09,2017-09-13,SP-20620,1640,2,3.036,-2.3276,0.7,2017,9,False
US-2017-118087,2017-09-09,2017-09-13,SP-20620,700,1,4.503,-3.6024,0.7,2017,9,False
US-2017-118087,2017-09-09,2017-09-13,SP-20620,1319,1,4.672,1.5768,0.2,2017,9,False
US-2017-118087,2017-09-09,2017-09-13,SP-20620,1089,3,95.88,28.764,0.2,2017,9,False
US-2017-118087,2017-09-09,2017-09-13,SP-20620,568,2,17.024,1.7024,0.2,2017,9,False
US-2017-118087,2017-09-09,2017-09-13,SP-20620,1275,3,258.696,64.674,0.2,2017,9,False
US-2017-118087,2017-09-09,2017-09-13,SP-20620,1389,7,1931.958,-386.3916,0.4,2017,9,True
CA-2014-110184,2014-07-12,2014-07-16,BF-11170,660,9,249.75,44.955,0.0,2014,7,False
CA-2014-110184,2014-07-12,2014-07-16,BF-11170,728,8,255.936,28.7928,0.2,2014,7,False
CA-2016-126004,2016-12-04,2016-12-05,BM-11140,560,3,113.79,20.4822,0.0,2016,12,False
CA-2016-126004,2016-12-04,2016-12-05,BM-11140,600,1,78.15,34.386,0.0,2016,12,False
CA-2016-126004,2016-12-04,2016-12-05,BM-11140,1250,1,1.728,0.6048,0.2,2016,12,False
CA-2016-126004,2016-12-04,2016-12-05,BM-11140,537,4,40.56,19.8744,0.0,2016,12,False
CA-2016-126004,2016-12-04,2016-12-05,BM-11140,418,3,182.94,3.6588,0.0,2016,12,False
CA-2016-126004,2016-12-04,2016-12-05,BM-11140,642,2,193.86,11.6316,0.0,2016,12,False
CA-2017-100013,2017-11-06,2017-11-11,ZC-21910,5,2,15.28,7.4872,0.0,2017,11,False
CA-2017-100013,2017-11-06,2017-11-11,ZC-21910,506,1,8.73,2.9682,0.0,2017,11,False
CA-2017-100013,2017-11-06,2017-11-11,ZC-21910,1372,2,5.68,1.7608,0.0,2017,11,False
CA-2015-132570,2015-10-31,2015-11-02,KT-16480,521,2,2.78,0.7228,0.0,2015,10,False
CA-2015-132570,2015-10-31,2015-11-02,KT-16480,345,2,79.96,35.982,0.0,2015,10,False
CA-2016-153682,2016-05-30,2016-06-01,BG-11695,398,2,839.988,69.999,0.4,2016,5,True
CA-2016-144344,2016-10-28,2016-10-28,PG-18820,15,3,47.952,13.7862,0.2,2016,10,False
CA-2016-144344,2016-10-28,2016-10-28,PG-18820,973,5,37.425,-29.94,0.7,2016,10,False
CA-2016-144344,2016-10-28,2016-10-28,PG-18820,584,2,63.968,0.0,0.2,2016,10,False
CA-2016-144344,2016-10-28,2016-10-28,PG-18820,880,3,165.048,41.262,0.2,2016,10,False
CA-2014-127012,2014-08-11,2014-08-15,GM-14680,577,1,12.35,5.434,0.0,2014,8,False
CA-2014-127012,2014-08-11,2014-08-15,GM-14680,1406,1,40.97,10.6522,0.0,2014,8,False
CA-2014-127012,2014-08-11,2014-08-15,GM-14680,1601,2,22.96,10.7912,0.0,2014,8,False
CA-2016-128727,2016-08-29,2016-09-04,MO-17800,1396,4,22.0,5.5,0.0,2016,8,False
US-2016-162859,2016-02-15,2016-02-22,PG-18820,682,3,398.352,124.485,0.2,2016,2,False
US-2016-162859,2016-02-15,2016-02-22,PG-18820,122,4,8.72,3.5752,0.0,2016,2,False
CA-2017-133641,2017-05-14,2017-05-21,EJ-14155,628,9,48.69,23.8581,0.0,2017,5,False
CA-2014-168494,2014-12-12,2014-12-14,NP-18700,849,6,764.688,95.586,0.2,2014,12,True
CA-2014-168494,2014-12-12,2014-12-14,NP-18700,368,12,3610.848,135.4068,0.2,2014,12,True
CA-2014-168494,2014-12-12,2014-12-14,NP-18700,316,3,254.9745,11.9988,0.15,2014,12,False
CA-2017-115602,2017-12-18,2017-12-24,DJ-13630,1500,6,38.82,17.469,0.0,2017,12,False
CA-2017-115602,2017-12-18,2017-12-24,DJ-13630,1202,9,1141.938,139.5702,0.1,2017,12,True
CA-2017-115602,2017-12-18,2017-12-24,DJ-13630,949,13,1704.56,511.368,0.0,2017,12,True
CA-2017-115602,2017-12-18,2017-12-24,DJ-13630,1412,2,3.2,1.376,0.0,2017,12,False
CA-2015-154956,2015-07-04,2015-07-09,IM-15070,1093,4,1099.96,285.9896,0.0,2015,7,True
CA-2017-144638,2017-03-10,2017-03-14,MH-18115,1145,2,5.248,0.5904,0.2,2017,3,False
CA-2017-144638,2017-03-10,2017-03-14,MH-18115,442,3,35.91,-8.379,0.4,2017,3,False
CA-2017-144638,2017-03-10,2017-03-14,MH-18115,1610,1,6.696,0.5022,0.2,2017,3,False
CA-2017-144638,2017-03-10,2017-03-14,MH-18115,884,2,43.872,11.5164,0.2,2017,3,False
US-2016-168620,2016-12-24,2016-12-28,RB-19795,693,3,27.882,-20.4468,0.7,2016,12,False
US-2016-168620,2016-12-24,2016-12-28,RB-19795,1551,3,540.048,-47.2542,0.2,2016,12,True
US-2016-168620,2016-12-24,2016-12-28,RB-19795,1089,8,255.68,76.704,0.2,2016,12,False
CA-2017-117079,2017-10-23,2017-10-27,JR-15700,1645,3,863.88,107.985,0.2,2017,10,True
US-2016-144393,2016-10-28,2016-11-04,SM-20950,1836,4,17.616,-14.0928,0.7,2016,10,False
CA-2017-105053,2017-07-07,2017-07-09,CS-12355,1624,3,17.472,6.3336,0.2,2017,7,False
CA-2016-155992,2016-10-01,2016-10-02,CC-12220,1271,2,69.9,18.873,0.0,2016,10,False
CA-2016-155992,2016-10-01,2016-10-02,CC-12220,1610,5,41.85,10.881,0.0,2016,10,False
CA-2017-110380,2017-09-02,2017-09-07,PF-19225,1252,3,6.57,1.7739,0.0,2017,9,False
US-2014-167738,2014-12-24,2014-12-29,JC-16105,979,1,142.86,41.4294,0.0,2014,12,False
US-2014-167738,2014-12-24,2014-12-29,JC-16105,770,6,292.272,18.267,0.2,2014,12,False
CA-2017-121412,2017-09-23,2017-09-27,BG-11695,135,3,29.328,3.666,0.2,2017,9,False
CA-2017-100426,2017-06-04,2017-06-08,DC-12850,143,2,12.48,5.616,0.0,2017,6,False
US-2016-103646,2016-04-21,2016-04-26,SP-20545,635,4,102.336,-12.792,0.2,2016,4,False
US-2016-103646,2016-04-21,2016-04-26,SP-20545,945,3,48.792,-126.8592,0.8,2016,4,False
US-2016-103646,2016-04-21,2016-04-26,SP-20545,1254,8,44.848,-67.272,0.8,2016,4,False
CA-2016-119186,2016-05-26,2016-05-26,MS-17710,1808,2,10.368,3.6288,0.2,2016,5,False
CA-2016-119186,2016-05-26,2016-05-26,MS-17710,1213,5,388.43,-88.784,0.3,2016,5,False
CA-2016-119186,2016-05-26,2016-05-26,MS-17710,1589,3,14.352,5.2026,0.2,2016,5,False
CA-2016-119186,2016-05-26,2016-05-26,MS-17710,998,1,63.992,-7.1991,0.2,2016,5,False
CA-2016-148698,2016-05-02,2016-05-07,BD-11770,1231,3,86.352,5.397,0.2,2016,5,False
CA-2014-163293,2014-09-08,2014-09-11,KC-16255,1068,3,32.97,12.8583,0.0,2014,9,False
CA-2014-163293,2014-09-08,2014-09-11,KC-16255,1056,4,83.88,30.1968,0.0,2014,9,False
CA-2016-160815,2016-09-05,2016-09-06,TR-21325,732,3,278.4,80.736,0.0,2016,9,False
CA-2017-122154,2017-04-09,2017-04-11,SA-20830,186,3,15.12,4.914,0.2,2017,4,False
CA-2017-122154,2017-04-09,2017-04-11,SA-20830,233,1,17.43,-13.363,0.7,2017,4,False
CA-2017-122154,2017-04-09,2017-04-11,SA-20830,1700,3,251.64,88.074,0.2,2017,4,False
US-2015-149692,2015-12-06,2015-12-12,KW-16435,266,7,2.772,-4.851,0.8,2015,12,False
CA-2016-119445,2016-06-26,2016-07-03,GM-14500,1658,5,14.9,1.043,0.0,2016,6,False
CA-2015-124268,2015-07-04,2015-07-08,AD-10180,458,3,15.48,4.4892,0.0,2015,7,False
CA-2016-154711,2016-11-22,2016-11-26,TB-21355,1034,2,39.88,11.1664,0.0,2016,11,False
CA-2016-154711,2016-11-22,2016-11-26,TB-21355,75,4,12.192,4.1148,0.2,2016,11,False
CA-2016-154711,2016-11-22,2016-11-26,TB-21355,278,3,20.82,7.4952,0.0,2016,11,False
CA-2016-163384,2016-11-10,2016-11-12,CC-12430,32,4,13.216,4.4604,0.2,2016,11,False
CA-2016-163384,2016-11-10,2016-11-12,CC-12430,1788,5,32.4,15.552,0.0,2016,11,False
CA-2015-101707,2015-08-27,2015-09-01,PF-19165,670,3,32.94,9.2232,0.0,2015,8,False
CA-2015-101707,2015-08-27,2015-09-01,PF-19165,1763,5,114.2,52.532,0.0,2015,8,False
CA-2015-101707,2015-08-27,2015-09-01,PF-19165,221,1,3.08,1.4784,0.0,2015,8,False
CA-2015-138898,2015-05-25,2015-05-29,JH-16180,945,13,845.728,84.5728,0.2,2015,5,True
CA-2017-115427,2017-12-30,2018-01-03,EB-13975,413,2,13.904,4.5188,0.2,2017,12,False
CA-2017-115427,2017-12-30,2018-01-03,EB-13975,678,2,20.72,6.475,0.2,2017,12,False
CA-2016-134425,2016-12-08,2016-12-12,QJ-19255,1099,5,114.95,2.299,0.0,2016,12,False
CA-2015-121391,2015-10-04,2015-10-07,AA-10315,1543,2,26.96,7.0096,0.0,2015,10,False
CA-2016-137043,2016-12-23,2016-12-25,LC-17140,593,6,572.76,166.1004,0.0,2016,12,True
CA-2016-137043,2016-12-23,2016-12-25,LC-17140,593,3,286.38,83.0502,0.0,2016,12,False
CA-2015-115847,2015-09-19,2015-09-24,TC-21535,1424,2,61.96,4.3372,0.0,2015,9,False
US-2017-126179,2017-07-03,2017-07-07,CS-12460,1611,1,23.99,5.5177,0.0,2017,7,False
US-2017-126179,2017-07-03,2017-07-07,CS-12460,1314,3,287.97,77.7519,0.0,2017,7,False
CA-2016-101966,2016-07-14,2016-07-16,BM-11785,344,7,419.944,52.493,0.2,2016,7,False
CA-2016-141397,2016-06-20,2016-06-21,RC-19825,1681,7,46.76,22.4448,0.0,2016,6,False
CA-2016-141397,2016-06-20,2016-06-21,RC-19825,695,3,17.712,6.4206,0.2,2016,6,False
CA-2016-141397,2016-06-20,2016-06-21,RC-19825,294,2,21.78,5.6628,0.0,2016,6,False
CA-2016-141397,2016-06-20,2016-06-21,RC-19825,633,3,161.94,9.7164,0.0,2016,6,False
CA-2016-141397,2016-06-20,2016-06-21,RC-19825,856,2,161.568,-8.0784,0.2,2016,6,False
CA-2016-141082,2016-12-09,2016-12-13,FM-14380,227,1,3.69,1.7343,0.0,2016,12,False
CA-2016-141082,2016-12-09,2016-12-13,FM-14380,183,4,122.12,56.1752,0.0,2016,12,False
US-2016-134488,2016-09-24,2016-10-01,PK-19075,1203,2,155.372,-13.3176,0.3,2016,9,False
CA-2016-145919,2016-12-18,2016-12-23,HG-14965,607,6,38.88,18.6624,0.0,2016,12,False
CA-2016-145919,2016-12-18,2016-12-23,HG-14965,1439,8,183.84,62.5056,0.0,2016,12,False
CA-2016-145919,2016-12-18,2016-12-23,HG-14965,1300,5,579.3,28.965,0.0,2016,12,True
CA-2017-157651,2017-12-10,2017-12-14,HA-14920,1069,1,14.2,3.3725,0.2,2017,12,False
CA-2014-160773,2014-07-01,2014-07-05,LW-16825,1645,2,575.92,71.99,0.2,2014,7,True
CA-2014-160773,2014-07-01,2014-07-05,LW-16825,236,6,5.184,-3.6288,0.7,2014,7,False
CA-2017-167703,2017-02-03,2017-02-08,MC-17575,639,3,5.229,-4.1832,0.7,2017,2,False
CA-2017-167703,2017-02-03,2017-02-08,MC-17575,872,2,285.552,35.694,0.2,2017,2,False
CA-2017-121804,2017-03-03,2017-03-08,LP-17095,52,5,72.8,19.656,0.0,2017,3,False
CA-2017-162635,2017-10-09,2017-10-10,EB-14170,273,4,10.816,3.5152,0.2,2017,10,False
CA-2014-107153,2014-09-28,2014-10-03,GZ-14545,508,3,46.26,12.4902,0.0,2014,9,False
US-2014-117058,2014-05-27,2014-05-30,LE-16810,654,6,17.46,-30.555,0.8,2014,5,False
CA-2015-120439,2015-06-14,2015-06-18,AD-10180,568,6,51.072,5.1072,0.2,2015,6,False
CA-2016-128258,2016-03-30,2016-04-01,CP-12085,1661,1,11.34,5.5566,0.0,2016,3,False
CA-2017-106033,2017-10-15,2017-10-18,FG-14260,1229,4,87.92,26.376,0.0,2017,10,False
CA-2016-142762,2016-05-23,2016-05-27,LD-17005,577,3,37.05,16.302,0.0,2016,5,False
CA-2017-127705,2017-06-02,2017-06-06,AB-10255,477,1,2.97,-0.6435,0.4,2017,6,False
CA-2017-127705,2017-06-02,2017-06-06,AB-10255,125,2,27.44,2.401,0.2,2017,6,False
CA-2014-122567,2014-02-16,2014-02-21,MN-17935,1629,3,1.08,-1.728,0.8,2014,2,False
CA-2014-122567,2014-02-16,2014-02-21,MN-17935,816,2,7.96,-13.93,0.8,2014,2,False
CA-2014-121664,2014-05-06,2014-05-10,HP-14815,1639,8,140.736,52.776,0.2,2014,5,False
CA-2016-122133,2016-05-16,2016-05-23,JR-15670,1366,4,552.56,0.0,0.0,2016,5,True
US-2017-123281,2017-04-02,2017-04-07,JF-15190,1610,3,25.11,6.5286,0.0,2017,4,False
CA-2017-100524,2017-03-31,2017-04-02,CM-12115,1561,2,29.78,8.0406,0.0,2017,3,False
CA-2017-100524,2017-03-31,2017-04-02,CM-12115,1287,3,677.58,176.1708,0.0,2017,3,True
CA-2017-100524,2017-03-31,2017-04-02,CM-12115,1341,8,75.04,36.0192,0.0,2017,3,False
CA-2017-113481,2017-01-02,2017-01-04,AS-10045,432,2,695.7,-27.828,0.5,2017,1,True
CA-2017-113481,2017-01-02,2017-01-04,AS-10045,177,5,15.66,-12.528,0.7,2017,1,False
CA-2017-113481,2017-01-02,2017-01-04,AS-10045,265,6,28.854,-21.1596,0.7,2017,1,False
CA-2015-131758,2015-05-28,2015-06-01,KB-16315,349,3,47.82,14.346,0.0,2015,5,False
CA-2015-131758,2015-05-28,2015-06-01,KB-16315,202,5,13.05,6.003,0.0,2015,5,False
CA-2014-118339,2014-03-17,2014-03-24,BN-11515,337,2,93.78,36.5742,0.0,2014,3,False
CA-2014-118339,2014-03-17,2014-03-24,BN-11515,1065,7,47.18,23.59,0.0,2014,3,False
CA-2014-118339,2014-03-17,2014-03-24,BN-11515,1159,6,19.68,5.7072,0.0,2014,3,False
CA-2014-118339,2014-03-17,2014-03-24,BN-11515,1623,10,53.4,25.098,0.0,2014,3,False
CA-2014-118339,2014-03-17,2014-03-24,BN-11515,260,6,35.88,17.2224,0.0,2014,3,False
CA-2014-153976,2014-10-03,2014-10-08,BP-11290,754,3,258.279,-70.1043,0.3,2014,10,False
CA-2016-162901,2016-03-28,2016-03-31,AS-10045,797,2,31.4,7.85,0.0,2016,3,False
CA-2017-162978,2017-05-04,2017-05-09,LW-16990,1101,5,183.96,20.6955,0.2,2017,5,False
CA-2017-162978,2017-05-04,2017-05-09,LW-16990,1565,3,17.61,8.4528,0.0,2017,5,False
CA-2017-162978,2017-05-04,2017-05-09,LW-16990,368,1,300.904,11.2839,0.2,2017,5,False
US-2014-160444,2014-07-05,2014-07-05,DC-12850,775,3,220.776,-44.1552,0.2,2014,7,False
US-2014-160444,2014-07-05,2014-07-05,DC-12850,635,11,281.424,-35.178,0.2,2014,7,False
CA-2016-145247,2016-05-05,2016-05-07,ND-18370,1693,3,79.14,36.4044,0.0,2016,5,False
CA-2017-160045,2017-04-26,2017-04-27,LB-16735,492,1,1.988,-1.4413,0.6,2017,4,False
US-2014-151925,2014-09-26,2014-10-01,KT-16465,975,2,145.568,0.0,0.2,2014,9,False
CA-2017-125199,2017-10-19,2017-10-25,HM-14860,352,7,123.256,9.2442,0.2,2017,10,False
CA-2017-125199,2017-10-19,2017-10-25,HM-14860,929,4,23.68,7.4,0.2,2017,10,False
CA-2017-125199,2017-10-19,2017-10-25,HM-14860,524,4,309.576,-56.7556,0.4,2017,10,False
US-2017-155425,2017-11-10,2017-11-11,AB-10600,407,14,38.388,-25.592,0.7,2017,11,False
US-2017-155425,2017-11-10,2017-11-11,AB-10600,501,2,95.994,-63.996,0.7,2017,11,False
US-2017-155425,2017-11-10,2017-11-11,AB-10600,420,6,239.952,-35.9928,0.2,2017,11,False
US-2017-155425,2017-11-10,2017-11-11,AB-10600,114,2,201.584,15.1188,0.2,2017,11,False
US-2017-155425,2017-11-10,2017-11-11,AB-10600,825,4,899.136,-146.1096,0.2,2017,11,True
CA-2017-133249,2017-07-08,2017-07-11,SZ-20035,516,5,145.9,62.737,0.0,2017,7,False
US-2015-103471,2015-12-24,2015-12-28,JR-15670,168,7,590.058,-786.744,0.7,2015,12,True
US-2015-103471,2015-12-24,2015-12-28,JR-15670,526,3,14.04,1.5795,0.2,2015,12,False
CA-2017-136672,2017-03-07,2017-03-12,MG-17890,996,3,49.08,4.908,0.0,2017,3,False
US-2014-157021,2014-04-01,2014-04-06,KM-16720,198,2,29.6,14.8,0.0,2014,4,False
US-2014-157021,2014-04-01,2014-04-06,KM-16720,1306,4,17.088,5.5536,0.2,2014,4,False
CA-2015-120362,2015-09-14,2015-09-19,CA-12265,977,5,912.75,118.6575,0.0,2015,9,True
CA-2014-126361,2014-08-04,2014-08-09,VD-21670,871,3,1089.75,305.13,0.0,2014,8,True
CA-2014-126361,2014-08-04,2014-08-09,VD-21670,1721,8,447.84,219.4416,0.0,2014,8,False
CA-2014-126361,2014-08-04,2014-08-09,VD-21670,1136,5,16.4,4.264,0.0,2014,8,False
CA-2014-126361,2014-08-04,2014-08-09,VD-21670,1236,5,399.96,34.9965,0.2,2014,8,False
CA-2014-126361,2014-08-04,2014-08-09,VD-21670,1386,5,158.9,7.945,0.0,2014,8,False
CA-2014-126361,2014-08-04,2014-08-09,VD-21670,904,1,13.184,4.7792,0.2,2014,8,False
US-2016-100566,2016-09-03,2016-09-09,JK-16120,1532,3,83.952,-90.2484,0.6,2016,9,False
US-2016-108504,2016-02-05,2016-02-05,PP-18955,416,1,80.98,1.6196,0.0,2016,2,False
US-2016-108504,2016-02-05,2016-02-05,PP-18955,1616,9,348.84,170.9316,0.0,2016,2,False
US-2016-108504,2016-02-05,2016-02-05,PP-18955,1346,5,9.45,0.189,0.0,2016,2,False
US-2016-108504,2016-02-05,2016-02-05,PP-18955,547,3,18.84,7.1592,0.0,2016,2,False
US-2016-108504,2016-02-05,2016-02-05,PP-18955,378,2,239.98,52.7956,0.0,2016,2,False
US-2016-108504,2016-02-05,2016-02-05,PP-18955,139,2,167.96,78.9412,0.0,2016,2,False
US-2016-108504,2016-02-05,2016-02-05,PP-18955,1271,3,104.85,28.3095,0.0,2016,2,False
US-2016-108504,2016-02-05,2016-02-05,PP-18955,47,3,484.83,126.0558,0.0,2016,2,False
US-2016-108504,2016-02-05,2016-02-05,PP-18955,1617,3,122.97,60.2553,0.0,2016,2,False
US-2016-108504,2016-02-05,2016-02-05,PP-18955,291,3,154.44,1.5444,0.0,2016,2,False
US-2016-108504,2016-02-05,2016-02-05,PP-18955,1731,7,342.37,160.9139,0.0,2016,2,False
CA-2017-124828,2017-07-03,2017-07-04,YS-21880,28,3,9.552,1.5522,0.2,2017,7,False
US-2017-117247,2017-10-09,2017-10-14,CK-12760,320,5,652.45,-430.617,0.5,2017,10,True
US-2017-117247,2017-10-09,2017-10-14,CK-12760,835,3,66.645,-42.6528,0.5,2017,10,False
CA-2016-124485,2016-11-24,2016-11-26,NC-18340,68,4,17.216,6.0256,0.2,2016,11,False
CA-2016-124485,2016-11-24,2016-11-26,NC-18340,1749,2,11.56,5.6644,0.0,2016,11,False
CA-2016-124485,2016-11-24,2016-11-26,NC-18340,1404,4,88.4,11.492,0.0,2016,11,False
CA-2016-124485,2016-11-24,2016-11-26,NC-18340,1813,1,6.48,3.1104,0.0,2016,11,False
CA-2016-159212,2016-11-01,2016-11-05,KM-16375,967,2,21.8,6.104,0.0,2016,11,False
CA-2016-159212,2016-11-01,2016-11-05,KM-16375,128,3,251.79,118.3413,0.0,2016,11,False
US-2016-161396,2016-04-19,2016-04-25,GM-14455,379,2,205.176,-58.1332,0.4,2016,4,False
US-2016-161396,2016-04-19,2016-04-25,GM-14455,1672,5,419.4,146.79,0.2,2016,4,False
US-2014-118486,2014-04-06,2014-04-08,SD-20485,1044,1,10.304,-2.1896,0.2,2014,4,False
US-2014-118486,2014-04-06,2014-04-08,SD-20485,942,3,154.764,-36.1116,0.4,2014,4,False
US-2014-118486,2014-04-06,2014-04-08,SD-20485,917,2,116.784,21.897,0.2,2014,4,False
CA-2016-130407,2016-09-02,2016-09-06,KD-16270,1228,2,75.48,19.6248,0.0,2016,9,False
CA-2016-130407,2016-09-02,2016-09-06,KD-16270,1531,2,39.98,9.995,0.0,2016,9,False
US-2016-122245,2016-09-25,2016-09-30,AB-10105,319,3,393.165,-204.4458,0.5,2016,9,False
CA-2017-105144,2017-11-04,2017-11-11,SZ-20035,134,2,23.68,8.88,0.2,2017,11,False
CA-2016-136329,2016-07-09,2016-07-13,JD-15895,843,2,408.006,72.5344,0.1,2016,7,False
CA-2016-136329,2016-07-09,2016-07-13,JD-15895,513,4,165.28,14.8752,0.0,2016,7,False
CA-2014-146640,2014-06-30,2014-07-05,HA-14905,706,7,334.768,108.7996,0.2,2014,6,False
CA-2017-115994,2017-01-28,2017-01-31,BT-11305,998,3,239.97,26.3967,0.0,2017,1,False
CA-2017-115994,2017-01-28,2017-01-31,BT-11305,486,3,37.74,12.8316,0.0,2017,1,False
CA-2015-126697,2015-09-21,2015-09-24,SV-20815,1448,7,946.344,118.293,0.2,2015,9,True
CA-2015-126697,2015-09-21,2015-09-24,SV-20815,889,3,151.2,32.13,0.2,2015,9,False
CA-2015-126697,2015-09-21,2015-09-24,SV-20815,1029,4,4.928,-1.4784,0.6,2015,9,False
CA-2015-124800,2015-09-26,2015-09-30,RW-19540,1263,4,86.272,31.2736,0.2,2015,9,False
CA-2015-124800,2015-09-26,2015-09-30,RW-19540,716,2,72.588,-48.392,0.7,2015,9,False
CA-2015-124800,2015-09-26,2015-09-30,RW-19540,26,2,60.672,14.4096,0.2,2015,9,False
CA-2015-124800,2015-09-26,2015-09-30,RW-19540,992,9,77.031,-59.0571,0.7,2015,9,False
CA-2015-124800,2015-09-26,2015-09-30,RW-19540,13,6,119.904,-1.4988,0.2,2015,9,False
CA-2015-124800,2015-09-26,2015-09-30,RW-19540,1397,5,263.96,23.0965,0.2,2015,9,False
CA-2015-124800,2015-09-26,2015-09-30,RW-19540,1364,4,363.648,-86.3664,0.2,2015,9,False
US-2015-164448,2015-10-31,2015-11-04,DK-12835,1310,2,9.728,3.2832,0.2,2015,10,False
US-2015-164448,2015-10-31,2015-11-04,DK-12835,1340,5,14.75,7.08,0.0,2015,10,False
US-2015-164448,2015-10-31,2015-11-04,DK-12835,62,5,29.8,9.3125,0.2,2015,10,False
US-2015-164448,2015-10-31,2015-11-04,DK-12835,178,14,427.42,196.6132,0.0,2015,10,False
CA-2017-122700,2017-11-26,2017-11-30,LT-17110,1101,8,220.752,-40.4712,0.4,2017,11,False
CA-2014-120768,2014-12-19,2014-12-21,IM-15070,406,6,152.76,74.8524,0.0,2014,12,False
CA-2014-120768,2014-12-19,2014-12-21,IM-15070,99,1,7.27,1.9629,0.0,2014,12,False
CA-2014-120768,2014-12-19,2014-12-21,IM-15070,814,14,1819.86,163.7874,0.0,2014,12,True
US-2016-153129,2016-12-26,2016-12-30,FP-14320,1516,5,33.9,15.594,0.0,2016,12,False
CA-2017-106852,2017-06-20,2017-06-27,ST-20530,1798,6,31.104,10.8864,0.2,2017,6,False
CA-2017-106852,2017-06-20,2017-06-27,ST-20530,1159,2,5.248,0.5904,0.2,2017,6,False
CA-2015-139731,2015-10-15,2015-10-15,JE-15745,1267,3,263.88,42.8805,0.2,2015,10,False
CA-2015-139731,2015-10-15,2015-10-15,JE-15745,786,5,2453.43,-350.49,0.3,2015,10,True
CA-2017-122735,2017-04-12,2017-04-15,BD-11320,1511,5,29.7,13.365,0.0,2017,4,False
CA-2017-122735,2017-04-12,2017-04-15,BD-11320,1736,4,39.96,17.982,0.0,2017,4,False
CA-2017-128160,2017-12-19,2017-12-24,MM-17920,519,2,36.672,11.46,0.2,2017,12,False
CA-2017-117695,2017-08-05,2017-08-08,PW-19030,105,2,13.76,6.3296,0.0,2017,8,False
CA-2015-166135,2015-10-01,2015-10-06,SC-20440,1572,4,139.424,17.428,0.2,2015,10,False
CA-2016-133725,2016-05-23,2016-05-28,KL-16645,1093,9,1979.928,148.4946,0.2,2016,5,True
CA-2017-102337,2017-06-13,2017-06-16,SD-20485,291,4,164.736,-39.1248,0.2,2017,6,False
CA-2017-102337,2017-06-13,2017-06-16,SD-20485,767,7,470.302,-87.3418,0.3,2017,6,False
CA-2017-102337,2017-06-13,2017-06-16,SD-20485,1223,2,47.984,5.998,0.2,2017,6,False
US-2014-112564,2014-04-23,2014-04-24,TS-21160,1641,3,2.502,-1.7514,0.7,2014,4,False
CA-2015-145821,2015-05-01,2015-05-07,JB-15400,1224,3,88.752,11.094,0.2,2015,5,False
US-2015-160150,2015-07-19,2015-07-20,TS-21085,1628,1,2.025,-1.35,0.7,2015,7,False
CA-2016-133711,2016-11-26,2016-11-29,MC-17425,537,7,70.98,34.7802,0.0,2016,11,False
CA-2016-133711,2016-11-26,2016-11-29,MC-17425,1521,3,91.68,45.84,0.0,2016,11,False
CA-2016-133711,2016-11-26,2016-11-29,MC-17425,1628,5,33.75,16.875,0.0,2016,11,False
CA-2016-133711,2016-11-26,2016-11-29,MC-17425,807,8,3040.0,1459.2,0.0,2016,11,True
CA-2017-148474,2017-06-12,2017-06-19,ME-17320,899,3,91.2,41.952,0.0,2017,6,False
CA-2017-148474,2017-06-12,2017-06-19,ME-17320,907,3,452.94,67.941,0.0,2017,6,False
CA-2015-111297,2015-08-17,2015-08-21,SC-20440,1644,9,52.2,23.49,0.0,2015,8,False
CA-2016-123722,2016-09-25,2016-10-01,NH-18610,207,4,15.936,5.1792,0.2,2016,9,False
CA-2014-155271,2014-05-04,2014-05-04,AA-10480,493,2,27.46,9.8856,0.0,2014,5,False
CA-2015-119907,2015-12-01,2015-12-08,LC-17140,1634,2,55.424,19.3984,0.2,2015,12,False
US-2016-128902,2016-03-11,2016-03-15,MB-18085,428,2,244.006,-31.3722,0.3,2016,3,False
CA-2016-152289,2016-08-26,2016-08-28,LC-16930,1005,2,159.984,43.9956,0.2,2016,8,False
CA-2016-152289,2016-08-26,2016-08-28,LC-16930,838,6,1024.716,-29.2776,0.3,2016,8,True
US-2016-104794,2016-12-16,2016-12-19,KD-16495,1509,2,3.68,1.8032,0.0,2016,12,False
CA-2014-151708,2014-08-08,2014-08-14,MB-17305,560,4,121.376,-3.0344,0.2,2014,8,False
CA-2014-151708,2014-08-08,2014-08-14,MB-17305,1405,3,95.976,-10.7973,0.2,2014,8,False
CA-2015-100769,2015-05-16,2015-05-16,TH-21550,1328,4,255.968,31.996,0.2,2015,5,False
CA-2017-139199,2017-12-09,2017-12-13,DK-12835,751,3,872.94,226.9644,0.0,2017,12,True
CA-2017-139199,2017-12-09,2017-12-13,DK-12835,1625,2,41.54,19.5238,0.0,2017,12,False
CA-2017-139199,2017-12-09,2017-12-13,DK-12835,1734,2,12.96,6.2208,0.0,2017,12,False
US-2015-161466,2015-09-24,2015-09-27,ON-18715,1127,2,6.848,0.5992,0.2,2015,9,False
CA-2017-164959,2017-07-11,2017-07-15,KN-16390,189,3,8.67,4.0749,0.0,2017,7,False
US-2015-105676,2015-12-01,2015-12-02,NM-18520,576,4,6.688,-4.0128,0.6,2015,12,False
CA-2016-113138,2016-11-19,2016-11-25,NP-18685,1149,6,17.28,5.0112,0.0,2016,11,False
CA-2016-113138,2016-11-19,2016-11-25,NP-18685,695,3,17.712,6.4206,0.2,2016,11,False
US-2017-104955,2017-03-19,2017-03-24,CG-12040,215,7,28.91,13.2986,0.0,2017,3,False
CA-2016-121958,2016-11-13,2016-11-17,CS-12505,89,7,52.136,5.8653,0.2,2016,11,False
CA-2017-121468,2017-11-19,2017-11-20,KD-16345,1483,4,31.968,2.3976,0.2,2017,11,False
US-2016-108455,2016-12-02,2016-12-08,MK-18160,1705,4,25.92,12.4416,0.0,2016,12,False
US-2016-108455,2016-12-02,2016-12-08,MK-18160,789,7,40.46,19.8254,0.0,2016,12,False
US-2016-108455,2016-12-02,2016-12-08,MK-18160,1659,3,33.87,8.8062,0.0,2016,12,False
CA-2017-101210,2017-08-25,2017-08-28,DW-13540,1841,2,9.728,1.7024,0.2,2017,8,False
CA-2017-101210,2017-08-25,2017-08-28,DW-13540,1781,1,3.424,1.07,0.2,2017,8,False
US-2016-108098,2016-10-14,2016-10-18,CP-12340,1607,3,177.0,30.09,0.0,2016,10,False
CA-2014-119032,2014-11-27,2014-12-03,MS-17770,1499,2,3.76,1.316,0.0,2014,11,False
CA-2015-140410,2015-11-03,2015-11-07,CM-12655,434,7,1212.848,106.1242,0.2,2015,11,True
CA-2015-140410,2015-11-03,2015-11-07,CM-12655,1012,3,89.97,37.7874,0.0,2015,11,False
CA-2015-140410,2015-11-03,2015-11-07,CM-12655,457,3,42.6,16.614,0.0,2015,11,False
CA-2014-136280,2014-11-29,2014-12-06,Co-12640,195,2,5.04,1.764,0.2,2014,11,False
CA-2017-151911,2017-04-30,2017-05-05,DL-13495,6,4,62.96,28.332,0.0,2017,4,False
CA-2017-166436,2017-11-24,2017-11-28,TS-21370,108,1,5.88,2.8812,0.0,2017,11,False
CA-2017-166436,2017-11-24,2017-11-28,TS-21370,750,6,977.292,173.7408,0.1,2017,11,True
CA-2017-139661,2017-10-30,2017-11-03,JW-15220,1039,2,9.64,3.6632,0.0,2017,10,False
CA-2014-123925,2014-12-17,2014-12-19,RF-19840,1492,3,40.05,11.214,0.0,2014,12,False
CA-2017-152485,2017-09-04,2017-09-08,JD-15790,473,7,10.192,3.185,0.2,2017,9,False
CA-2017-152485,2017-09-04,2017-09-08,JD-15790,70,1,16.784,-0.2098,0.2,2017,9,False
CA-2017-152485,2017-09-04,2017-09-08,JD-15790,1408,5,13.12,3.772,0.2,2017,9,False
CA-2016-141586,2016-10-17,2016-10-20,NK-18490,237,5,18.16,6.583,0.2,2016,10,False
CA-2017-130386,2017-11-12,2017-11-18,NG-18430,1649,3,16.056,5.8203,0.2,2017,11,False
CA-2017-130386,2017-11-12,2017-11-18,NG-18430,1759,9,223.056,69.705,0.2,2017,11,False
CA-2017-130386,2017-11-12,2017-11-18,NG-18430,1551,3,540.048,-47.2542,0.2,2017,11,True
CA-2016-100468,2016-11-24,2016-12-01,AT-10435,1845,2,33.52,3.352,0.2,2016,11,False
CA-2016-100468,2016-11-24,2016-12-01,AT-10435,492,2,9.94,3.0814,0.0,2016,11,False
CA-2015-153388,2015-08-01,2015-08-07,PC-19000,1298,4,6.72,3.36,0.0,2015,8,False
CA-2015-153388,2015-08-01,2015-08-07,PC-19000,826,6,1004.976,-175.8708,0.2,2015,8,True
CA-2017-154935,2017-12-24,2017-12-29,AR-10540,62,3,17.88,5.5875,0.2,2017,12,False
CA-2016-134208,2016-09-17,2016-09-23,CS-12505,988,4,396.0,190.08,0.0,2016,9,False
CA-2017-108294,2017-12-10,2017-12-10,LS-16975,893,3,34.5,15.525,0.0,2017,12,False
CA-2017-103611,2017-09-12,2017-09-15,JM-15535,576,2,8.36,3.0096,0.0,2017,9,False
CA-2017-100384,2017-06-24,2017-07-01,NH-18610,359,8,385.6,111.824,0.0,2017,6,False
CA-2017-100384,2017-06-24,2017-07-01,NH-18610,28,9,35.82,11.8206,0.0,2017,6,False
CA-2017-112809,2017-08-18,2017-08-22,RA-19915,1383,3,200.064,12.504,0.2,2017,8,False
CA-2017-112809,2017-08-18,2017-08-22,RA-19915,57,5,21.38,-33.139,0.8,2017,8,False
CA-2017-112809,2017-08-18,2017-08-22,RA-19915,900,4,6.744,-11.4648,0.8,2017,8,False
US-2017-160759,2017-12-11,2017-12-17,AI-10855,975,1,63.686,-9.098,0.3,2017,12,False
CA-2017-148446,2017-12-10,2017-12-14,MC-17845,369,4,1669.6,116.872,0.0,2017,12,True
CA-2014-111059,2014-02-03,2014-02-06,TB-21400,898,2,83.84,27.248,0.2,2014,2,False
CA-2014-111059,2014-02-03,2014-02-06,TB-21400,238,3,13.272,4.3134,0.2,2014,2,False
CA-2017-116204,2017-02-11,2017-02-14,VW-21775,72,7,21.336,7.7343,0.2,2017,2,False
CA-2017-109946,2017-04-16,2017-04-21,PL-18925,1132,5,16.52,2.065,0.2,2017,4,False
CA-2015-144806,2015-12-06,2015-12-11,GH-14425,879,6,206.112,48.9516,0.2,2015,12,False
CA-2015-144806,2015-12-06,2015-12-11,GH-14425,1760,5,19.92,6.723,0.2,2015,12,False
CA-2015-144806,2015-12-06,2015-12-11,GH-14425,1750,8,198.272,61.96,0.2,2015,12,False
CA-2015-144806,2015-12-06,2015-12-11,GH-14425,291,6,247.104,-58.6872,0.2,2015,12,False
CA-2015-144806,2015-12-06,2015-12-11,GH-14425,279,6,86.304,9.7092,0.2,2015,12,False
CA-2016-122392,2016-07-22,2016-07-27,CJ-12010,10,2,4.16,0.364,0.2,2016,7,False
CA-2016-122392,2016-07-22,2016-07-27,CJ-12010,1049,2,11.648,3.3488,0.2,2016,7,False
CA-2015-148432,2015-11-07,2015-11-10,MC-18130,1359,7,26.18,0.5236,0.0,2015,11,False
CA-2015-148432,2015-11-07,2015-11-10,MC-18130,1030,2,7.3,3.431,0.0,2015,11,False
CA-2015-103793,2015-03-26,2015-03-31,BV-11245,1779,3,74.352,23.235,0.2,2015,3,False
CA-2017-159884,2017-08-31,2017-09-05,JF-15490,1109,1,10.744,0.8058,0.2,2017,8,False
CA-2017-159884,2017-08-31,2017-09-05,JF-15490,1196,3,8.376,2.7222,0.2,2017,8,False
CA-2016-139885,2016-12-04,2016-12-08,EB-13840,309,6,212.88,0.0,0.0,2016,12,False
CA-2017-124086,2017-02-10,2017-02-14,MP-18175,378,2,203.983,16.7986,0.15,2017,2,False
CA-2016-112389,2016-10-29,2016-11-02,JM-15655,1354,3,40.74,0.4074,0.0,2016,10,False
CA-2016-112389,2016-10-29,2016-11-02,JM-15655,459,3,11.67,3.0342,0.0,2016,10,False
CA-2017-121888,2017-09-15,2017-09-17,CL-11890,728,1,39.99,11.5971,0.0,2017,9,False
CA-2017-121888,2017-09-15,2017-09-17,CL-11890,250,2,16.28,6.512,0.0,2017,9,False
CA-2017-121888,2017-09-15,2017-09-17,CL-11890,167,3,782.94,203.5644,0.0,2017,9,True
CA-2017-121888,2017-09-15,2017-09-17,CL-11890,1634,7,242.48,116.3904,0.0,2017,9,False
CA-2014-166884,2014-03-11,2014-03-16,CK-12205,591,5,8.32,2.288,0.2,2014,3,False
CA-2014-166884,2014-03-11,2014-03-16,CK-12205,1510,6,10.464,1.7004,0.2,2014,3,False
CA-2014-107181,2014-02-04,2014-02-08,DB-13270,705,3,82.896,29.0136,0.2,2014,2,False
CA-2014-107181,2014-02-04,2014-02-08,DB-13270,1080,4,34.24,16.0928,0.0,2014,2,False
CA-2014-150245,2014-12-31,2015-01-04,PC-18745,168,7,1573.488,196.686,0.2,2014,12,True
CA-2015-111395,2015-11-23,2015-11-27,VB-21745,1700,4,335.52,117.432,0.2,2015,11,False
CA-2015-111395,2015-11-23,2015-11-27,VB-21745,706,2,23.912,-40.6504,0.8,2015,11,False
CA-2015-111395,2015-11-23,2015-11-27,VB-21745,1544,2,27.056,2.3674,0.2,2015,11,False
CA-2014-134278,2014-07-06,2014-07-08,EP-13915,398,1,559.992,174.9975,0.2,2014,7,True
US-2017-124926,2017-11-13,2017-11-18,ME-17320,864,6,9.324,-24.7086,0.8,2017,11,False
CA-2016-159345,2016-06-17,2016-06-22,IG-15085,1721,2,111.96,54.8604,0.0,2016,6,False
CA-2014-130274,2014-05-03,2014-05-05,JS-15940,188,7,21.56,10.3488,0.0,2014,5,False
CA-2017-158386,2017-10-16,2017-10-21,BO-11425,973,5,124.75,57.385,0.0,2017,10,False
CA-2015-111507,2015-02-06,2015-02-13,VW-21775,1116,3,5.28,1.5312,0.0,2015,2,False
CA-2017-120761,2017-09-04,2017-09-08,AB-10150,1598,4,91.96,39.5428,0.0,2017,9,False
CA-2016-109176,2016-05-09,2016-05-15,JW-16075,1493,1,9.344,3.504,0.2,2016,5,False
CA-2016-109176,2016-05-09,2016-05-15,JW-16075,1125,5,79.36,9.92,0.2,2016,5,False
CA-2015-112116,2015-03-16,2015-03-18,JE-15475,942,2,171.96,44.7096,0.0,2015,3,False
CA-2016-126809,2016-04-09,2016-04-13,EB-13750,74,9,35.352,12.8151,0.2,2016,4,False
CA-2014-105172,2014-04-04,2014-04-09,PK-18910,228,6,18.9,9.072,0.0,2014,4,False
CA-2017-107293,2017-09-05,2017-09-06,CS-12400,1141,1,2.78,0.7228,0.0,2017,9,False
US-2017-102890,2017-06-30,2017-06-30,SG-20470,366,5,1044.63,-295.9785,0.4,2017,6,True
CA-2015-158554,2015-11-09,2015-11-09,CM-12190,1614,3,11.352,4.1151,0.2,2015,11,False
CA-2014-116239,2014-03-04,2014-03-04,CL-12565,1437,5,354.9,17.745,0.0,2014,3,False
CA-2015-132101,2015-03-19,2015-03-25,JO-15550,1657,3,453.576,39.6879,0.2,2015,3,False
CA-2015-129112,2015-11-29,2015-11-30,AW-10840,960,3,21.48,-0.2685,0.2,2015,11,False
CA-2015-129112,2015-11-29,2015-11-30,AW-10840,689,4,8.784,-13.6152,0.8,2015,11,False
US-2017-152002,2017-06-11,2017-06-11,DV-13465,1617,3,122.97,60.2553,0.0,2017,6,False
CA-2017-165029,2017-11-26,2017-11-30,AH-10075,1156,3,12.84,3.7236,0.0,2017,11,False
US-2014-157385,2014-11-23,2014-11-25,SC-20095,1173,5,603.92,-67.941,0.2,2014,11,True
US-2014-157385,2014-11-23,2014-11-25,SC-20095,1246,3,21.84,10.4832,0.0,2014,11,False
US-2014-157385,2014-11-23,2014-11-25,SC-20095,303,1,29.99,6.2979,0.0,2014,11,False
US-2014-157385,2014-11-23,2014-11-25,SC-20095,1378,2,381.44,23.84,0.2,2014,11,False
CA-2014-101602,2014-12-15,2014-12-18,MC-18100,35,3,40.68,-9.153,0.2,2014,12,False
CA-2014-101602,2014-12-15,2014-12-18,MC-18100,989,5,763.28,-21.808,0.3,2014,12,True
CA-2016-109057,2016-04-22,2016-04-27,TT-21460,1264,2,23.952,2.3952,0.2,2016,4,False
CA-2016-154403,2016-05-23,2016-05-27,AP-10720,1737,1,4.98,2.4402,0.0,2016,5,False
CA-2016-102456,2016-02-27,2016-03-01,DL-12865,466,3,170.88,49.5552,0.0,2016,2,False
CA-2015-131338,2015-08-09,2015-08-12,NP-18325,1168,2,307.98,89.3142,0.0,2015,8,False
CA-2015-131338,2015-08-09,2015-08-12,NP-18325,943,9,382.806,-153.1224,0.4,2015,8,False
CA-2015-131338,2015-08-09,2015-08-12,NP-18325,1553,2,41.96,2.9372,0.0,2015,8,False
CA-2015-131338,2015-08-09,2015-08-12,NP-18325,688,2,1217.568,456.588,0.2,2015,8,True
CA-2015-131338,2015-08-09,2015-08-12,NP-18325,160,3,47.04,18.3456,0.0,2015,8,False
CA-2015-131338,2015-08-09,2015-08-12,NP-18325,1029,2,6.16,2.9568,0.0,2015,8,False
CA-2015-131338,2015-08-09,2015-08-12,NP-18325,1242,5,979.95,274.386,0.0,2015,8,True
CA-2015-131338,2015-08-09,2015-08-12,NP-18325,1668,3,143.7,68.976,0.0,2015,8,False
CA-2015-131338,2015-08-09,2015-08-12,NP-18325,56,3,10.65,5.0055,0.0,2015,8,False
CA-2015-131338,2015-08-09,2015-08-12,NP-18325,311,4,247.8,34.692,0.0,2015,8,False
CA-2016-109911,2016-05-12,2016-05-16,VG-21805,1353,4,10.96,2.9592,0.0,2016,5,False
US-2016-132423,2016-04-15,2016-04-19,MY-18295,530,7,33.488,5.8604,0.2,2016,4,False
US-2016-132423,2016-04-15,2016-04-19,MY-18295,908,5,8.04,2.9145,0.2,2016,4,False
CA-2015-122826,2015-06-23,2015-06-25,RD-19480,1315,4,201.568,22.6764,0.2,2015,6,False
CA-2014-117317,2014-10-19,2014-10-19,JF-15490,1482,3,13.44,6.5856,0.0,2014,10,False
CA-2015-118423,2015-03-24,2015-03-27,DP-13390,1429,3,359.058,-35.9058,0.3,2015,3,False
CA-2017-149181,2017-05-08,2017-05-12,MD-17350,738,2,47.992,-2.0568,0.3,2017,5,False
CA-2017-132234,2017-10-16,2017-10-18,MY-17380,626,13,547.3,175.136,0.0,2017,10,True
CA-2017-158876,2017-11-19,2017-11-21,AB-10150,1686,4,16.896,5.28,0.2,2017,11,False
CA-2017-158876,2017-11-19,2017-11-21,AB-10150,88,1,6.672,0.5004,0.2,2017,11,False
CA-2017-158876,2017-11-19,2017-11-21,AB-10150,363,4,99.136,8.6744,0.2,2017,11,False
CA-2017-158876,2017-11-19,2017-11-21,AB-10150,1531,2,15.992,-13.993,0.6,2017,11,False
CA-2016-164672,2016-05-08,2016-05-13,GB-14530,1533,2,211.96,42.392,0.0,2016,5,False
US-2016-132857,2016-12-11,2016-12-17,CA-12775,1297,3,6.672,1.668,0.2,2016,12,False
CA-2017-116645,2017-11-30,2017-12-04,ME-17725,280,6,155.94,45.2226,0.0,2017,11,False
US-2016-115819,2016-04-19,2016-04-24,JO-15280,1295,5,39.96,12.987,0.2,2016,4,False
US-2016-115819,2016-04-19,2016-04-24,JO-15280,1112,3,5.46,1.5288,0.0,2016,4,False
US-2016-115819,2016-04-19,2016-04-24,JO-15280,1232,5,73.2,21.228,0.0,2016,4,False
US-2016-115819,2016-04-19,2016-04-24,JO-15280,146,1,5.84,1.971,0.2,2016,4,False
US-2016-115819,2016-04-19,2016-04-24,JO-15280,107,4,22.72,10.224,0.0,2016,4,False
US-2016-115819,2016-04-19,2016-04-24,JO-15280,234,3,9.336,3.2676,0.2,2016,4,False
CA-2014-156349,2014-05-26,2014-05-30,ML-17395,1429,2,290.666,27.3568,0.15,2014,5,False
CA-2014-156349,2014-05-26,2014-05-30,ML-17395,1594,2,201.584,20.1584,0.2,2014,5,False
CA-2014-156349,2014-05-26,2014-05-30,ML-17395,1849,2,83.984,31.494,0.2,2014,5,False
CA-2017-138380,2017-12-21,2017-12-25,YS-21880,979,7,1000.02,290.0058,0.0,2017,12,True
US-2016-113509,2016-03-15,2016-03-19,PL-18925,1593,3,83.976,-13.6461,0.2,2016,3,False
CA-2015-130022,2015-08-10,2015-08-16,JK-16120,187,1,3.75,1.8,0.0,2015,8,False
CA-2015-130022,2015-08-10,2015-08-16,JK-16120,196,4,41.4,19.872,0.0,2015,8,False
CA-2015-130022,2015-08-10,2015-08-16,JK-16120,1251,3,29.79,12.5118,0.0,2015,8,False
US-2016-118780,2016-09-10,2016-09-14,PN-18775,69,2,59.48,8.922,0.0,2016,9,False
US-2016-118780,2016-09-10,2016-09-14,PN-18775,1651,1,6.69,3.0774,0.0,2016,9,False
CA-2017-108560,2017-07-08,2017-07-15,JC-15385,727,2,198.46,99.23,0.0,2017,7,False
CA-2017-108560,2017-07-08,2017-07-15,JC-15385,534,8,786.48,385.3752,0.0,2017,7,True
CA-2017-108560,2017-07-08,2017-07-15,JC-15385,720,2,23.168,7.8192,0.2,2017,7,False
CA-2017-108560,2017-07-08,2017-07-15,JC-15385,1083,2,50.0,10.5,0.0,2017,7,False
CA-2015-157084,2015-12-19,2015-12-24,JG-15160,1448,5,675.96,84.495,0.2,2015,12,True
CA-2015-157084,2015-12-19,2015-12-24,JG-15160,1276,3,1265.85,556.974,0.0,2015,12,True
CA-2015-164539,2015-11-16,2015-11-22,PO-19180,612,5,523.25,141.2775,0.0,2015,11,True
CA-2015-143119,2015-09-24,2015-09-30,MC-17275,799,6,517.5,155.25,0.0,2015,9,True
CA-2017-101049,2017-06-21,2017-06-25,AS-10240,1487,5,17.92,2.464,0.2,2017,6,False
CA-2017-101049,2017-06-21,2017-06-25,AS-10240,519,6,41.256,-34.38,0.7,2017,6,False
CA-2016-106530,2016-05-08,2016-05-08,CL-12565,1453,3,1006.056,88.0299,0.2,2016,5,True
CA-2016-106530,2016-05-08,2016-05-08,CL-12565,1681,2,10.688,3.7408,0.2,2016,5,False
CA-2016-106530,2016-05-08,2016-05-08,CL-12565,1819,2,10.368,3.6288,0.2,2016,5,False
CA-2016-106530,2016-05-08,2016-05-08,CL-12565,797,2,25.12,1.57,0.2,2016,5,False
CA-2016-106530,2016-05-08,2016-05-08,CL-12565,1401,2,58.112,7.264,0.2,2016,5,False
CA-2014-168984,2014-11-26,2014-12-02,NW-18400,1792,3,15.552,5.4432,0.2,2014,11,False
CA-2014-168984,2014-11-26,2014-12-02,NW-18400,1201,5,669.08,-167.27,0.2,2014,11,True
CA-2014-168984,2014-11-26,2014-12-02,NW-18400,938,4,438.336,-87.6672,0.2,2014,11,False
CA-2016-157266,2016-05-26,2016-06-01,TB-21280,1613,3,19.44,9.3312,0.0,2016,5,False
CA-2016-157266,2016-05-26,2016-06-01,TB-21280,1642,2,9.64,4.4344,0.0,2016,5,False
CA-2016-157266,2016-05-26,2016-06-01,TB-21280,1530,2,12.7,5.842,0.0,2016,5,False
CA-2016-157266,2016-05-26,2016-06-01,TB-21280,31,3,41.37,17.3754,0.0,2016,5,False
US-2014-134712,2014-11-29,2014-12-04,BS-11380,1499,2,12.624,3.945,0.2,2014,11,False
CA-2015-111829,2015-03-19,2015-03-20,FH-14365,520,3,1247.64,349.3392,0.0,2015,3,True
CA-2015-111829,2015-03-19,2015-03-20,FH-14365,403,7,3149.93,1480.4671,0.0,2015,3,True
CA-2015-111829,2015-03-19,2015-03-20,FH-14365,1104,2,209.7,100.656,0.0,2015,3,False
CA-2015-105221,2015-11-01,2015-11-03,VM-21685,1404,2,35.36,-3.094,0.2,2015,11,False
CA-2015-105221,2015-11-01,2015-11-03,VM-21685,370,2,3.168,-0.7128,0.2,2015,11,False
CA-2015-120341,2015-09-26,2015-09-29,SF-20200,421,6,121.104,-100.92,0.7,2015,9,False
CA-2015-120341,2015-09-26,2015-09-29,SF-20200,778,1,45.894,-9.1788,0.4,2015,9,False
CA-2014-135699,2014-08-29,2014-08-29,HH-15010,1728,2,109.92,53.8608,0.0,2014,8,False
CA-2014-135699,2014-08-29,2014-08-29,HH-15010,1777,2,13.36,6.4128,0.0,2014,8,False
US-2017-132444,2017-11-18,2017-11-21,CD-12280,582,6,169.68,45.8136,0.0,2017,11,False
US-2017-132444,2017-11-18,2017-11-21,CD-12280,911,4,132.52,54.3332,0.0,2017,11,False
US-2017-132444,2017-11-18,2017-11-21,CD-12280,328,2,2.96,1.4208,0.0,2017,11,False
US-2017-132444,2017-11-18,2017-11-21,CD-12280,1622,2,8.448,2.9568,0.2,2017,11,False
US-2017-132444,2017-11-18,2017-11-21,CD-12280,635,3,95.94,9.594,0.0,2017,11,False
CA-2014-127159,2014-05-12,2014-05-15,HL-15040,492,7,34.79,10.7849,0.0,2014,5,False
CA-2017-161809,2017-01-20,2017-01-26,TH-21100,1324,3,160.776,10.0485,0.2,2017,1,False
CA-2017-127285,2017-10-30,2017-11-06,MM-18055,719,3,88.752,27.735,0.2,2017,10,False
CA-2017-127285,2017-10-30,2017-11-06,MM-18055,414,2,13.904,5.214,0.2,2017,10,False
CA-2017-144526,2017-04-30,2017-05-06,QJ-19255,1287,5,677.58,-158.102,0.4,2017,4,True
CA-2017-144526,2017-04-30,2017-05-06,QJ-19255,715,3,13.896,-9.264,0.7,2017,4,False
CA-2016-128531,2016-11-24,2016-11-26,NS-18505,1505,5,41.92,3.668,0.2,2016,11,False
CA-2016-128531,2016-11-24,2016-11-26,NS-18505,999,3,297.576,-7.4394,0.2,2016,11,False
CA-2016-128531,2016-11-24,2016-11-26,NS-18505,456,3,4.344,0.8688,0.2,2016,11,False
CA-2016-128531,2016-11-24,2016-11-26,NS-18505,997,2,94.992,-2.3748,0.2,2016,11,False
CA-2016-128531,2016-11-24,2016-11-26,NS-18505,1711,3,74.352,23.235,0.2,2016,11,False
CA-2016-128531,2016-11-24,2016-11-26,NS-18505,526,3,14.04,1.5795,0.2,2016,11,False
US-2015-157154,2015-01-10,2015-01-15,MM-17920,376,4,1018.104,-373.3048,0.4,2015,1,True
CA-2017-159457,2017-10-19,2017-10-26,RD-19480,1316,3,16.68,5.2125,0.2,2017,10,False
CA-2016-107615,2016-03-22,2016-03-25,RB-19645,995,2,58.58,19.3314,0.0,2016,3,False
CA-2017-111647,2017-07-03,2017-07-07,RD-19585,1849,4,167.968,62.988,0.2,2017,7,False
CA-2015-150560,2015-12-11,2015-12-12,SW-20455,534,2,196.62,96.3438,0.0,2015,12,False
CA-2015-143077,2015-09-17,2015-09-21,SF-20965,884,2,21.936,-10.4196,0.6,2015,9,False
CA-2015-143077,2015-09-17,2015-09-21,SF-20965,689,3,6.588,-10.2114,0.8,2015,9,False
CA-2016-122728,2016-05-18,2016-05-24,EB-13930,824,3,104.28,26.07,0.0,2016,5,False
CA-2016-122728,2016-05-18,2016-05-24,EB-13930,1589,3,17.94,8.7906,0.0,2016,5,False
CA-2014-122882,2014-09-07,2014-09-13,SB-20290,416,1,64.784,-14.5764,0.2,2014,9,False
CA-2014-122882,2014-09-07,2014-09-13,SB-20290,1848,3,32.382,4.3176,0.4,2014,9,False
CA-2014-122882,2014-09-07,2014-09-13,SB-20290,488,2,42.368,8.4736,0.2,2014,9,False
CA-2014-122882,2014-09-07,2014-09-13,SB-20290,1503,4,399.54,-559.356,0.7,2014,9,False
US-2016-101497,2016-09-29,2016-10-01,PS-18760,1669,1,18.97,9.1056,0.0,2016,9,False
CA-2016-147585,2016-11-07,2016-11-12,CB-12535,393,3,14.82,6.2244,0.0,2016,11,False
CA-2017-149489,2017-04-24,2017-04-27,DK-12835,80,2,99.28,12.41,0.2,2017,4,False
CA-2017-149489,2017-04-24,2017-04-27,DK-12835,266,2,1.188,-0.99,0.7,2017,4,False
CA-2017-149489,2017-04-24,2017-04-27,DK-12835,704,2,7.518,-5.7638,0.7,2017,4,False
CA-2017-143798,2017-12-10,2017-12-12,AW-10840,1806,2,10.368,3.6288,0.2,2017,12,False
CA-2017-143798,2017-12-10,2017-12-12,AW-10840,595,2,310.88,23.316,0.2,2017,12,False
CA-2014-142839,2014-08-16,2014-08-20,TS-21610,427,6,853.092,-227.4912,0.4,2014,8,True
CA-2017-129833,2017-12-09,2017-12-15,HF-14995,1651,5,33.45,15.387,0.0,2017,12,False
CA-2017-129833,2017-12-09,2017-12-15,HF-14995,542,5,10.4,5.096,0.0,2017,12,False
US-2016-154361,2016-03-14,2016-03-19,HZ-14950,119,5,21.88,6.2905,0.2,2016,3,False
US-2016-158708,2016-06-26,2016-06-29,AB-10255,1076,2,13.616,3.5742,0.2,2016,6,False
CA-2015-156335,2015-09-25,2015-09-28,PO-19195,1070,4,63.96,19.8276,0.0,2015,9,False
CA-2015-156335,2015-09-25,2015-09-28,PO-19195,1578,3,14.46,7.0854,0.0,2015,9,False
CA-2015-156335,2015-09-25,2015-09-28,PO-19195,1849,2,104.98,52.49,0.0,2015,9,False
CA-2015-148376,2015-12-27,2015-12-31,AG-10900,304,2,106.96,31.0184,0.0,2015,12,False
CA-2015-148376,2015-12-27,2015-12-31,AG-10900,205,7,21.56,10.3488,0.0,2015,12,False
CA-2014-135657,2014-06-03,2014-06-07,SC-20725,942,6,515.88,113.4936,0.0,2014,6,True
CA-2015-114069,2015-07-13,2015-07-15,ND-18370,695,2,11.808,4.2804,0.2,2015,7,False
CA-2015-114069,2015-07-13,2015-07-15,ND-18370,1378,9,1931.04,321.84,0.1,2015,7,True
CA-2015-114069,2015-07-13,2015-07-15,ND-18370,537,2,9.96,4.6812,0.0,2015,7,False
CA-2014-139857,2014-02-02,2014-02-06,CD-12790,1499,5,12.35,5.8045,0.0,2014,2,False
CA-2016-106306,2016-03-08,2016-03-08,PG-18820,710,3,9.702,-7.1148,0.7,2016,3,False
CA-2015-100545,2015-11-22,2015-11-26,IM-15070,687,2,11.61,-9.288,0.7,2015,11,False
CA-2017-123491,2017-10-30,2017-11-05,JK-15205,210,6,43.86,20.6142,0.0,2017,10,False
CA-2017-123491,2017-10-30,2017-11-05,JK-15205,732,2,148.48,16.704,0.2,2017,10,False
CA-2017-123491,2017-10-30,2017-11-05,JK-15205,0,2,7.42,3.71,0.0,2017,10,False
CA-2017-123491,2017-10-30,2017-11-05,JK-15205,760,1,71.992,-0.8999,0.2,2017,10,False
CA-2017-123491,2017-10-30,2017-11-05,JK-15205,28,5,19.9,6.567,0.0,2017,10,False
CA-2017-123491,2017-10-30,2017-11-05,JK-15205,54,14,1702.12,510.636,0.0,2017,10,True
CA-2015-145401,2015-01-30,2015-02-04,JP-15520,1343,6,14.304,5.0064,0.2,2015,1,False
US-2017-124968,2017-09-08,2017-09-13,MM-18055,364,7,765.625,-566.5625,0.5,2017,9,True
CA-2017-104003,2017-10-07,2017-10-13,DC-13285,1191,2,307.666,-14.4784,0.15,2017,10,False
CA-2016-154788,2016-04-30,2016-05-04,JL-15835,1578,2,7.712,2.7956,0.2,2016,4,False
CA-2016-169943,2016-05-19,2016-05-24,BN-11515,310,5,242.9,70.441,0.0,2016,5,False
CA-2016-169943,2016-05-19,2016-05-24,BN-11515,1382,5,454.9,0.0,0.0,2016,5,False
CA-2016-169943,2016-05-19,2016-05-24,BN-11515,1177,4,35.92,15.0864,0.0,2016,5,False
CA-2016-169943,2016-05-19,2016-05-24,BN-11515,492,8,39.76,12.3256,0.0,2016,5,False
CA-2016-169943,2016-05-19,2016-05-24,BN-11515,1332,4,47.744,14.92,0.2,2016,5,False
US-2015-123218,2015-12-20,2015-12-25,KD-16345,156,2,159.984,11.9988,0.2,2015,12,False
US-2015-123218,2015-12-20,2015-12-25,KD-16345,1003,4,255.968,51.1936,0.2,2015,12,False
US-2015-123218,2015-12-20,2015-12-25,KD-16345,1425,3,359.058,-71.8116,0.3,2015,12,False
CA-2015-127453,2015-12-19,2015-12-20,JK-15370,171,3,434.352,43.4352,0.2,2015,12,False
CA-2015-127453,2015-12-19,2015-12-20,JK-15370,867,2,3.552,0.444,0.2,2015,12,False
CA-2015-127453,2015-12-19,2015-12-20,JK-15370,631,4,88.832,7.7728,0.2,2015,12,False
US-2017-164056,2017-04-29,2017-05-04,FM-14215,1371,5,1048.35,-69.89,0.4,2017,4,True
CA-2016-106894,2016-02-07,2016-02-07,CA-12265,1083,4,100.0,21.0,0.0,2016,2,False
CA-2016-106894,2016-02-07,2016-02-07,CA-12265,1257,3,7.83,3.6018,0.0,2016,2,False
CA-2014-125136,2014-09-28,2014-10-03,KD-16495,1619,8,96.256,31.2832,0.2,2014,9,False
CA-2014-125136,2014-09-28,2014-10-03,KD-16495,1738,2,10.688,3.7408,0.2,2014,9,False
US-2016-131149,2016-07-10,2016-07-14,LH-17155,659,3,338.04,-33.804,0.2,2016,7,False
US-2016-131149,2016-07-10,2016-07-14,LH-17155,359,4,154.24,17.352,0.2,2016,7,False
CA-2017-101483,2017-07-29,2017-08-01,AG-10675,817,2,34.848,6.534,0.2,2017,7,False
CA-2017-101483,2017-07-29,2017-08-01,AG-10675,1396,5,22.0,1.375,0.2,2017,7,False
CA-2017-101483,2017-07-29,2017-08-01,AG-10675,1129,3,4.368,0.3822,0.2,2017,7,False
CA-2015-130204,2015-09-03,2015-09-09,DB-13120,1505,3,31.44,8.4888,0.0,2015,9,False
CA-2015-130204,2015-09-03,2015-09-09,DB-13120,960,2,17.9,3.401,0.0,2015,9,False
CA-2015-130204,2015-09-03,2015-09-09,DB-13120,1528,5,129.45,46.602,0.0,2015,9,False
CA-2014-110527,2014-08-09,2014-08-16,ED-13885,202,8,20.88,9.6048,0.0,2014,8,False
CA-2017-152807,2017-10-30,2017-11-03,MC-18100,1829,4,20.736,7.2576,0.2,2017,10,False
CA-2017-152807,2017-10-30,2017-11-03,MC-18100,1487,2,7.168,0.9856,0.2,2017,10,False
CA-2017-152807,2017-10-30,2017-11-03,MC-18100,587,2,11.168,-2.5128,0.2,2017,10,False
CA-2017-152807,2017-10-30,2017-11-03,MC-18100,666,7,442.4,-55.3,0.2,2017,10,False
CA-2014-133270,2014-06-06,2014-06-09,BM-11785,1411,2,13.36,4.9432,0.0,2014,6,False
CA-2016-155670,2016-08-13,2016-08-17,EM-14065,82,8,11.232,-8.2368,0.7,2016,8,False
CA-2016-155670,2016-08-13,2016-08-17,EM-14065,537,3,10.272,3.21,0.2,2016,8,False
US-2014-157406,2014-04-25,2014-04-29,DA-13450,1776,2,10.368,3.6288,0.2,2014,4,False
US-2014-157406,2014-04-25,2014-04-29,DA-13450,10,3,6.24,0.546,0.2,2014,4,False
CA-2015-139094,2015-11-22,2015-11-27,MO-17800,827,2,206.962,-32.5226,0.3,2015,11,False
CA-2017-168837,2017-10-14,2017-10-17,JW-15955,391,2,9.46,3.6894,0.0,2017,10,False
CA-2017-116715,2017-12-02,2017-12-05,VW-21775,645,9,559.62,151.0974,0.0,2017,12,True
CA-2017-116715,2017-12-02,2017-12-05,VW-21775,1728,2,109.92,53.8608,0.0,2017,12,False
CA-2017-116715,2017-12-02,2017-12-05,VW-21775,1751,2,8.56,3.852,0.0,2017,12,False
CA-2015-135622,2015-12-08,2015-12-11,TT-21460,1733,11,360.712,130.7581,0.2,2015,12,False
CA-2015-135622,2015-12-08,2015-12-11,TT-21460,1621,6,1718.4,150.36,0.2,2015,12,True
US-2015-107349,2015-07-13,2015-07-15,SL-20155,1634,6,41.568,-66.5088,0.8,2015,7,False
CA-2014-139017,2014-05-11,2014-05-17,RM-19375,995,2,46.864,7.6154,0.2,2014,5,False
CA-2014-141817,2014-01-05,2014-01-12,MB-18085,250,3,19.536,4.884,0.2,2014,1,False
CA-2015-130785,2015-09-05,2015-09-09,AG-10900,1421,4,411.332,-4.8392,0.15,2015,9,False
CA-2015-130785,2015-09-05,2015-09-09,AG-10900,500,6,28.752,9.7038,0.2,2015,9,False
CA-2015-130785,2015-09-05,2015-09-09,AG-10900,1422,3,293.199,-20.6964,0.15,2015,9,False
CA-2016-110254,2016-08-04,2016-08-08,ML-17755,84,2,35.06,10.518,0.0,2016,8,False
CA-2016-110254,2016-08-04,2016-08-08,ML-17755,182,1,4.13,1.8998,0.0,2016,8,False
CA-2016-110254,2016-08-04,2016-08-08,ML-17755,120,9,109.8,46.116,0.0,2016,8,False
CA-2016-110254,2016-08-04,2016-08-08,ML-17755,184,2,9.82,4.8118,0.0,2016,8,False
US-2014-158057,2014-03-22,2014-03-26,CC-12685,394,4,7.644,-5.8604,0.7,2014,3,False
US-2014-158057,2014-03-22,2014-03-26,CC-12685,701,5,51.465,-39.4565,0.7,2014,3,False
CA-2017-146024,2017-03-02,2017-03-08,SC-20770,1496,4,6.976,-1.3952,0.2,2017,3,False
CA-2017-146024,2017-03-02,2017-03-08,SC-20770,1637,7,12.222,-20.1663,0.8,2017,3,False
CA-2016-129686,2016-11-27,2016-11-29,GG-14650,1365,2,97.984,-24.496,0.2,2016,11,False
CA-2016-129686,2016-11-27,2016-11-29,GG-14650,1073,6,62.4,19.5,0.2,2016,11,False
CA-2014-118976,2014-04-28,2014-05-03,MY-18295,58,2,20.86,9.387,0.0,2014,4,False
CA-2014-118976,2014-04-28,2014-05-03,MY-18295,1339,9,497.61,129.3786,0.0,2014,4,False
CA-2014-118976,2014-04-28,2014-05-03,MY-18295,343,2,5.34,1.4952,0.0,2014,4,False
CA-2014-118976,2014-04-28,2014-05-03,MY-18295,195,1,3.15,1.512,0.0,2014,4,False
CA-2015-105347,2015-11-24,2015-11-28,DP-13000,1704,9,368.91,180.7659,0.0,2015,11,False
CA-2015-105347,2015-11-24,2015-11-28,DP-13000,1296,5,14.7,6.615,0.0,2015,11,False
CA-2016-124667,2016-11-11,2016-11-16,BD-11770,1085,3,59.97,14.9925,0.0,2016,11,False
CA-2016-124667,2016-11-11,2016-11-16,BD-11770,1383,1,83.36,20.84,0.0,2016,11,False
CA-2015-111094,2015-07-09,2015-07-13,CB-12535,1569,2,6.58,3.0268,0.0,2015,7,False
CA-2015-111094,2015-07-09,2015-07-13,CB-12535,1638,3,122.94,59.0112,0.0,2015,7,False
CA-2017-166317,2017-09-22,2017-09-26,JE-15610,1728,4,219.84,107.7216,0.0,2017,9,False
CA-2017-166317,2017-09-22,2017-09-26,JE-15610,996,6,98.16,9.816,0.0,2017,9,False
CA-2017-166317,2017-09-22,2017-09-26,JE-15610,33,8,33.04,15.5288,0.0,2017,9,False
CA-2017-166317,2017-09-22,2017-09-26,JE-15610,42,3,86.97,25.2213,0.0,2017,9,False
CA-2015-154326,2015-02-15,2015-02-19,RP-19855,923,3,134.97,64.7856,0.0,2015,2,False
CA-2015-154326,2015-02-15,2015-02-19,RP-19855,1391,2,699.98,195.9944,0.0,2015,2,True
CA-2015-154326,2015-02-15,2015-02-19,RP-19855,1061,5,139.95,26.5905,0.0,2015,2,False
CA-2014-102008,2014-09-30,2014-10-04,RA-19915,1567,1,48.94,24.47,0.0,2014,9,False
CA-2014-120474,2014-12-01,2014-12-03,RP-19390,1210,8,2807.84,673.8816,0.0,2014,12,True
CA-2014-120474,2014-12-01,2014-12-03,RP-19390,886,4,46.64,12.5928,0.0,2014,12,False
CA-2014-104773,2014-12-08,2014-12-13,TB-21175,461,2,60.416,6.0416,0.2,2014,12,False
CA-2016-140774,2016-09-05,2016-09-10,BE-11455,1231,3,107.94,26.985,0.0,2016,9,False
US-2017-139465,2017-08-27,2017-08-30,MR-17545,928,8,63.84,16.5984,0.0,2017,8,False
US-2017-139465,2017-08-27,2017-08-30,MR-17545,724,3,347.97,100.9113,0.0,2017,8,False
US-2017-139465,2017-08-27,2017-08-30,MR-17545,499,6,37.008,11.565,0.2,2017,8,False
CA-2016-100965,2016-07-07,2016-07-11,RM-19375,874,5,215.65,73.321,0.0,2016,7,False
CA-2016-121034,2016-08-08,2016-08-10,JF-15565,1196,4,11.168,3.6296,0.2,2016,8,False
CA-2016-121034,2016-08-08,2016-08-10,JF-15565,922,3,53.952,17.5344,0.2,2016,8,False
CA-2016-149461,2016-11-13,2016-11-19,AS-10135,576,1,4.18,1.5048,0.0,2016,11,False
CA-2017-158379,2017-09-22,2017-09-26,JA-15970,448,1,5.607,-4.2987,0.7,2017,9,False
CA-2017-158379,2017-09-22,2017-09-26,JA-15970,1043,7,4663.736,-1049.3406,0.2,2017,9,True
CA-2017-158379,2017-09-22,2017-09-26,JA-15970,1017,2,79.984,22.9954,0.2,2017,9,False
US-2016-116729,2016-12-25,2016-12-28,GK-14620,1389,7,2575.944,257.5944,0.2,2016,12,True
US-2016-116729,2016-12-25,2016-12-28,GK-14620,1822,7,45.36,21.7728,0.0,2016,12,False
US-2016-116729,2016-12-25,2016-12-28,GK-14620,1401,7,254.24,76.272,0.0,2016,12,False
CA-2016-164938,2016-02-11,2016-02-13,PB-19210,1064,7,69.93,0.6993,0.0,2016,2,False
CA-2016-165484,2016-10-23,2016-10-29,HK-14890,484,7,16.156,-12.117,0.6,2016,10,False
CA-2016-165484,2016-10-23,2016-10-29,HK-14890,1715,3,54.816,17.8152,0.2,2016,10,False
CA-2014-132612,2014-06-09,2014-06-11,FO-14305,318,7,1441.3,245.021,0.0,2014,6,True
US-2017-161193,2017-11-20,2017-11-26,BT-11680,674,5,77.6,28.13,0.2,2017,11,False
US-2017-161193,2017-11-20,2017-11-26,BT-11680,729,2,4.656,1.5714,0.2,2017,11,False
CA-2015-131597,2015-09-14,2015-09-18,SP-20620,943,3,170.136,-8.5068,0.2,2015,9,False
CA-2015-164833,2015-06-04,2015-06-04,LL-16840,211,2,7.38,3.4686,0.0,2015,6,False
CA-2015-164833,2015-06-04,2015-06-04,LL-16840,331,2,9.26,3.0558,0.0,2015,6,False
CA-2015-125423,2015-12-13,2015-12-15,MC-17575,223,2,9.96,4.5816,0.0,2015,12,False
US-2014-130379,2014-05-25,2014-05-29,JL-15235,800,2,75.6,-166.32,0.8,2014,5,False
US-2014-130379,2014-05-25,2014-05-29,JL-15235,596,2,29.32,-24.189,0.6,2014,5,False
CA-2016-168956,2016-02-16,2016-02-20,EA-14035,857,6,92.064,-225.5568,0.8,2016,2,False
CA-2016-168956,2016-02-16,2016-02-20,EA-14035,122,4,6.976,1.8312,0.2,2016,2,False
CA-2016-168956,2016-02-16,2016-02-20,EA-14035,765,3,62.958,-2.6982,0.3,2016,2,False
CA-2016-168956,2016-02-16,2016-02-20,EA-14035,1801,1,5.184,1.8144,0.2,2016,2,False
CA-2016-167507,2016-12-22,2016-12-28,SA-20830,177,10,31.32,-25.056,0.7,2016,12,False
CA-2016-167507,2016-12-22,2016-12-28,SA-20830,21,4,11.84,3.108,0.2,2016,12,False
CA-2016-167507,2016-12-22,2016-12-28,SA-20830,1441,1,22.784,4.8416,0.2,2016,12,False
CA-2016-109344,2016-02-08,2016-02-11,CH-12070,1394,3,1127.976,126.8973,0.2,2016,2,True
US-2015-140851,2015-07-13,2015-07-15,ND-18460,1718,6,38.88,18.6624,0.0,2015,7,False
CA-2014-103373,2014-05-18,2014-05-24,BS-11755,155,2,779.796,-168.9558,0.4,2014,5,True
CA-2017-145884,2017-10-21,2017-10-21,SL-20155,1290,8,1439.92,374.3792,0.0,2017,10,True
CA-2017-145884,2017-10-21,2017-10-21,SL-20155,319,1,262.11,62.9064,0.0,2017,10,False
CA-2015-131422,2015-11-05,2015-11-09,GB-14530,799,3,207.0,25.875,0.2,2015,11,False
CA-2017-162691,2017-08-01,2017-08-07,AS-10045,282,3,1439.982,-263.9967,0.4,2017,8,True
CA-2017-162691,2017-08-01,2017-08-07,AS-10045,1790,7,36.288,12.7008,0.2,2017,8,False
CA-2014-141278,2014-06-21,2014-06-24,RM-19375,1150,5,21.4,6.206,0.0,2014,6,False
CA-2017-122693,2017-02-19,2017-02-21,NH-18610,950,7,1245.86,361.2994,0.0,2017,2,True
CA-2014-117345,2014-08-01,2014-08-05,BF-10975,1433,3,17.544,5.9211,0.2,2014,8,False
CA-2014-117345,2014-08-01,2014-08-05,BF-10975,31,4,44.128,12.1352,0.2,2014,8,False
CA-2014-117345,2014-08-01,2014-08-05,BF-10975,861,1,62.92,10.2245,0.2,2014,8,False
CA-2014-117345,2014-08-01,2014-08-05,BF-10975,1701,2,78.304,29.364,0.2,2014,8,False
CA-2016-157763,2016-07-18,2016-07-23,KH-16330,851,1,140.81,39.4268,0.0,2016,7,False
CA-2015-135391,2015-02-09,2015-02-11,FA-14230,1358,4,40.096,13.5324,0.2,2015,2,False
CA-2015-135391,2015-02-09,2015-02-11,FA-14230,502,2,40.784,-30.588,0.6,2015,2,False
US-2017-113852,2017-07-29,2017-08-02,GW-14605,914,3,90.57,11.7741,0.0,2017,7,False
US-2017-158512,2017-01-12,2017-01-17,DA-13450,1738,6,40.08,19.2384,0.0,2017,1,False
US-2017-158512,2017-01-12,2017-01-17,DA-13450,672,2,37.68,15.8256,0.0,2017,1,False
CA-2017-128370,2017-09-10,2017-09-10,FH-14275,497,3,362.352,27.1764,0.2,2017,9,False
CA-2017-128370,2017-09-10,2017-09-10,FH-14275,259,2,7.184,2.245,0.2,2017,9,False
CA-2015-160472,2015-07-20,2015-07-25,RK-19300,1103,1,34.76,9.7328,0.0,2015,7,False
CA-2015-160472,2015-07-20,2015-07-25,RK-19300,910,5,831.2,124.68,0.0,2015,7,True
CA-2015-160472,2015-07-20,2015-07-25,RK-19300,1772,5,26.4,11.88,0.0,2015,7,False
CA-2015-160472,2015-07-20,2015-07-25,RK-19300,1618,7,106.75,49.105,0.0,2015,7,False
CA-2015-160472,2015-07-20,2015-07-25,RK-19300,1568,2,97.82,45.9754,0.0,2015,7,False
CA-2015-160472,2015-07-20,2015-07-25,RK-19300,582,5,141.4,38.178,0.0,2015,7,False
CA-2014-114643,2014-06-13,2014-06-17,FM-14215,1500,3,14.52,4.7916,0.0,2014,6,False
US-2017-158218,2017-05-12,2017-05-15,AC-10420,635,5,127.92,-15.99,0.2,2017,5,False
US-2017-158218,2017-05-12,2017-05-15,AC-10420,1630,4,34.24,-53.072,0.8,2017,5,False
CA-2015-121608,2015-09-03,2015-09-05,JB-15400,822,2,137.62,60.5528,0.0,2015,9,False
CA-2015-121608,2015-09-03,2015-09-05,JB-15400,447,1,100.49,25.1225,0.0,2015,9,False
US-2017-121251,2017-03-26,2017-03-27,GM-14440,1427,2,257.568,-28.9764,0.2,2017,3,False
US-2017-121251,2017-03-26,2017-03-27,GM-14440,1164,4,119.96,33.5888,0.0,2017,3,False
CA-2014-151078,2014-11-12,2014-11-12,RF-19840,1261,4,49.632,4.9632,0.2,2014,11,False
US-2016-100839,2016-10-13,2016-10-17,NC-18625,834,5,727.45,-465.568,0.5,2016,10,True
US-2016-100839,2016-10-13,2016-10-17,NC-18625,625,3,24.96,4.368,0.2,2016,10,False
US-2017-116659,2017-11-12,2017-11-12,NG-18355,934,3,370.782,-92.6955,0.4,2017,11,False
CA-2017-118857,2017-04-15,2017-04-18,AH-10075,876,5,196.45,70.722,0.0,2017,4,False
CA-2015-127110,2015-06-25,2015-07-01,CH-12070,1807,6,31.104,10.8864,0.2,2015,6,False
CA-2015-127110,2015-06-25,2015-07-01,CH-12070,1552,2,78.256,-17.6076,0.2,2015,6,False
CA-2016-148201,2016-08-26,2016-08-29,CC-12145,1718,1,6.48,3.1104,0.0,2016,8,False
CA-2014-116932,2014-07-21,2014-07-25,ME-18010,1142,5,99.2,25.792,0.0,2014,7,False
CA-2014-116932,2014-07-21,2014-07-25,ME-18010,769,2,801.568,50.098,0.2,2014,7,True
CA-2014-116932,2014-07-21,2014-07-25,ME-18010,828,1,272.848,27.2848,0.2,2014,7,False
CA-2017-142888,2017-11-21,2017-11-25,BP-11230,1379,1,70.98,20.5842,0.0,2017,11,False
CA-2014-147914,2014-06-04,2014-06-09,MP-17470,537,2,16.224,5.8812,0.2,2014,6,False
US-2016-112977,2016-03-10,2016-03-16,CJ-12010,1190,1,176.784,-22.098,0.2,2016,3,False
CA-2017-112039,2017-03-25,2017-03-29,JC-15775,1242,3,470.376,47.0376,0.2,2017,3,False
CA-2017-118885,2017-12-29,2018-01-02,JG-15160,754,4,393.568,-44.2764,0.2,2017,12,False
CA-2017-118885,2017-12-29,2018-01-02,JG-15160,114,3,302.376,22.6782,0.2,2017,12,False
US-2017-166611,2017-03-28,2017-04-02,CK-12760,406,9,68.742,-48.1194,0.7,2017,3,False
CA-2015-109512,2015-03-05,2015-03-05,LF-17185,1493,3,29.34,14.67,0.0,2015,3,False
CA-2015-109512,2015-03-05,2015-03-05,LF-17185,770,7,383.607,63.9345,0.1,2015,3,False
CA-2015-109512,2015-03-05,2015-03-05,LF-17185,659,4,563.4,67.608,0.0,2015,3,True
CA-2016-118570,2016-11-13,2016-11-17,CC-12430,1616,7,217.056,78.6828,0.2,2016,11,False
CA-2017-154718,2017-01-19,2017-01-23,DL-12865,220,2,6.0,2.1,0.2,2017,1,False
CA-2016-147578,2016-04-22,2016-04-26,PG-18895,1586,3,31.56,10.4148,0.0,2016,4,False
CA-2014-140165,2014-05-13,2014-05-15,EH-14005,1499,2,7.104,2.3976,0.2,2014,5,False
CA-2014-140165,2014-05-13,2014-05-15,EH-14005,682,8,398.352,-331.96,0.7,2014,5,False
CA-2014-142587,2014-10-21,2014-10-22,TB-21520,662,4,121.792,13.7016,0.2,2014,10,False
CA-2014-142587,2014-10-21,2014-10-22,TB-21520,853,3,409.59,-122.877,0.4,2014,10,False
CA-2014-157623,2014-03-14,2014-03-18,DK-13225,1762,2,10.56,4.752,0.0,2014,3,False
CA-2014-157623,2014-03-14,2014-03-18,DK-13225,251,1,3.38,1.2506,0.0,2014,3,False
CA-2017-145310,2017-12-22,2017-12-24,JP-15520,1493,1,7.824,2.934,0.2,2017,12,False
CA-2016-100083,2016-11-24,2016-11-29,CD-11980,892,1,24.784,7.745,0.2,2016,11,False
US-2017-108063,2017-12-02,2017-12-05,AS-10090,1114,3,34.65,10.395,0.0,2017,12,False
CA-2015-109197,2015-12-31,2016-01-04,JO-15280,896,2,487.984,152.495,0.2,2015,12,False
CA-2017-141789,2017-10-03,2017-10-06,AC-10450,686,2,1793.98,843.1706,0.0,2017,10,True
CA-2014-169775,2014-08-29,2014-09-02,RA-19945,941,2,29.808,10.8054,0.2,2014,8,False
CA-2014-169775,2014-08-29,2014-09-02,RA-19945,680,4,505.176,-336.784,0.7,2014,8,True
CA-2014-169775,2014-08-29,2014-09-02,RA-19945,284,3,174.0585,-110.7645,0.45,2014,8,False
CA-2016-140543,2016-06-29,2016-07-03,Co-12640,635,6,191.88,19.188,0.0,2016,6,False
CA-2016-151141,2016-08-20,2016-08-23,DW-13480,1374,2,14.78,3.9906,0.0,2016,8,False
CA-2017-167094,2017-10-21,2017-10-22,DK-12835,1814,1,5.184,1.8144,0.2,2017,10,False
CA-2017-167094,2017-10-21,2017-10-22,DK-12835,740,2,478.48,47.848,0.2,2017,10,False
CA-2017-167094,2017-10-21,2017-10-22,DK-12835,1069,2,28.4,6.745,0.2,2017,10,False
CA-2017-154410,2017-10-21,2017-10-24,MD-17860,1364,8,909.12,9.0912,0.0,2017,10,True
US-2016-150567,2016-05-17,2016-05-21,RP-19855,1308,2,2.952,-2.1648,0.7,2016,5,False
US-2016-150567,2016-05-17,2016-05-21,RP-19855,700,6,27.018,-21.6144,0.7,2016,5,False
CA-2015-157959,2015-02-03,2015-02-04,RW-19540,796,4,136.92,41.076,0.0,2015,2,False
CA-2017-105886,2017-12-18,2017-12-23,DB-13660,480,2,18.96,8.532,0.0,2017,12,False
CA-2016-105963,2016-11-15,2016-11-22,SC-20770,911,3,99.39,40.7499,0.0,2016,11,False
CA-2017-121503,2017-07-03,2017-07-06,FH-14275,1674,7,273.896,92.4399,0.2,2017,7,False
CA-2017-121503,2017-07-03,2017-07-06,FH-14275,808,3,597.132,49.761,0.4,2017,7,True
CA-2014-103366,2014-01-15,2014-01-17,EH-13990,993,5,149.95,65.978,0.0,2014,1,False
CA-2017-124597,2017-04-30,2017-05-05,AS-10630,180,2,4.608,1.6704,0.2,2017,4,False
CA-2017-124597,2017-04-30,2017-05-05,AS-10630,1500,3,15.528,4.8525,0.2,2017,4,False
CA-2017-124597,2017-04-30,2017-05-05,AS-10630,207,3,11.952,3.8844,0.2,2017,4,False
CA-2015-105634,2015-11-08,2015-11-14,HA-14905,138,5,11.65,3.3785,0.0,2015,11,False
CA-2015-123673,2015-10-30,2015-11-01,CH-12070,1237,2,299.9,74.975,0.0,2015,10,False
US-2017-111423,2017-08-17,2017-08-19,EH-13765,685,5,895.92,302.373,0.2,2017,8,True
US-2017-111423,2017-08-17,2017-08-19,EH-13765,742,2,462.564,97.6524,0.1,2017,8,False
CA-2015-125178,2015-10-03,2015-10-09,MZ-17515,1495,2,15.008,1.5008,0.2,2015,10,False
CA-2016-156685,2016-07-08,2016-07-10,SC-20230,437,9,863.64,107.955,0.2,2016,7,True
CA-2016-156685,2016-07-08,2016-07-10,SC-20230,1154,3,47.616,3.5712,0.2,2016,7,False
CA-2017-126865,2017-12-05,2017-12-07,NP-18325,1750,3,92.94,41.823,0.0,2017,12,False
CA-2017-102834,2017-03-09,2017-03-13,LW-16990,1016,2,199.98,69.993,0.0,2017,3,False
US-2016-139710,2016-06-09,2016-06-15,GM-14680,172,3,177.48,19.9665,0.2,2016,6,False
CA-2017-121538,2017-11-28,2017-12-01,RH-19495,538,2,88.768,31.0688,0.2,2017,11,False
US-2017-101539,2017-03-16,2017-03-18,VM-21685,1810,1,6.48,3.1104,0.0,2017,3,False
US-2017-101539,2017-03-16,2017-03-18,VM-21685,1377,1,46.51,1.8604,0.0,2017,3,False
US-2017-101539,2017-03-16,2017-03-18,VM-21685,1093,3,659.976,49.4982,0.2,2017,3,True
CA-2016-152121,2016-11-27,2016-11-29,CC-12670,1102,1,271.992,23.7993,0.2,2016,11,False
CA-2017-161200,2017-08-06,2017-08-10,SV-20365,1181,3,145.74,23.3184,0.0,2017,8,False
CA-2017-161200,2017-08-06,2017-08-10,SV-20365,1029,5,15.4,7.392,0.0,2017,8,False
CA-2017-101245,2017-11-27,2017-12-03,LW-16990,1568,5,244.55,114.9385,0.0,2017,11,False
CA-2017-101245,2017-11-27,2017-12-03,LW-16990,601,8,166.16,59.8176,0.0,2017,11,False
CA-2015-141768,2015-05-25,2015-05-27,NP-18685,1587,3,14.73,4.8609,0.0,2015,5,False
CA-2016-112109,2016-07-08,2016-07-12,JE-15715,713,2,19.968,-13.312,0.7,2016,7,False
CA-2016-112109,2016-07-08,2016-07-12,JE-15715,1256,7,33.488,-1.2558,0.2,2016,7,False
CA-2016-112109,2016-07-08,2016-07-12,JE-15715,1624,4,8.736,-6.1152,0.7,2016,7,False
CA-2016-112109,2016-07-08,2016-07-12,JE-15715,1363,3,662.88,74.574,0.2,2016,7,True
CA-2017-144064,2017-08-29,2017-09-01,CP-12085,214,4,47.36,17.76,0.2,2017,8,False
CA-2017-144064,2017-08-29,2017-09-01,CP-12085,125,2,27.44,2.401,0.2,2017,8,False
CA-2017-144064,2017-08-29,2017-09-01,CP-12085,1629,9,3.24,-5.184,0.8,2017,8,False
CA-2016-108581,2016-06-20,2016-06-26,EA-14035,1012,4,95.968,26.3912,0.2,2016,6,False
CA-2016-108581,2016-06-20,2016-06-26,EA-14035,1801,2,10.368,3.6288,0.2,2016,6,False
CA-2017-157987,2017-09-02,2017-09-06,AC-10615,1131,2,23.1,6.468,0.0,2017,9,False
CA-2017-157987,2017-09-02,2017-09-06,AC-10615,484,2,11.54,3.462,0.0,2017,9,False
CA-2017-157987,2017-09-02,2017-09-06,AC-10615,376,1,254.526,-93.3262,0.4,2017,9,False
CA-2017-157987,2017-09-02,2017-09-06,AC-10615,637,1,12.98,3.7642,0.0,2017,9,False
CA-2017-157987,2017-09-02,2017-09-06,AC-10615,32,8,26.432,8.9208,0.2,2017,9,False
CA-2017-157987,2017-09-02,2017-09-06,AC-10615,440,3,197.97,57.4113,0.0,2017,9,False
CA-2017-157987,2017-09-02,2017-09-06,AC-10615,228,6,18.9,9.072,0.0,2017,9,False
CA-2017-157987,2017-09-02,2017-09-06,AC-10615,741,5,1282.41,213.735,0.1,2017,9,True
CA-2017-157987,2017-09-02,2017-09-06,AC-10615,274,3,4.92,2.214,0.0,2017,9,False
CA-2017-157987,2017-09-02,2017-09-06,AC-10615,1606,2,238.0,38.08,0.0,2017,9,False
CA-2017-157987,2017-09-02,2017-09-06,AC-10615,1463,3,167.97,40.3128,0.0,2017,9,False
CA-2017-157987,2017-09-02,2017-09-06,AC-10615,1751,4,17.12,7.704,0.0,2017,9,False
CA-2017-110905,2017-09-10,2017-09-15,RW-19690,23,3,16.2,7.776,0.0,2017,9,False
CA-2017-110905,2017-09-10,2017-09-15,RW-19690,821,3,33.99,14.6157,0.0,2017,9,False
CA-2017-110905,2017-09-10,2017-09-15,RW-19690,997,5,296.85,53.433,0.0,2017,9,False
CA-2017-110905,2017-09-10,2017-09-15,RW-19690,916,6,112.8,6.768,0.0,2017,9,False
CA-2017-110905,2017-09-10,2017-09-15,RW-19690,1111,3,13.71,6.5808,0.0,2017,9,False
CA-2017-110905,2017-09-10,2017-09-15,RW-19690,1760,5,24.9,11.703,0.0,2017,9,False
CA-2017-110905,2017-09-10,2017-09-15,RW-19690,658,3,286.29,17.1774,0.0,2017,9,False
CA-2017-110905,2017-09-10,2017-09-15,RW-19690,53,2,24.18,7.254,0.0,2017,9,False
CA-2017-165841,2017-12-21,2017-12-28,DB-13210,933,3,281.97,78.9516,0.0,2017,12,False
CA-2017-165841,2017-12-21,2017-12-28,DB-13210,91,5,69.5,20.155,0.0,2017,12,False
CA-2017-165841,2017-12-21,2017-12-28,DB-13210,1698,3,166.44,79.8912,0.0,2017,12,False
CA-2017-117485,2017-09-23,2017-09-29,BD-11320,917,4,291.96,102.186,0.0,2017,9,False
CA-2017-140242,2017-05-06,2017-05-11,ML-17755,343,3,6.408,0.6408,0.2,2017,5,False
CA-2017-140242,2017-05-06,2017-05-11,ML-17755,917,7,408.744,76.6395,0.2,2017,5,False
CA-2014-148950,2014-12-14,2014-12-19,JD-16015,248,4,5.104,-8.6768,0.8,2014,12,False
CA-2014-148950,2014-12-14,2014-12-19,JD-16015,161,2,2.896,0.4706,0.2,2014,12,False
CA-2014-148950,2014-12-14,2014-12-19,JD-16015,313,3,35.016,-2.1885,0.2,2014,12,False
CA-2014-110408,2014-10-18,2014-10-20,AS-10225,775,3,275.97,11.0388,0.0,2014,10,False
CA-2014-110408,2014-10-18,2014-10-20,AS-10225,175,5,1394.95,362.687,0.0,2014,10,True
CA-2014-110408,2014-10-18,2014-10-20,AS-10225,772,6,545.88,70.9644,0.0,2014,10,True
CA-2015-109939,2015-05-08,2015-05-12,AA-10375,1128,2,5.248,0.5904,0.2,2015,5,False
CA-2016-112669,2016-04-14,2016-04-14,KT-16465,831,4,933.536,105.0228,0.2,2016,4,True
CA-2016-112669,2016-04-14,2016-04-14,KT-16465,651,4,42.976,4.2976,0.2,2016,4,False
CA-2015-119592,2015-12-14,2015-12-16,MM-18280,16,2,3.76,1.8048,0.0,2015,12,False
CA-2014-122749,2014-12-03,2014-12-09,NG-18430,935,4,479.96,134.3888,0.0,2014,12,False
CA-2014-164721,2014-11-25,2014-11-27,LW-16825,304,6,320.88,93.0552,0.0,2014,11,False
CA-2014-164721,2014-11-25,2014-11-27,LW-16825,1497,3,23.88,10.5072,0.0,2014,11,False
CA-2014-164721,2014-11-25,2014-11-27,LW-16825,1651,4,26.76,12.3096,0.0,2014,11,False
CA-2016-147417,2016-07-25,2016-07-27,CB-12415,805,4,1439.976,191.9968,0.4,2016,7,True
CA-2015-127509,2015-11-09,2015-11-13,AS-10090,329,3,17.22,7.9212,0.0,2015,11,False
CA-2015-127509,2015-11-09,2015-11-13,AS-10090,324,7,1024.38,215.1198,0.0,2015,11,True
CA-2015-127509,2015-11-09,2015-11-13,AS-10090,4,3,26.22,12.3234,0.0,2015,11,False
CA-2015-127509,2015-11-09,2015-11-13,AS-10090,1768,3,17.34,8.4966,0.0,2015,11,False
CA-2017-111374,2017-02-24,2017-02-28,CB-12415,32,4,4.956,-3.7996,0.7,2017,2,False
CA-2017-133648,2017-06-25,2017-07-02,ML-17755,134,6,71.04,26.64,0.2,2017,6,False
CA-2017-133648,2017-06-25,2017-07-02,ML-17755,589,2,5.344,0.7348,0.2,2017,6,False
CA-2017-133648,2017-06-25,2017-07-02,ML-17755,1282,3,11.304,-2.1195,0.2,2017,6,False
US-2017-147221,2017-12-02,2017-12-04,JS-16030,17,5,294.62,-766.012,0.8,2017,12,False
US-2017-147221,2017-12-02,2017-12-04,JS-16030,119,4,8.752,-3.7196,0.6,2017,12,False
CA-2014-131905,2014-02-06,2014-02-09,ND-18460,187,4,15.0,7.2,0.0,2014,2,False
CA-2014-131905,2014-02-06,2014-02-09,ND-18460,47,1,161.61,42.0186,0.0,2014,2,False
CA-2014-131905,2014-02-06,2014-02-09,ND-18460,42,5,144.95,42.0355,0.0,2014,2,False
CA-2017-166128,2017-04-11,2017-04-18,LW-17215,1405,5,199.95,21.9945,0.0,2017,4,False
CA-2017-166128,2017-04-11,2017-04-18,LW-17215,530,7,41.86,14.2324,0.0,2017,4,False
CA-2017-163510,2017-12-25,2017-12-28,JW-15955,635,3,95.94,9.594,0.0,2017,12,False
CA-2017-163510,2017-12-25,2017-12-28,JW-15955,770,5,304.45,76.1125,0.0,2017,12,False
US-2017-143028,2017-04-11,2017-04-18,SC-20050,673,3,11.364,-17.046,0.8,2017,4,False
CA-2014-111150,2014-12-31,2015-01-04,RW-19630,275,7,29.68,11.5752,0.0,2014,12,False
CA-2014-111150,2014-12-31,2015-01-04,RW-19630,1375,7,47.53,16.1602,0.0,2014,12,False
CA-2017-165386,2017-08-03,2017-08-04,CM-12190,1187,2,183.372,-36.6744,0.3,2017,8,False
CA-2014-116407,2014-11-15,2014-11-21,JF-15190,1116,3,4.224,0.4752,0.2,2014,11,False
CA-2014-116407,2014-11-15,2014-11-21,JF-15190,8,2,333.056,29.1424,0.2,2014,11,False
CA-2014-116407,2014-11-15,2014-11-21,JF-15190,1468,4,24.896,7.78,0.2,2014,11,False
CA-2015-155761,2015-12-11,2015-12-11,SC-20800,1018,2,159.984,35.9964,0.2,2015,12,False
CA-2015-155761,2015-12-11,2015-12-11,SC-20800,583,3,46.344,4.6344,0.2,2015,12,False
CA-2016-145905,2016-09-18,2016-09-23,AM-10705,1210,1,350.98,84.2352,0.0,2016,9,False
CA-2016-145905,2016-09-18,2016-09-23,AM-10705,1473,2,13.08,6.0168,0.0,2016,9,False
CA-2016-145905,2016-09-18,2016-09-23,AM-10705,1551,4,900.08,117.0104,0.0,2016,9,True
CA-2015-113110,2015-03-19,2015-03-23,BK-11260,689,2,17.568,6.3684,0.2,2015,3,False
CA-2015-113110,2015-03-19,2015-03-23,BK-11260,1433,2,14.62,6.8714,0.0,2015,3,False
CA-2015-113110,2015-03-19,2015-03-23,BK-11260,88,4,33.36,8.6736,0.0,2015,3,False
CA-2015-113110,2015-03-19,2015-03-23,BK-11260,1649,6,40.14,19.6686,0.0,2015,3,False
CA-2016-168354,2016-09-19,2016-09-21,RH-19510,872,9,1606.23,481.869,0.0,2016,9,True
CA-2016-168354,2016-09-19,2016-09-21,RH-19510,107,3,17.04,7.668,0.0,2016,9,False
CA-2016-168354,2016-09-19,2016-09-21,RH-19510,931,3,49.53,23.7744,0.0,2016,9,False
CA-2016-168354,2016-09-19,2016-09-21,RH-19510,989,4,872.32,244.2496,0.0,2016,9,True
US-2017-111241,2017-08-20,2017-08-22,GM-14500,706,5,239.12,77.714,0.2,2017,8,False
CA-2015-114237,2015-03-13,2015-03-15,MC-17275,1384,2,141.96,39.7488,0.0,2015,3,False
CA-2016-113516,2016-09-08,2016-09-10,VM-21685,1485,2,33.024,11.5584,0.2,2016,9,False
CA-2016-113516,2016-09-08,2016-09-10,VM-21685,1302,4,67.136,23.4976,0.2,2016,9,False
CA-2015-117961,2015-11-26,2015-11-30,GP-14740,1305,3,14.73,6.9231,0.0,2015,11,False
CA-2015-117961,2015-11-26,2015-11-30,GP-14740,1554,5,104.9,25.176,0.0,2015,11,False
CA-2015-117961,2015-11-26,2015-11-30,GP-14740,136,4,61.04,30.52,0.0,2015,11,False
CA-2015-117961,2015-11-26,2015-11-30,GP-14740,1030,3,10.95,5.1465,0.0,2015,11,False
CA-2016-128923,2016-12-09,2016-12-13,GB-14530,1565,2,9.392,3.2872,0.2,2016,12,False
CA-2016-128923,2016-12-09,2016-12-13,GB-14530,886,1,9.328,0.8162,0.2,2016,12,False
CA-2017-162481,2017-09-25,2017-09-29,CT-11995,33,2,8.26,3.8822,0.0,2017,9,False
CA-2017-162481,2017-09-25,2017-09-29,CT-11995,760,3,269.97,51.2943,0.0,2017,9,False
CA-2015-119214,2015-01-23,2015-01-27,CW-11905,1655,3,29.04,13.9392,0.0,2015,1,False
CA-2015-119214,2015-01-23,2015-01-27,CW-11905,210,2,14.62,6.8714,0.0,2015,1,False
CA-2015-122287,2015-06-18,2015-06-23,SN-20560,1708,3,11.952,4.3326,0.2,2015,6,False
CA-2015-122287,2015-06-18,2015-06-23,SN-20560,1250,7,4.536,-3.3264,0.7,2015,6,False
CA-2015-122287,2015-06-18,2015-06-23,SN-20560,136,2,9.156,-6.104,0.7,2015,6,False
CA-2015-122287,2015-06-18,2015-06-23,SN-20560,672,5,75.36,20.724,0.2,2015,6,False
CA-2015-104493,2015-10-02,2015-10-08,EB-13705,694,6,57.504,20.1264,0.2,2015,10,False
US-2017-158946,2017-11-18,2017-11-23,JW-15220,278,7,38.864,7.7728,0.2,2017,11,False
CA-2014-129168,2014-08-17,2014-08-23,KB-16585,1798,3,15.552,5.4432,0.2,2014,8,False
CA-2016-131835,2016-07-17,2016-07-21,MC-17590,945,2,162.64,45.5392,0.0,2016,7,False
CA-2016-131835,2016-07-17,2016-07-21,MC-17590,347,3,597.0,280.59,0.0,2016,7,True
CA-2016-131835,2016-07-17,2016-07-21,MC-17590,538,1,55.48,26.6304,0.0,2016,7,False
CA-2015-142237,2015-07-11,2015-07-13,CK-12595,881,7,289.8,36.225,0.2,2015,7,False
CA-2015-142237,2015-07-11,2015-07-13,CK-12595,81,3,2.502,-2.0016,0.7,2015,7,False
CA-2015-142237,2015-07-11,2015-07-13,CK-12595,23,4,6.48,-4.752,0.7,2015,7,False
CA-2015-142237,2015-07-11,2015-07-13,CK-12595,1171,8,341.488,-73.176,0.3,2015,7,False
CA-2015-142237,2015-07-11,2015-07-13,CK-12595,1141,5,11.12,0.834,0.2,2015,7,False
CA-2015-142237,2015-07-11,2015-07-13,CK-12595,1045,6,25.344,3.4848,0.2,2015,7,False
CA-2016-136434,2016-12-01,2016-12-07,RD-19480,484,3,17.31,5.193,0.0,2016,12,False
CA-2017-120376,2017-12-22,2017-12-25,TP-21130,1090,5,199.95,63.984,0.0,2017,12,False
CA-2017-120376,2017-12-22,2017-12-25,TP-21130,843,7,1586.69,412.5394,0.0,2017,12,True
CA-2017-120376,2017-12-22,2017-12-25,TP-21130,1021,1,84.99,30.5964,0.0,2017,12,False
CA-2017-120376,2017-12-22,2017-12-25,TP-21130,318,2,411.8,70.006,0.0,2017,12,False
CA-2014-106439,2014-10-31,2014-11-04,GG-14650,1499,3,11.34,5.2164,0.0,2014,10,False
CA-2014-106439,2014-10-31,2014-11-04,GG-14650,983,5,80.3,20.878,0.0,2014,10,False
CA-2014-106439,2014-10-31,2014-11-04,GG-14650,245,2,15.968,5.3892,0.2,2014,10,False
CA-2014-106439,2014-10-31,2014-11-04,GG-14650,1741,13,64.74,30.4278,0.0,2014,10,False
CA-2014-106439,2014-10-31,2014-11-04,GG-14650,663,3,19.296,6.03,0.2,2014,10,False
CA-2014-106439,2014-10-31,2014-11-04,GG-14650,1555,4,405.64,12.1692,0.0,2014,10,False
CA-2014-106439,2014-10-31,2014-11-04,GG-14650,1171,3,146.352,-9.147,0.2,2014,10,False
CA-2014-106439,2014-10-31,2014-11-04,GG-14650,1061,9,251.91,47.8629,0.0,2014,10,False
CA-2014-106439,2014-10-31,2014-11-04,GG-14650,1132,3,12.39,3.717,0.0,2014,10,False
CA-2015-133452,2015-04-13,2015-04-19,ZC-21910,1266,4,199.96,69.986,0.0,2015,4,False
CA-2015-133452,2015-04-13,2015-04-19,ZC-21910,836,3,710.832,-97.7394,0.2,2015,4,True
CA-2016-146521,2016-07-21,2016-07-23,CC-12610,691,1,1.941,-1.294,0.7,2016,7,False
US-2017-110996,2017-11-20,2017-11-25,KA-16525,1172,5,283.92,-46.137,0.2,2017,11,False
CA-2016-129693,2016-11-26,2016-12-02,TC-20980,1111,2,7.312,2.5592,0.2,2016,11,False
CA-2017-122504,2017-11-07,2017-11-12,DB-13270,152,3,59.97,13.7931,0.0,2017,11,False
CA-2017-122504,2017-11-07,2017-11-12,DB-13270,1268,7,761.544,66.6351,0.2,2017,11,True
CA-2014-131051,2014-12-01,2014-12-05,TR-21325,674,3,58.2,28.518,0.0,2014,12,False
CA-2017-140676,2017-09-12,2017-09-15,BF-11080,109,5,39.9,19.95,0.0,2017,9,False
CA-2017-140676,2017-09-12,2017-09-15,BF-11080,637,7,90.86,26.3494,0.0,2017,9,False
CA-2017-140676,2017-09-12,2017-09-15,BF-11080,1726,5,94.85,45.528,0.0,2017,9,False
CA-2015-120103,2015-12-24,2015-12-29,MS-17365,464,7,106.232,37.1812,0.2,2015,12,False
CA-2015-120103,2015-12-24,2015-12-29,MS-17365,451,2,111.984,11.1984,0.2,2015,12,False
CA-2015-120103,2015-12-24,2015-12-29,MS-17365,1039,2,7.712,1.7352,0.2,2015,12,False
CA-2017-104647,2017-02-23,2017-03-01,CK-12595,143,6,37.44,16.848,0.0,2017,2,False
CA-2014-110352,2014-11-23,2014-11-29,ED-13885,134,2,23.68,8.88,0.2,2014,11,False
CA-2016-140501,2016-06-23,2016-06-28,IM-15070,178,4,122.12,56.1752,0.0,2016,6,False
CA-2016-140501,2016-06-23,2016-06-28,IM-15070,230,5,18.45,8.6715,0.0,2016,6,False
CA-2016-140501,2016-06-23,2016-06-28,IM-15070,634,5,324.9,38.988,0.0,2016,6,False
CA-2016-140501,2016-06-23,2016-06-28,IM-15070,1568,3,146.73,68.9631,0.0,2016,6,False
CA-2016-140501,2016-06-23,2016-06-28,IM-15070,1571,2,3.96,1.4652,0.0,2016,6,False
CA-2015-139290,2015-10-26,2015-10-30,MY-17380,216,2,5.76,2.6496,0.0,2015,10,False
CA-2017-166142,2017-07-15,2017-07-19,MM-17260,708,3,26.55,13.0095,0.0,2017,7,False
CA-2017-166142,2017-07-15,2017-07-19,MM-17260,827,3,310.443,-48.7839,0.3,2017,7,False
CA-2014-145926,2014-11-17,2014-11-21,MP-17470,767,5,479.9,81.583,0.0,2014,11,False
CA-2015-149678,2015-04-13,2015-04-15,AW-10840,1044,1,12.88,0.3864,0.0,2015,4,False
US-2015-164357,2015-11-25,2015-11-29,SF-20065,1158,5,13.12,1.476,0.2,2015,11,False
US-2016-146570,2016-05-15,2016-05-20,SN-20710,684,8,511.84,240.5648,0.0,2016,5,True
US-2016-146570,2016-05-15,2016-05-20,SN-20710,361,4,91.96,25.7488,0.0,2016,5,False
US-2016-146570,2016-05-15,2016-05-20,SN-20710,1153,3,8.34,2.1684,0.0,2016,5,False
CA-2017-124401,2017-09-07,2017-09-12,RD-19900,797,3,37.68,2.355,0.2,2017,9,False
CA-2017-124401,2017-09-07,2017-09-12,RD-19900,1017,7,279.944,80.4839,0.2,2017,9,False
US-2014-140116,2014-03-10,2014-03-17,KT-16480,1549,3,636.408,-15.9102,0.2,2014,3,True
US-2014-140116,2014-03-10,2014-03-17,KT-16480,280,4,83.168,9.3564,0.2,2014,3,False
CA-2014-123295,2014-07-18,2014-07-18,AH-10120,1207,4,259.136,-25.9136,0.2,2014,7,False
CA-2017-167101,2017-03-24,2017-03-28,BM-11650,1670,4,221.92,106.5216,0.0,2017,3,False
CA-2017-167101,2017-03-24,2017-03-28,BM-11650,1073,2,26.0,11.7,0.0,2017,3,False
US-2014-167633,2014-09-30,2014-10-05,BW-11200,1813,3,15.552,5.4432,0.2,2014,9,False
US-2014-152723,2014-09-26,2014-09-26,HG-14965,49,1,0.876,-1.4016,0.8,2014,9,False
CA-2015-164882,2015-10-31,2015-10-31,SG-20080,1694,1,19.98,9.3906,0.0,2015,10,False
CA-2015-164882,2015-10-31,2015-10-31,SG-20080,682,3,398.352,124.485,0.2,2015,10,False
CA-2015-164882,2015-10-31,2015-10-31,SG-20080,1113,3,5.04,1.26,0.0,2015,10,False
CA-2015-164882,2015-10-31,2015-10-31,SG-20080,1196,5,17.45,8.027,0.0,2015,10,False
CA-2015-164882,2015-10-31,2015-10-31,SG-20080,752,4,323.136,20.196,0.2,2015,10,False
CA-2015-164882,2015-10-31,2015-10-31,SG-20080,100,3,29.7,8.019,0.0,2015,10,False
CA-2015-164882,2015-10-31,2015-10-31,SG-20080,1289,4,1295.84,145.782,0.2,2015,10,True
CA-2015-164882,2015-10-31,2015-10-31,SG-20080,1094,2,46.84,12.6468,0.0,2015,10,False
CA-2015-164882,2015-10-31,2015-10-31,SG-20080,498,1,425.833,20.0392,0.15,2015,10,False
CA-2015-159786,2015-10-12,2015-10-17,RK-19300,1371,1,209.67,-13.978,0.4,2015,10,False
CA-2016-130267,2016-09-19,2016-09-23,SW-20245,1833,7,159.88,73.5448,0.0,2016,9,False
CA-2017-155460,2017-04-13,2017-04-15,RW-19630,1831,1,5.28,2.376,0.0,2017,4,False
CA-2017-155460,2017-04-13,2017-04-15,RW-19630,685,5,895.92,302.373,0.2,2017,4,True
US-2017-168690,2017-01-07,2017-01-13,TS-21085,1842,3,2.808,-1.9656,0.7,2017,1,False
CA-2017-158246,2017-11-09,2017-11-11,JB-15400,760,3,215.976,-2.6997,0.2,2017,11,False
CA-2017-167381,2017-09-22,2017-09-24,EH-14005,1183,2,241.96,41.1332,0.0,2017,9,False
CA-2017-167381,2017-09-22,2017-09-24,EH-14005,221,9,27.72,13.3056,0.0,2017,9,False
CA-2017-144862,2017-12-01,2017-12-05,EH-14005,1317,5,104.68,35.3295,0.2,2017,12,False
CA-2017-144862,2017-12-01,2017-12-05,EH-14005,312,7,62.958,9.4437,0.4,2017,12,False
CA-2014-126032,2014-06-23,2014-06-28,BS-11665,1461,3,86.376,1.0797,0.2,2014,6,False
CA-2015-134859,2015-10-04,2015-10-09,JK-16120,505,3,64.944,6.4944,0.2,2015,10,False
CA-2015-134859,2015-10-04,2015-10-09,JK-16120,1734,4,20.736,7.2576,0.2,2015,10,False
US-2014-114188,2014-05-20,2014-05-22,RF-19345,50,4,33.28,9.3184,0.0,2014,5,False
US-2014-114188,2014-05-20,2014-05-22,RF-19345,1409,9,38.52,11.9412,0.0,2014,5,False
US-2014-114188,2014-05-20,2014-05-22,RF-19345,15,7,139.86,60.1398,0.0,2014,5,False
CA-2015-156524,2015-11-20,2015-11-26,DL-12865,1079,3,19.65,9.039,0.0,2015,11,False
CA-2015-122210,2015-11-30,2015-12-04,WB-21850,648,3,152.991,-122.3928,0.7,2015,11,False
CA-2015-122210,2015-11-30,2015-12-04,WB-21850,1346,7,10.584,-2.3814,0.2,2015,11,False
CA-2015-122210,2015-11-30,2015-12-04,WB-21850,1097,4,94.92,15.82,0.4,2015,11,False
CA-2015-156377,2015-12-31,2016-01-05,TB-21625,569,5,14.76,-11.439,0.6,2015,12,False
CA-2015-156377,2015-12-31,2016-01-05,TB-21625,1111,4,3.656,-5.8496,0.8,2015,12,False
US-2017-157896,2017-11-16,2017-11-16,CB-12415,1567,3,146.82,73.41,0.0,2017,11,False
CA-2014-159520,2014-06-06,2014-06-11,GT-14635,1625,9,149.544,50.4711,0.2,2014,6,False
CA-2014-159520,2014-06-06,2014-06-11,GT-14635,94,2,17.14,4.4564,0.0,2014,6,False
CA-2014-159520,2014-06-06,2014-06-11,GT-14635,424,3,991.764,-347.1174,0.4,2014,6,True
CA-2016-155481,2016-09-01,2016-09-05,DK-13225,1530,6,30.48,9.906,0.2,2016,9,False
CA-2016-155481,2016-09-01,2016-09-05,DK-13225,149,2,23.988,-4.7976,0.4,2016,9,False
CA-2016-155481,2016-09-01,2016-09-05,DK-13225,1499,7,16.688,5.4236,0.2,2016,9,False
US-2016-152051,2016-06-25,2016-06-29,TS-21160,759,3,422.058,-18.0882,0.3,2016,6,False
US-2016-152051,2016-06-25,2016-06-29,TS-21160,722,4,38.088,-27.9312,0.7,2016,6,False
US-2016-152051,2016-06-25,2016-06-29,TS-21160,776,6,254.352,-50.8704,0.2,2016,6,False
CA-2014-141607,2014-12-12,2014-12-17,WB-21850,553,1,43.31,4.331,0.0,2014,12,False
CA-2017-102771,2017-03-31,2017-04-05,DO-13435,1480,5,84.95,22.087,0.0,2017,3,False
US-2017-139969,2017-11-19,2017-11-26,AF-10870,1213,3,233.058,-53.2704,0.3,2017,11,False
CA-2014-167360,2014-11-24,2014-11-29,RB-19435,1074,7,111.79,43.5981,0.0,2014,11,False
CA-2015-123505,2015-11-22,2015-11-26,AR-10540,1760,3,14.94,7.0218,0.0,2015,11,False
CA-2016-117282,2016-07-14,2016-07-18,DR-12880,708,2,14.16,5.133,0.2,2016,7,False
US-2016-120460,2016-04-30,2016-05-05,BF-11170,672,3,22.608,-10.1736,0.6,2016,4,False
CA-2016-111115,2016-07-25,2016-07-27,LB-16735,1194,6,21.48,10.74,0.0,2016,7,False
CA-2014-124646,2014-06-22,2014-06-24,DV-13465,1201,3,501.81,0.0,0.0,2014,6,True
CA-2014-124646,2014-06-22,2014-06-24,DV-13465,633,3,161.94,9.7164,0.0,2014,6,False
CA-2017-148166,2017-10-21,2017-10-26,NK-18490,1137,4,17.856,2.0088,0.2,2017,10,False
CA-2016-159737,2016-09-03,2016-09-09,CS-11950,1836,3,8.808,-14.9736,0.8,2016,9,False
CA-2016-141019,2016-05-14,2016-05-14,LH-17155,727,1,79.384,29.769,0.2,2016,5,False
CA-2016-101938,2016-01-07,2016-01-12,DW-13480,1230,1,34.58,10.0282,0.0,2016,1,False
CA-2017-166296,2017-03-13,2017-03-19,KF-16285,1104,3,314.55,150.984,0.0,2017,3,False
CA-2016-154018,2016-10-13,2016-10-19,HA-14920,1328,3,191.976,23.997,0.2,2016,10,False
CA-2016-154018,2016-10-13,2016-10-19,HA-14920,158,2,8.288,3.0044,0.2,2016,10,False
CA-2016-154018,2016-10-13,2016-10-19,HA-14920,1532,5,139.92,-150.414,0.6,2016,10,False
CA-2016-154018,2016-10-13,2016-10-19,HA-14920,1142,1,15.872,1.1904,0.2,2016,10,False
CA-2016-154018,2016-10-13,2016-10-19,HA-14920,259,7,6.286,-11.0005,0.8,2016,10,False
CA-2017-117870,2017-01-27,2017-01-30,JH-15820,1118,3,14.016,1.752,0.2,2017,1,False
CA-2017-117870,2017-01-27,2017-01-30,JH-15820,153,3,71.976,-8.997,0.2,2017,1,False
CA-2017-117870,2017-01-27,2017-01-30,JH-15820,930,3,107.982,-26.9955,0.4,2017,1,False
US-2017-137491,2017-11-19,2017-11-25,LC-16930,989,2,305.312,-8.7232,0.3,2017,11,False
CA-2014-152296,2014-08-01,2014-08-03,IL-15100,1643,3,19.752,6.9132,0.2,2014,8,False
CA-2016-112025,2016-07-30,2016-08-04,LS-16975,715,3,9.264,-13.896,0.8,2016,7,False
CA-2015-132507,2015-07-30,2015-08-03,CC-12610,583,4,61.792,6.1792,0.2,2015,7,False
CA-2016-125738,2016-10-15,2016-10-21,PB-18805,1773,2,45.68,21.0128,0.0,2016,10,False
CA-2016-125738,2016-10-15,2016-10-21,PB-18805,1777,9,60.12,28.8576,0.0,2016,10,False
CA-2016-125738,2016-10-15,2016-10-21,PB-18805,58,5,41.72,13.0375,0.2,2016,10,False
CA-2016-125738,2016-10-15,2016-10-21,PB-18805,1331,8,71.6,32.936,0.0,2016,10,False
CA-2016-128818,2016-05-07,2016-05-11,CJ-12010,714,7,85.232,30.8966,0.2,2016,5,False
CA-2016-128818,2016-05-07,2016-05-11,CJ-12010,134,3,44.4,22.2,0.0,2016,5,False
CA-2016-128818,2016-05-07,2016-05-11,CJ-12010,847,4,442.764,59.0352,0.1,2016,5,False
CA-2016-128818,2016-05-07,2016-05-11,CJ-12010,282,5,3999.95,1159.9855,0.0,2016,5,True
CA-2016-128818,2016-05-07,2016-05-11,CJ-12010,1405,5,199.95,21.9945,0.0,2016,5,False
CA-2016-128818,2016-05-07,2016-05-11,CJ-12010,1497,8,63.68,28.0192,0.0,2016,5,False
CA-2017-124576,2017-08-01,2017-08-04,HK-14890,701,2,54.896,18.5274,0.2,2017,8,False
CA-2016-101378,2016-07-14,2016-07-14,RH-19600,791,2,29.0,7.25,0.0,2016,7,False
CA-2017-143063,2017-08-10,2017-08-15,IL-15100,1493,6,70.08,35.04,0.0,2017,8,False
CA-2017-143063,2017-08-10,2017-08-15,IL-15100,1546,2,121.3,25.473,0.0,2017,8,False
CA-2017-143063,2017-08-10,2017-08-15,IL-15100,47,9,1454.49,378.1674,0.0,2017,8,True
CA-2016-118913,2016-06-25,2016-06-29,AS-10240,644,3,60.81,17.0268,0.0,2016,6,False
CA-2016-128412,2016-12-10,2016-12-17,AP-10915,684,3,153.552,51.8238,0.2,2016,12,False
CA-2016-128412,2016-12-10,2016-12-17,AP-10915,817,3,65.34,22.869,0.0,2016,12,False
CA-2016-128412,2016-12-10,2016-12-17,AP-10915,1779,4,123.92,55.764,0.0,2016,12,False
CA-2016-128412,2016-12-10,2016-12-17,AP-10915,801,3,35.1,12.285,0.0,2016,12,False
CA-2016-128412,2016-12-10,2016-12-17,AP-10915,960,5,44.75,8.5025,0.0,2016,12,False
CA-2016-136483,2016-12-01,2016-12-06,AG-10390,1152,2,4.704,0.4116,0.2,2016,12,False
CA-2014-163013,2014-11-28,2014-12-04,BF-11080,1139,3,14.67,3.9609,0.0,2014,11,False
CA-2015-135363,2015-03-28,2015-04-02,CK-12205,1791,3,15.552,5.4432,0.2,2015,3,False
CA-2015-135363,2015-03-28,2015-04-02,CK-12205,1473,1,5.232,1.7004,0.2,2015,3,False
US-2014-165659,2014-06-01,2014-06-06,LT-17110,21,6,22.2,9.102,0.0,2014,6,False
US-2014-165659,2014-06-01,2014-06-06,LT-17110,114,7,881.93,229.3018,0.0,2014,6,True
CA-2015-138002,2015-09-06,2015-09-12,BT-11305,64,2,6.096,2.1336,0.2,2015,9,False
CA-2015-138002,2015-09-06,2015-09-12,BT-11305,883,3,191.82,74.8098,0.0,2015,9,False
CA-2015-128860,2015-06-29,2015-07-05,SC-20725,563,1,20.104,1.7591,0.2,2015,6,False
CA-2016-164350,2016-09-10,2016-09-12,CG-12040,362,3,67.56,8.445,0.2,2016,9,False
US-2014-103905,2014-07-14,2014-07-20,AW-10930,57,7,29.932,-46.3946,0.8,2014,7,False
US-2014-103905,2014-07-14,2014-07-20,AW-10930,890,4,38.272,3.8272,0.2,2014,7,False
CA-2015-129854,2015-08-22,2015-08-26,RB-19705,1162,4,16.52,7.5992,0.0,2015,8,False
CA-2014-125556,2014-11-14,2014-11-16,ML-17410,1288,7,832.93,233.2204,0.0,2014,11,True
CA-2014-125556,2014-11-14,2014-11-16,ML-17410,49,10,43.8,21.024,0.0,2014,11,False
CA-2016-162313,2016-11-27,2016-11-30,VB-21745,614,6,167.292,29.7408,0.1,2016,11,False
CA-2017-107874,2017-11-21,2017-11-25,SW-20275,884,1,27.42,11.2422,0.0,2017,11,False
CA-2017-129378,2017-10-01,2017-10-02,NS-18505,1629,1,1.44,0.504,0.2,2017,10,False
CA-2017-129378,2017-10-01,2017-10-02,NS-18505,1511,13,61.776,20.8494,0.2,2017,10,False
CA-2017-129378,2017-10-01,2017-10-02,NS-18505,292,2,241.96,60.49,0.0,2017,10,False
CA-2017-129378,2017-10-01,2017-10-02,NS-18505,1082,4,108.608,9.5032,0.2,2017,10,False
CA-2014-151953,2014-09-20,2014-09-25,DB-13555,1166,2,2.816,0.9856,0.2,2014,9,False
CA-2017-130841,2017-07-28,2017-08-01,MH-17620,1842,4,9.984,3.6192,0.2,2017,7,False
CA-2017-130841,2017-07-28,2017-08-01,MH-17620,1520,1,14.98,4.1944,0.0,2017,7,False
CA-2017-130841,2017-07-28,2017-08-01,MH-17620,1621,4,1145.6,100.24,0.2,2017,7,True
CA-2015-131884,2015-12-06,2015-12-06,DK-13375,1289,2,485.94,-89.089,0.4,2015,12,False
CA-2015-131884,2015-12-06,2015-12-06,DK-13375,1118,8,37.376,4.672,0.2,2015,12,False
CA-2015-131884,2015-12-06,2015-12-06,DK-13375,762,1,70.686,-24.2352,0.3,2015,12,False
CA-2017-121909,2017-07-31,2017-08-05,EA-14035,1783,3,54.816,17.8152,0.2,2017,7,False
CA-2016-106383,2016-03-19,2016-03-21,BT-11440,166,1,72.294,-98.8018,0.7,2016,3,False
CA-2017-130771,2017-07-29,2017-08-03,LA-16780,161,2,2.896,0.4706,0.2,2017,7,False
CA-2017-130771,2017-07-29,2017-08-03,LA-16780,439,1,124.792,15.599,0.2,2017,7,False
CA-2016-139157,2016-10-01,2016-10-05,GM-14680,424,1,330.588,-115.7058,0.4,2016,10,False
CA-2014-128055,2014-03-31,2014-04-05,AA-10315,680,2,673.568,252.588,0.2,2014,3,True
CA-2014-128055,2014-03-31,2014-04-05,AA-10315,632,2,52.98,14.8344,0.0,2014,3,False
CA-2017-157091,2017-06-26,2017-07-01,DB-13405,555,5,526.45,31.587,0.0,2017,6,True
CA-2017-132122,2017-07-09,2017-07-14,JH-15820,1338,5,228.92,14.3075,0.2,2017,7,False
CA-2015-123232,2015-12-14,2015-12-16,DJ-13630,792,4,319.968,35.9964,0.2,2015,12,False
CA-2017-104066,2017-12-05,2017-12-10,QJ-19255,995,7,205.03,67.6599,0.0,2017,12,False
CA-2015-145849,2015-09-15,2015-09-17,CT-11995,658,2,190.86,11.4516,0.0,2015,9,False
CA-2015-145849,2015-09-15,2015-09-17,CT-11995,1041,8,24.32,8.2688,0.0,2015,9,False
CA-2016-122322,2016-07-15,2016-07-21,RH-19510,669,5,44.4,12.432,0.0,2016,7,False
CA-2017-166849,2017-04-20,2017-04-26,SJ-20125,557,2,44.4,-52.17,0.6,2017,4,False
CA-2016-146633,2016-11-15,2016-11-17,TG-21310,650,1,1016.792,381.297,0.2,2016,11,True
CA-2016-146633,2016-11-15,2016-11-17,TG-21310,268,7,38.136,13.3476,0.2,2016,11,False
US-2016-126893,2016-11-26,2016-12-01,CT-11995,1093,3,494.982,-115.4958,0.4,2016,11,False
CA-2017-103380,2017-11-21,2017-11-25,BF-11005,582,2,56.56,15.2712,0.0,2017,11,False
CA-2017-103380,2017-11-21,2017-11-25,BF-11005,1153,2,5.56,1.4456,0.0,2017,11,False
CA-2017-103380,2017-11-21,2017-11-25,BF-11005,127,2,9.02,3.5178,0.0,2017,11,False
CA-2017-103380,2017-11-21,2017-11-25,BF-11005,78,1,8.62,2.2412,0.0,2017,11,False
CA-2017-103380,2017-11-21,2017-11-25,BF-11005,1093,3,659.976,49.4982,0.2,2017,11,True
CA-2015-116092,2015-02-15,2015-02-18,JM-16195,1748,2,13.36,6.4128,0.0,2015,2,False
CA-2015-116092,2015-02-15,2015-02-18,JM-16195,58,5,41.72,13.0375,0.2,2015,2,False
CA-2015-116092,2015-02-15,2015-02-18,JM-16195,236,5,11.52,4.176,0.2,2015,2,False
CA-2015-116092,2015-02-15,2015-02-18,JM-16195,947,6,541.44,157.0176,0.0,2015,2,True
CA-2015-116092,2015-02-15,2015-02-18,JM-16195,1816,3,19.44,9.3312,0.0,2015,2,False
CA-2016-117849,2016-04-15,2016-04-17,JK-16120,1696,3,143.7,68.976,0.0,2016,4,False
CA-2015-169201,2015-09-28,2015-10-01,HG-14965,819,3,43.26,14.2758,0.0,2015,9,False
CA-2015-169201,2015-09-28,2015-10-01,HG-14965,817,2,43.56,15.246,0.0,2015,9,False
CA-2016-164091,2016-09-17,2016-09-22,LA-16780,1620,3,437.85,131.355,0.0,2016,9,False
CA-2016-164091,2016-09-17,2016-09-22,LA-16780,392,2,109.48,33.9388,0.0,2016,9,False
CA-2017-105214,2017-06-16,2017-06-19,TS-21610,848,7,1212.96,90.972,0.2,2017,6,True
CA-2017-105214,2017-06-16,2017-06-19,TS-21610,1652,2,18.54,8.7138,0.0,2017,6,False
CA-2015-117611,2015-11-08,2015-11-10,MZ-17335,121,1,5.0,2.4,0.0,2015,11,False
CA-2015-117611,2015-11-08,2015-11-10,MZ-17335,999,3,371.97,66.9546,0.0,2015,11,False
US-2015-137960,2015-12-18,2015-12-18,MW-18220,910,1,166.24,24.936,0.0,2015,12,False
CA-2017-122994,2017-02-06,2017-02-09,MV-17485,378,3,359.97,79.1934,0.0,2017,2,False
CA-2016-131065,2016-11-14,2016-11-16,AA-10375,1020,2,499.98,114.9954,0.0,2016,11,True
CA-2016-131065,2016-11-14,2016-11-16,AA-10375,1831,1,5.28,2.376,0.0,2016,11,False
CA-2016-131065,2016-11-14,2016-11-16,AA-10375,32,2,8.26,3.8822,0.0,2016,11,False
CA-2017-149146,2017-10-12,2017-10-12,SM-20320,1780,2,7.968,2.6892,0.2,2017,10,False
CA-2017-137470,2017-09-17,2017-09-17,TP-21415,1775,2,12.96,6.3504,0.0,2017,9,False
CA-2017-105480,2017-12-20,2017-12-26,DK-13225,1824,1,6.48,3.1104,0.0,2017,12,False
CA-2017-105480,2017-12-20,2017-12-26,DK-13225,1637,1,6.984,2.3571,0.2,2017,12,False
CA-2017-164917,2017-12-02,2017-12-07,MK-17905,375,5,47.96,4.1965,0.2,2017,12,False
CA-2015-102036,2015-09-21,2015-09-27,CS-12130,636,6,199.74,47.9376,0.0,2015,9,False
CA-2015-142944,2015-03-06,2015-03-11,JL-15850,514,7,435.26,95.7572,0.0,2015,3,False
CA-2015-142944,2015-03-06,2015-03-11,JL-15850,400,2,1119.984,377.9946,0.2,2015,3,True
CA-2014-157882,2014-10-03,2014-10-08,AR-10405,323,1,143.432,3.5858,0.2,2014,10,False
CA-2014-157882,2014-10-03,2014-10-08,AR-10405,746,3,122.352,13.7646,0.2,2014,10,False
CA-2014-104283,2014-06-27,2014-07-01,LM-17065,1365,5,306.2,0.0,0.0,2014,6,False
CA-2014-104283,2014-06-27,2014-07-01,LM-17065,942,1,85.98,22.3548,0.0,2014,6,False
CA-2014-104283,2014-06-27,2014-07-01,LM-17065,1463,4,223.96,53.7504,0.0,2014,6,False
CA-2017-142622,2017-10-30,2017-11-02,JK-15625,1171,2,97.568,-6.098,0.2,2017,10,False
CA-2017-142622,2017-10-30,2017-11-02,JK-15625,767,8,614.272,-23.0352,0.2,2017,10,True
CA-2017-142622,2017-10-30,2017-11-02,JK-15625,316,2,199.98,37.9962,0.0,2017,10,False
CA-2016-132143,2016-09-03,2016-09-05,FM-14215,105,7,48.16,22.1536,0.0,2016,9,False
CA-2015-153108,2015-03-05,2015-03-09,SF-20200,890,2,23.92,6.6976,0.0,2015,3,False
CA-2015-153108,2015-03-05,2015-03-09,SF-20200,1494,7,60.69,16.3863,0.0,2015,3,False
CA-2016-112676,2016-05-05,2016-05-08,PJ-18835,1754,3,14.352,5.2026,0.2,2016,5,False
CA-2017-165687,2017-11-17,2017-11-23,CS-12355,336,2,35.04,12.264,0.0,2017,11,False
US-2017-112928,2017-06-01,2017-06-05,BB-10990,609,5,17.48,1.311,0.2,2017,6,False
CA-2017-143343,2017-06-10,2017-06-13,BW-11200,1161,5,16.4,4.756,0.0,2017,6,False
CA-2017-115154,2017-01-08,2017-01-11,RS-19420,285,2,892.98,80.3682,0.0,2017,1,True
CA-2015-149342,2015-04-20,2015-04-25,TS-21160,1314,3,287.97,77.7519,0.0,2015,4,False
CA-2015-149342,2015-04-20,2015-04-25,TS-21160,727,6,595.38,297.69,0.0,2015,4,True
CA-2015-149342,2015-04-20,2015-04-25,TS-21160,1792,2,12.96,6.2208,0.0,2015,4,False
CA-2015-130995,2015-11-01,2015-11-06,QJ-19255,477,1,4.95,1.3365,0.0,2015,11,False
CA-2017-127929,2017-12-23,2017-12-27,FM-14215,1546,3,181.95,38.2095,0.0,2017,12,False
CA-2015-113145,2015-11-01,2015-11-05,VD-21670,273,4,13.52,6.2192,0.0,2015,11,False
CA-2015-113145,2015-11-01,2015-11-05,VD-21670,875,5,259.7,106.477,0.0,2015,11,False
CA-2015-113145,2015-11-01,2015-11-05,VD-21670,1274,1,42.95,1.2885,0.0,2015,11,False
CA-2015-113145,2015-11-01,2015-11-05,VD-21670,1329,7,1399.93,601.9699,0.0,2015,11,True
CA-2015-113145,2015-11-01,2015-11-05,VD-21670,1660,4,503.96,125.99,0.0,2015,11,True
CA-2014-162362,2014-11-14,2014-11-18,JL-15505,1512,3,12.72,6.36,0.0,2014,11,False
CA-2014-162362,2014-11-14,2014-11-18,JL-15505,236,4,11.52,5.6448,0.0,2014,11,False
CA-2016-106558,2016-01-17,2016-01-21,DL-13495,666,4,316.0,31.6,0.0,2016,1,False
CA-2017-157931,2017-09-17,2017-09-22,MO-17800,750,4,723.92,188.2192,0.0,2017,9,True
CA-2017-157931,2017-09-17,2017-09-22,MO-17800,537,3,106.32,49.9704,0.0,2017,9,False
CA-2016-115574,2016-12-23,2016-12-24,BP-11185,389,2,141.372,-14.1372,0.3,2016,12,False
CA-2015-160794,2015-08-06,2015-08-08,MS-17980,1661,3,27.216,9.8658,0.2,2015,8,False
CA-2017-116225,2017-11-05,2017-11-09,SV-20935,600,5,390.75,171.93,0.0,2017,11,False
US-2017-120418,2017-06-11,2017-06-12,BC-11125,758,1,280.792,35.099,0.2,2017,6,False
US-2017-120418,2017-06-11,2017-06-12,BC-11125,1466,4,68.448,7.7004,0.2,2017,6,False
US-2017-120418,2017-06-11,2017-06-12,BC-11125,352,5,88.04,6.603,0.2,2017,6,False
US-2017-120418,2017-06-11,2017-06-12,BC-11125,1125,1,15.872,1.984,0.2,2017,6,False
US-2017-120418,2017-06-11,2017-06-12,BC-11125,647,3,215.592,-48.5082,0.2,2017,6,False
CA-2017-122035,2017-07-20,2017-07-25,EM-13825,193,2,14.62,6.8714,0.0,2017,7,False
CA-2017-122035,2017-07-20,2017-07-25,EM-13825,8,2,416.32,112.4064,0.0,2017,7,False
CA-2017-122035,2017-07-20,2017-07-25,EM-13825,264,5,43.0,20.21,0.0,2017,7,False
CA-2017-122035,2017-07-20,2017-07-25,EM-13825,1171,3,182.94,27.441,0.0,2017,7,False
CA-2017-122035,2017-07-20,2017-07-25,EM-13825,414,7,60.83,30.415,0.0,2017,7,False
CA-2017-122035,2017-07-20,2017-07-25,EM-13825,1000,3,389.97,132.5898,0.0,2017,7,False
CA-2015-117828,2015-12-23,2015-12-26,BD-11500,310,4,194.32,56.3528,0.0,2015,12,False
CA-2017-165491,2017-03-20,2017-03-24,HW-14935,918,7,265.93,63.8232,0.0,2017,3,False
CA-2015-109470,2015-12-31,2016-01-03,KC-16255,1577,3,94.74,44.5278,0.0,2015,12,False
CA-2015-109470,2015-12-31,2016-01-03,KC-16255,679,4,60.64,27.8944,0.0,2015,12,False
CA-2015-109470,2015-12-31,2016-01-03,KC-16255,136,5,76.3,38.15,0.0,2015,12,False
CA-2015-109470,2015-12-31,2016-01-03,KC-16255,899,12,364.8,167.808,0.0,2015,12,False
CA-2015-105102,2015-09-15,2015-09-19,BM-11575,713,3,79.872,29.952,0.2,2015,9,False
CA-2015-105102,2015-09-15,2015-09-19,BM-11575,390,1,46.384,1.1596,0.2,2015,9,False
CA-2015-105102,2015-09-15,2015-09-19,BM-11575,1756,2,12.96,6.2208,0.0,2015,9,False
CA-2017-138422,2017-09-23,2017-09-26,KN-16705,1609,3,14.352,5.2026,0.2,2017,9,False
US-2015-147739,2015-12-25,2015-12-29,JD-16150,1534,4,547.136,-68.392,0.2,2015,12,True
CA-2016-155187,2016-09-24,2016-09-26,LA-16780,1553,2,41.96,2.9372,0.0,2016,9,False
CA-2016-155187,2016-09-24,2016-09-26,LA-16780,1325,5,41.7,20.85,0.0,2016,9,False
CA-2017-169285,2017-03-21,2017-03-25,RW-19690,538,5,277.4,133.152,0.0,2017,3,False
CA-2017-169285,2017-03-21,2017-03-25,RW-19690,1749,1,5.78,2.8322,0.0,2017,3,False
CA-2014-140886,2014-09-30,2014-10-04,KW-16570,819,6,69.216,11.2476,0.2,2014,9,False
CA-2017-152695,2017-12-10,2017-12-10,CC-12220,471,3,10.86,5.1042,0.0,2017,12,False
CA-2017-152695,2017-12-10,2017-12-10,CC-12220,1574,7,426.79,123.7691,0.0,2017,12,False
CA-2014-110639,2014-08-23,2014-08-23,RH-19495,1786,4,25.92,12.4416,0.0,2014,8,False
CA-2014-110639,2014-08-23,2014-08-23,RH-19495,1259,4,45.92,22.5008,0.0,2014,8,False
CA-2014-121727,2014-08-19,2014-08-24,JK-15625,1579,2,10.72,1.742,0.2,2014,8,False
CA-2016-137736,2016-11-10,2016-11-15,DC-13285,1121,7,41.86,10.465,0.0,2016,11,False
US-2014-143231,2014-12-31,2015-01-03,GM-14455,1176,5,63.2,23.384,0.0,2014,12,False
US-2014-143231,2014-12-31,2015-01-03,GM-14455,918,3,113.97,27.3528,0.0,2014,12,False
US-2014-155894,2014-07-26,2014-07-30,CL-11890,291,3,123.552,-29.3436,0.2,2014,7,False
CA-2016-119025,2016-02-22,2016-02-28,PV-18985,293,9,490.32,137.2896,0.0,2016,2,False
CA-2016-159373,2016-03-13,2016-03-18,LT-17110,1525,5,70.08,24.528,0.2,2016,3,False
CA-2016-159373,2016-03-13,2016-03-18,LT-17110,924,2,1.272,-2.1624,0.8,2016,3,False
CA-2016-159373,2016-03-13,2016-03-18,LT-17110,849,5,557.585,0.0,0.3,2016,3,True
CA-2017-109701,2017-12-02,2017-12-03,AM-10360,16,6,9.024,3.1584,0.2,2017,12,False
CA-2017-109701,2017-12-02,2017-12-03,AM-10360,1419,2,69.456,22.5732,0.2,2017,12,False
CA-2017-109701,2017-12-02,2017-12-03,AM-10360,1647,2,10.86,5.3214,0.0,2017,12,False
CA-2017-109701,2017-12-02,2017-12-03,AM-10360,632,3,79.47,22.2516,0.0,2017,12,False
CA-2017-109701,2017-12-02,2017-12-03,AM-10360,1298,6,10.08,5.04,0.0,2017,12,False
CA-2015-111514,2015-08-31,2015-09-02,SC-20260,167,7,1552.831,200.9546,0.15,2015,8,True
CA-2015-111514,2015-08-31,2015-09-02,SC-20260,701,5,137.24,46.3185,0.2,2015,8,False
CA-2015-111514,2015-08-31,2015-09-02,SC-20260,1071,1,36.51,15.6993,0.0,2015,8,False
CA-2015-111514,2015-08-31,2015-09-02,SC-20260,987,3,239.976,80.9919,0.2,2015,8,False
US-2014-148838,2014-03-17,2014-03-21,CP-12340,368,7,1579.746,-447.5947,0.4,2014,3,True
US-2014-148838,2014-03-17,2014-03-21,CP-12340,285,4,1071.576,-553.6476,0.4,2014,3,True
US-2014-148838,2014-03-17,2014-03-21,CP-12340,828,3,613.908,-122.7816,0.4,2014,3,True
US-2014-148838,2014-03-17,2014-03-21,CP-12340,1712,7,34.86,16.3842,0.0,2014,3,False
US-2014-148838,2014-03-17,2014-03-21,CP-12340,1703,4,155.04,75.9696,0.0,2014,3,False
CA-2017-136497,2017-04-16,2017-04-20,RF-19840,1481,5,13.71,-10.054,0.7,2017,4,False
US-2016-108637,2016-03-13,2016-03-18,AB-10060,882,2,127.88,40.9216,0.0,2016,3,False
US-2016-108637,2016-03-13,2016-03-18,AB-10060,611,2,160.32,44.8896,0.0,2016,3,False
US-2016-108637,2016-03-13,2016-03-18,AB-10060,893,4,46.0,20.7,0.0,2016,3,False
CA-2014-102295,2014-11-24,2014-11-26,EH-13990,757,1,120.712,-18.1068,0.2,2014,11,False
CA-2017-123659,2017-02-10,2017-02-13,MN-17935,789,4,23.12,11.3288,0.0,2017,2,False
US-2016-129469,2016-09-23,2016-09-27,KL-16555,1360,6,532.704,-26.6352,0.2,2016,9,True
US-2016-129469,2016-09-23,2016-09-27,KL-16555,531,2,4.912,0.307,0.2,2016,9,False
CA-2017-155152,2017-07-07,2017-07-09,MP-17965,889,4,252.0,93.24,0.0,2017,7,False
CA-2016-159940,2016-07-07,2016-07-11,BF-11020,672,8,60.288,-27.1296,0.6,2016,7,False
CA-2016-159940,2016-07-07,2016-07-11,BF-11020,65,1,2.632,0.8225,0.2,2016,7,False
CA-2016-159940,2016-07-07,2016-07-11,BF-11020,1569,9,23.688,7.6986,0.2,2016,7,False
CA-2016-159940,2016-07-07,2016-07-11,BF-11020,750,2,253.372,-14.4784,0.3,2016,7,False
CA-2017-119669,2017-01-24,2017-01-30,TP-21130,1346,3,5.67,0.1134,0.0,2017,1,False
US-2014-164616,2014-08-19,2014-08-21,MS-17770,684,4,76.776,-58.8616,0.7,2014,8,False
US-2014-164616,2014-08-19,2014-08-21,MS-17770,93,2,9.184,1.148,0.2,2014,8,False
CA-2015-148628,2015-12-06,2015-12-11,KM-16375,1079,5,32.75,15.065,0.0,2015,12,False
CA-2016-118052,2016-05-06,2016-05-10,BE-11455,127,2,7.216,1.7138,0.2,2016,5,False
CA-2016-118052,2016-05-06,2016-05-10,BE-11455,1740,2,49.568,15.49,0.2,2016,5,False
CA-2016-118052,2016-05-06,2016-05-10,BE-11455,489,7,54.712,11.6263,0.2,2016,5,False
US-2017-117534,2017-03-25,2017-03-26,CV-12295,79,4,176.04,45.7704,0.0,2017,3,False
US-2017-117534,2017-03-25,2017-03-26,CV-12295,1500,9,16.02,4.4856,0.0,2017,3,False
US-2017-117534,2017-03-25,2017-03-26,CV-12295,233,4,185.92,62.748,0.2,2017,3,False
US-2017-117534,2017-03-25,2017-03-26,CV-12295,452,4,211.168,15.8376,0.2,2017,3,False
US-2017-117534,2017-03-25,2017-03-26,CV-12295,803,2,479.984,59.998,0.2,2017,3,False
CA-2015-145065,2015-12-12,2015-12-15,DK-13375,1499,2,7.86,3.6156,0.0,2015,12,False
CA-2015-145065,2015-12-12,2015-12-15,DK-13375,1336,2,24.448,8.8624,0.2,2015,12,False
US-2015-127040,2015-12-06,2015-12-10,SG-20605,1815,1,6.48,3.1104,0.0,2015,12,False
US-2015-127040,2015-12-06,2015-12-10,SG-20605,1688,7,41.86,20.5114,0.0,2015,12,False
US-2015-127040,2015-12-06,2015-12-10,SG-20605,1026,9,1619.91,97.1946,0.0,2015,12,True
US-2015-127040,2015-12-06,2015-12-10,SG-20605,1441,4,113.92,42.1504,0.0,2015,12,False
CA-2016-128111,2016-03-17,2016-03-23,CS-12355,1154,2,39.68,10.3168,0.0,2016,3,False
CA-2015-137897,2015-11-14,2015-11-19,PJ-18835,916,2,37.6,2.256,0.0,2015,11,False
CA-2015-137897,2015-11-14,2015-11-19,PJ-18835,913,2,59.9,23.96,0.0,2015,11,False
CA-2015-137897,2015-11-14,2015-11-19,PJ-18835,929,5,37.0,16.65,0.0,2015,11,False
CA-2017-169264,2017-08-14,2017-08-16,NP-18700,242,2,5.76,2.8224,0.0,2017,8,False
CA-2017-169264,2017-08-14,2017-08-16,NP-18700,1124,6,16.68,4.3368,0.0,2017,8,False
CA-2017-147361,2017-09-09,2017-09-15,SB-20290,647,7,628.81,12.5762,0.0,2017,9,True
CA-2017-147361,2017-09-09,2017-09-15,SB-20290,1659,5,56.45,14.677,0.0,2017,9,False
CA-2017-145877,2017-04-01,2017-04-04,AS-10090,797,6,94.2,23.55,0.0,2017,4,False
CA-2017-145877,2017-04-01,2017-04-04,AS-10090,1493,5,28.4,13.348,0.0,2017,4,False
US-2016-110170,2016-09-27,2016-10-03,HM-14860,1192,7,956.6648,-225.0976,0.32,2016,9,True
CA-2017-108574,2017-10-07,2017-10-11,MG-18145,999,9,1115.91,200.8638,0.0,2017,10,True
CA-2017-108574,2017-10-07,2017-10-11,MG-18145,1099,7,128.744,-28.9674,0.2,2017,10,False
CA-2017-108574,2017-10-07,2017-10-11,MG-18145,1484,10,79.92,26.973,0.2,2017,10,False
CA-2017-144589,2017-01-20,2017-01-25,TM-21010,1500,5,24.2,7.986,0.0,2017,1,False
CA-2017-144589,2017-01-20,2017-01-25,TM-21010,1243,3,359.976,130.4913,0.2,2017,1,False
CA-2017-155985,2017-03-23,2017-03-25,BE-11335,488,8,211.84,76.2624,0.0,2017,3,False
CA-2014-162684,2014-08-01,2014-08-06,AS-10630,56,2,5.68,1.917,0.2,2014,8,False
CA-2015-142041,2015-06-07,2015-06-09,EM-13810,16,5,7.52,2.632,0.2,2015,6,False
CA-2014-151295,2014-11-12,2014-11-16,JA-15970,1764,2,11.96,5.8604,0.0,2014,11,False
CA-2014-151295,2014-11-12,2014-11-16,JA-15970,319,3,629.064,31.4532,0.2,2014,11,True
CA-2016-156300,2016-12-29,2017-01-02,TB-21595,757,5,754.45,60.356,0.0,2016,12,True
CA-2015-146087,2015-07-06,2015-07-11,PP-18955,384,2,301.96,60.392,0.0,2015,7,False
CA-2017-168655,2017-10-12,2017-10-18,ML-18040,1606,5,595.0,95.2,0.0,2017,10,True
CA-2017-168655,2017-10-12,2017-10-18,ML-18040,713,3,79.872,29.952,0.2,2017,10,False
CA-2016-107202,2016-05-21,2016-05-28,LC-16930,1234,10,2396.4,179.73,0.2,2016,5,True
CA-2017-159597,2017-11-09,2017-11-14,MC-17590,1386,2,63.56,3.178,0.0,2017,11,False
CA-2017-159597,2017-11-09,2017-11-14,MC-17590,1327,1,99.99,43.9956,0.0,2017,11,False
CA-2016-155551,2016-04-18,2016-04-23,CR-12580,1381,3,230.376,-48.9549,0.2,2016,4,False
CA-2016-155551,2016-04-18,2016-04-23,CR-12580,110,2,9.664,3.2616,0.2,2016,4,False
US-2017-147669,2017-12-25,2017-12-30,SV-20935,1053,7,158.928,41.7186,0.2,2017,12,False
US-2017-147669,2017-12-25,2017-12-30,SV-20935,1419,1,13.023,-10.4184,0.7,2017,12,False
US-2017-147669,2017-12-25,2017-12-30,SV-20935,855,2,273.06,-104.673,0.4,2017,12,False
US-2017-147669,2017-12-25,2017-12-30,SV-20935,1499,13,39.312,12.7764,0.2,2017,12,False
CA-2016-169922,2016-06-11,2016-06-17,MZ-17515,462,4,1.344,-2.1504,0.8,2016,6,False
CA-2016-169922,2016-06-11,2016-06-17,MZ-17515,721,4,8.272,-13.6488,0.8,2016,6,False
CA-2016-169922,2016-06-11,2016-06-17,MZ-17515,1487,7,12.544,-9.0944,0.6,2016,6,False
CA-2017-100748,2017-05-13,2017-05-20,RB-19795,1433,8,58.48,27.4856,0.0,2017,5,False
CA-2017-129805,2017-12-28,2018-01-02,HM-14860,21,2,7.4,3.034,0.0,2017,12,False
CA-2014-148586,2014-03-25,2014-04-01,AZ-10750,906,7,366.786,65.2064,0.1,2014,3,False
US-2017-112613,2017-05-28,2017-06-01,JH-15910,1480,4,54.368,4.0776,0.2,2017,5,False
CA-2015-154746,2015-11-14,2015-11-17,PJ-18835,373,2,33.96,16.98,0.0,2015,11,False
CA-2015-154746,2015-11-14,2015-11-17,PJ-18835,858,3,826.11,322.1829,0.0,2015,11,True
CA-2017-140053,2017-07-03,2017-07-10,CA-12265,1546,9,545.85,114.6285,0.0,2017,7,True
CA-2014-164210,2014-11-18,2014-11-20,PW-19240,321,2,145.98,-99.2664,0.5,2014,11,False
CA-2014-164210,2014-11-18,2014-11-20,PW-19240,733,4,35.808,12.5328,0.2,2014,11,False
CA-2017-139948,2017-07-17,2017-07-22,SW-20455,393,2,7.904,2.1736,0.2,2017,7,False
CA-2016-146934,2016-05-22,2016-05-27,AF-10870,40,5,345.0,86.25,0.0,2016,5,False
CA-2016-146934,2016-05-22,2016-05-27,AF-10870,317,2,174.286,-19.9184,0.3,2016,5,False
CA-2016-146934,2016-05-22,2016-05-27,AF-10870,608,4,662.84,172.3384,0.0,2016,5,True
CA-2016-146934,2016-05-22,2016-05-27,AF-10870,1399,5,95.1,30.432,0.0,2016,5,False
CA-2016-146934,2016-05-22,2016-05-27,AF-10870,140,6,26.88,12.9024,0.0,2016,5,False
CA-2016-146934,2016-05-22,2016-05-27,AF-10870,524,2,257.98,74.8142,0.0,2016,5,False
CA-2015-100573,2015-09-25,2015-10-01,AM-10705,4,2,17.48,8.2156,0.0,2015,9,False
CA-2016-119165,2016-10-31,2016-11-06,BD-11320,851,5,492.835,-14.081,0.3,2016,10,False
CA-2015-128027,2015-09-14,2015-09-17,CM-12385,647,3,269.49,5.3898,0.0,2015,9,False
CA-2016-140207,2016-11-05,2016-11-10,CS-12400,411,5,29.12,9.828,0.2,2016,11,False
CA-2017-140949,2017-03-17,2017-03-22,DB-13405,204,5,18.75,9.0,0.0,2017,3,False
CA-2017-140949,2017-03-17,2017-03-22,DB-13405,442,6,119.7,31.122,0.0,2017,3,False
CA-2017-140949,2017-03-17,2017-03-22,DB-13405,75,3,9.144,3.0861,0.2,2017,3,False
CA-2017-140949,2017-03-17,2017-03-22,DB-13405,1399,3,57.06,18.2592,0.0,2017,3,False
CA-2017-140949,2017-03-17,2017-03-22,DB-13405,960,8,71.6,13.604,0.0,2017,3,False
CA-2017-140949,2017-03-17,2017-03-22,DB-13405,1109,8,107.44,27.9344,0.0,2017,3,False
CA-2017-140949,2017-03-17,2017-03-22,DB-13405,193,1,7.31,3.4357,0.0,2017,3,False
CA-2017-140949,2017-03-17,2017-03-22,DB-13405,1031,6,59.1,22.458,0.0,2017,3,False
CA-2017-140949,2017-03-17,2017-03-22,DB-13405,1541,3,46.53,12.0978,0.0,2017,3,False
CA-2017-138548,2017-08-15,2017-08-21,JG-15160,653,2,97.84,25.4384,0.0,2017,8,False
CA-2015-142419,2015-07-11,2015-07-13,SC-20380,1679,3,29.97,13.4865,0.0,2015,7,False
CA-2015-142419,2015-07-11,2015-07-13,SC-20380,1638,3,98.352,34.4232,0.2,2015,7,False
CA-2017-148691,2017-12-03,2017-12-09,CS-12460,699,5,83.92,29.372,0.2,2017,12,False
CA-2017-148691,2017-12-03,2017-12-09,CS-12460,1481,2,14.624,5.1184,0.2,2017,12,False
CA-2017-148691,2017-12-03,2017-12-09,CS-12460,37,1,136.99,36.9873,0.0,2017,12,False
CA-2017-148691,2017-12-03,2017-12-09,CS-12460,231,1,3.15,1.512,0.0,2017,12,False
CA-2017-128755,2017-05-04,2017-05-08,MK-18160,341,1,9.11,4.0995,0.0,2017,5,False
CA-2017-128755,2017-05-04,2017-05-08,MK-18160,979,4,571.44,165.7176,0.0,2017,5,True
CA-2017-128755,2017-05-04,2017-05-08,MK-18160,1827,5,32.4,15.552,0.0,2017,5,False
CA-2017-128755,2017-05-04,2017-05-08,MK-18160,1544,1,16.91,4.5657,0.0,2017,5,False
US-2016-135923,2016-01-22,2016-01-28,CM-11935,581,8,14.272,4.2816,0.2,2016,1,False
US-2016-135923,2016-01-22,2016-01-28,CM-11935,1428,4,451.136,-67.6704,0.2,2016,1,False
US-2016-135923,2016-01-22,2016-01-28,CM-11935,644,4,64.864,6.4864,0.2,2016,1,False
CA-2016-114972,2016-11-03,2016-11-06,PF-19225,744,2,217.584,-29.9178,0.2,2016,11,False
CA-2016-114972,2016-11-03,2016-11-06,PF-19225,953,5,82.95,29.0325,0.0,2016,11,False
CA-2016-114972,2016-11-03,2016-11-06,PF-19225,209,7,87.71,41.2237,0.0,2016,11,False
CA-2016-114972,2016-11-03,2016-11-06,PF-19225,858,4,1101.48,429.5772,0.0,2016,11,True
CA-2017-102750,2017-09-04,2017-09-08,GM-14695,425,3,1322.352,-99.1764,0.2,2017,9,True
CA-2014-145212,2014-09-13,2014-09-19,DC-12850,1129,3,5.46,1.4742,0.0,2014,9,False
CA-2017-141992,2017-06-19,2017-06-25,FO-14305,671,1,11.184,0.8388,0.2,2017,6,False
CA-2017-141992,2017-06-19,2017-06-25,FO-14305,1381,2,153.584,-32.6366,0.2,2017,6,False
CA-2017-147956,2017-12-24,2017-12-31,AH-10210,1201,6,1003.62,0.0,0.0,2017,12,True
CA-2017-126067,2017-08-28,2017-09-03,KN-16705,148,4,35.168,11.4296,0.2,2017,8,False
CA-2017-126067,2017-08-28,2017-09-03,KN-16705,853,5,1137.75,250.305,0.0,2017,8,True
CA-2017-126067,2017-08-28,2017-09-03,KN-16705,711,5,99.68,32.396,0.2,2017,8,False
CA-2017-126067,2017-08-28,2017-09-03,KN-16705,1153,2,5.56,1.4456,0.0,2017,8,False
CA-2015-104514,2015-01-02,2015-01-04,CB-12535,1368,2,85.52,22.2352,0.0,2015,1,False
CA-2015-104514,2015-01-02,2015-01-04,CB-12535,1119,3,9.84,2.6568,0.0,2015,1,False
CA-2015-104514,2015-01-02,2015-01-04,CB-12535,1748,3,20.04,9.6192,0.0,2015,1,False
CA-2015-141040,2015-10-09,2015-10-13,TB-21250,937,4,631.96,303.3408,0.0,2015,10,True
CA-2015-141040,2015-10-09,2015-10-13,TB-21250,1678,4,23.92,10.764,0.0,2015,10,False
CA-2014-113579,2014-12-13,2014-12-15,KD-16345,1619,6,90.24,41.5104,0.0,2014,12,False
CA-2014-144624,2014-11-19,2014-11-23,JM-15865,155,7,4548.81,1228.1787,0.0,2014,11,True
CA-2016-146206,2016-09-10,2016-09-14,KT-16480,942,5,300.93,-34.392,0.3,2016,9,False
CA-2016-146206,2016-09-10,2016-09-14,KT-16480,1290,5,719.96,53.997,0.2,2016,9,True
CA-2014-136644,2014-06-16,2014-06-22,SC-20575,753,8,647.84,32.392,0.0,2014,6,True
CA-2015-122371,2015-09-26,2015-10-01,BS-11800,1466,3,64.17,18.6093,0.0,2015,9,False
CA-2015-122371,2015-09-26,2015-10-01,BS-11800,395,2,124.46,58.4962,0.0,2015,9,False
CA-2016-126935,2016-05-19,2016-05-24,BT-11395,694,1,9.584,3.3544,0.2,2016,5,False
US-2017-133781,2017-06-22,2017-06-23,DC-12850,3,3,37.608,12.6927,0.2,2017,6,False
CA-2017-131618,2017-06-17,2017-06-20,LS-17200,1344,2,12.224,4.4312,0.2,2017,6,False
CA-2017-131618,2017-06-17,2017-06-20,LS-17200,236,4,2.304,-3.5712,0.8,2017,6,False
CA-2017-131618,2017-06-17,2017-06-20,LS-17200,638,4,9.36,-16.38,0.8,2017,6,False
CA-2016-149482,2016-11-14,2016-11-19,RR-19315,230,2,7.38,3.4686,0.0,2016,11,False
CA-2014-143917,2014-07-25,2014-07-27,KL-16645,651,4,53.72,15.0416,0.0,2014,7,False
CA-2014-143917,2014-07-25,2014-07-27,KL-16645,813,5,8187.65,327.506,0.0,2014,7,True
CA-2014-143917,2014-07-25,2014-07-27,KL-16645,1497,8,77.92,34.2848,0.0,2014,7,False
CA-2015-120397,2015-07-02,2015-07-02,RB-19435,298,4,32.784,-85.2384,0.8,2015,7,False
CA-2017-163902,2017-03-02,2017-03-08,MY-17380,1239,3,196.776,14.7582,0.2,2017,3,False
CA-2017-163902,2017-03-02,2017-03-08,MY-17380,998,6,479.94,52.7934,0.0,2017,3,False
CA-2016-136812,2016-11-18,2016-11-23,AW-10930,1557,4,1117.92,55.896,0.0,2016,11,True
CA-2015-102722,2015-04-18,2015-04-19,KW-16570,1069,6,106.5,41.535,0.0,2015,4,False
CA-2017-155089,2017-12-02,2017-12-06,DB-12910,1301,5,45.66,-33.484,0.7,2017,12,False
CA-2016-124506,2016-11-11,2016-11-17,BB-11545,303,4,95.968,1.1996,0.2,2016,11,False
CA-2016-124506,2016-11-11,2016-11-17,BB-11545,738,2,47.992,-2.0568,0.3,2016,11,False
CA-2014-106572,2014-09-05,2014-09-10,NP-18700,543,2,264.32,19.824,0.2,2014,9,False
CA-2014-128888,2014-11-15,2014-11-22,PB-19105,139,9,604.656,204.0714,0.2,2014,11,True
CA-2017-123134,2017-05-02,2017-05-07,DW-13585,553,3,129.93,12.993,0.0,2017,5,False
CA-2016-124352,2016-10-15,2016-10-21,CD-12790,197,7,20.16,9.8784,0.0,2016,10,False
CA-2016-124352,2016-10-15,2016-10-21,CD-12790,217,6,29.46,14.4354,0.0,2016,10,False
CA-2016-124352,2016-10-15,2016-10-21,CD-12790,870,3,868.59,251.8911,0.0,2016,10,True
CA-2016-124352,2016-10-15,2016-10-21,CD-12790,1791,2,12.96,6.2208,0.0,2016,10,False
CA-2016-124352,2016-10-15,2016-10-21,CD-12790,1396,1,5.5,1.375,0.0,2016,10,False
CA-2016-124352,2016-10-15,2016-10-21,CD-12790,899,4,121.6,55.936,0.0,2016,10,False
CA-2015-124541,2015-04-06,2015-04-10,TT-21220,1118,9,42.048,5.256,0.2,2015,4,False
CA-2015-124541,2015-04-06,2015-04-10,TT-21220,1055,2,25.488,4.4604,0.2,2015,4,False
CA-2015-124541,2015-04-06,2015-04-10,TT-21220,893,3,6.9,-12.075,0.8,2015,4,False
CA-2015-124541,2015-04-06,2015-04-10,TT-21220,663,6,9.648,-16.884,0.8,2015,4,False
CA-2015-124541,2015-04-06,2015-04-10,TT-21220,1737,2,7.968,2.8884,0.2,2015,4,False
CA-2014-108707,2014-10-24,2014-10-29,DB-12910,1806,2,10.368,3.6288,0.2,2014,10,False
CA-2014-111500,2014-08-17,2014-08-21,DJ-13510,1715,5,114.2,52.532,0.0,2014,8,False
CA-2014-111500,2014-08-17,2014-08-21,DJ-13510,259,4,17.96,8.2616,0.0,2014,8,False
CA-2014-111500,2014-08-17,2014-08-21,DJ-13510,456,7,12.67,4.5612,0.0,2014,8,False
CA-2014-111500,2014-08-17,2014-08-21,DJ-13510,1021,4,339.96,122.3856,0.0,2014,8,False
US-2017-117723,2017-08-15,2017-08-18,DL-13495,1556,6,1801.632,-337.806,0.2,2017,8,True
CA-2015-143238,2015-09-06,2015-09-08,LO-17170,1078,4,46.32,18.0648,0.0,2015,9,False
CA-2015-168746,2015-01-27,2015-01-29,SV-20365,814,2,181.986,-54.5958,0.3,2015,1,False
CA-2015-168746,2015-01-27,2015-01-29,SV-20365,1290,4,431.976,-100.7944,0.4,2015,1,False
CA-2015-168746,2015-01-27,2015-01-29,SV-20365,1169,1,155.37,-36.253,0.4,2015,1,False
CA-2015-113404,2015-07-16,2015-07-16,EM-13810,825,6,1348.704,-219.1644,0.2,2015,7,True
CA-2015-113404,2015-07-16,2015-07-16,EM-13810,831,3,700.152,78.7671,0.2,2015,7,True
CA-2016-144792,2016-04-30,2016-05-04,KD-16615,11,7,111.888,22.3776,0.2,2016,4,False
CA-2014-164385,2014-09-26,2014-10-01,NB-18580,299,3,143.952,14.3952,0.2,2014,9,False
US-2016-114174,2016-09-08,2016-09-14,AP-10720,387,3,173.94,13.9152,0.0,2016,9,False
US-2016-114174,2016-09-08,2016-09-14,AP-10720,230,4,14.76,6.9372,0.0,2016,9,False
CA-2017-108070,2017-04-16,2017-04-20,JE-15745,291,4,205.92,2.0592,0.0,2017,4,False
CA-2017-108070,2017-04-16,2017-04-20,JE-15745,1188,1,102.833,-6.049,0.15,2017,4,False
US-2015-128090,2015-08-16,2015-08-22,JM-15865,1155,1,2.304,0.2592,0.2,2015,8,False
US-2015-128090,2015-08-16,2015-08-22,JM-15865,1394,5,1879.96,211.4955,0.2,2015,8,True
US-2015-128090,2015-08-16,2015-08-22,JM-15865,1674,8,313.024,105.6456,0.2,2015,8,False
US-2015-128090,2015-08-16,2015-08-22,JM-15865,195,2,5.04,1.764,0.2,2015,8,False
CA-2017-101042,2017-11-19,2017-11-23,AB-10105,25,6,821.88,213.6888,0.0,2017,11,True
CA-2017-101042,2017-11-19,2017-11-23,AB-10105,689,2,21.96,10.7604,0.0,2017,11,False
CA-2016-155439,2016-09-14,2016-09-18,PN-18775,1821,4,25.92,12.4416,0.0,2016,9,False
CA-2016-118626,2016-08-15,2016-08-20,JC-15775,793,7,705.544,70.5544,0.2,2016,8,True
CA-2015-111458,2015-09-26,2015-09-30,PF-19165,517,2,50.0,12.0,0.0,2015,9,False
US-2016-126844,2016-10-08,2016-10-14,BW-11110,468,8,51.712,-32.32,0.6,2016,10,False
US-2015-112508,2015-03-24,2015-03-30,BP-11185,609,2,6.992,0.5244,0.2,2015,3,False
CA-2015-147788,2015-05-31,2015-06-04,TM-21010,1189,7,1406.86,140.686,0.0,2015,5,True
CA-2015-147788,2015-05-31,2015-06-04,TM-21010,1435,5,15.75,7.56,0.0,2015,5,False
CA-2015-147788,2015-05-31,2015-06-04,TM-21010,661,2,323.1,61.389,0.0,2015,5,False
CA-2015-144288,2015-12-25,2015-12-31,MB-17305,180,4,9.216,3.3408,0.2,2015,12,False
CA-2015-144288,2015-12-25,2015-12-31,MB-17305,1824,2,10.368,3.6288,0.2,2015,12,False
CA-2015-110632,2015-03-17,2015-03-22,HR-14830,959,1,15.02,2.7036,0.0,2015,3,False
CA-2015-110632,2015-03-17,2015-03-22,HR-14830,1544,2,33.82,9.1314,0.0,2015,3,False
CA-2017-109589,2017-12-21,2017-12-24,BD-11635,1069,4,71.0,27.69,0.0,2017,12,False
CA-2017-123967,2017-11-01,2017-11-03,SF-20200,709,5,25.12,7.85,0.2,2017,11,False
CA-2017-123967,2017-11-01,2017-11-03,SF-20200,836,9,2665.62,239.9058,0.0,2017,11,True
CA-2017-148929,2017-09-07,2017-09-11,SP-20620,115,8,478.08,133.8624,0.0,2017,9,False
CA-2017-134404,2017-12-27,2017-12-27,DR-12880,37,2,164.388,-35.6174,0.4,2017,12,False
CA-2017-134404,2017-12-27,2017-12-27,DR-12880,276,4,13.248,3.6432,0.2,2017,12,False
CA-2017-109778,2017-07-16,2017-07-21,VM-21685,473,2,2.912,0.91,0.2,2017,7,False
CA-2016-155845,2016-08-12,2016-08-15,CM-12235,1020,7,1399.944,52.4979,0.2,2016,8,True
CA-2017-145128,2017-07-09,2017-07-14,SM-20320,555,5,526.45,31.587,0.0,2017,7,True
CA-2014-129091,2014-11-22,2014-11-27,RA-19885,628,3,16.23,7.9527,0.0,2014,11,False
CA-2014-129091,2014-11-22,2014-11-27,RA-19885,703,5,319.9,156.751,0.0,2014,11,False
CA-2014-129091,2014-11-22,2014-11-27,RA-19885,1493,2,11.36,5.3392,0.0,2014,11,False
CA-2014-129091,2014-11-22,2014-11-27,RA-19885,818,3,675.12,290.3016,0.0,2014,11,True
US-2014-155502,2014-01-26,2014-01-31,SD-20485,730,3,62.82,30.7818,0.0,2014,1,False
US-2014-155502,2014-01-26,2014-01-31,SD-20485,1365,8,489.92,0.0,0.0,2014,1,False
US-2014-155502,2014-01-26,2014-01-31,SD-20485,607,3,19.44,9.3312,0.0,2014,1,False
US-2014-155502,2014-01-26,2014-01-31,SD-20485,1325,2,16.68,8.34,0.0,2014,1,False
US-2014-155502,2014-01-26,2014-01-31,SD-20485,1038,13,155.35,0.0,0.0,2014,1,False
US-2014-155502,2014-01-26,2014-01-31,SD-20485,575,3,12.42,4.4712,0.0,2014,1,False
US-2014-155502,2014-01-26,2014-01-31,SD-20485,933,2,187.98,52.6344,0.0,2014,1,False
CA-2015-121041,2015-11-03,2015-11-10,CS-12250,1,2,6.608,2.1476,0.2,2015,11,False
CA-2017-131695,2017-06-30,2017-07-06,RA-19285,1504,7,248.57,67.1139,0.0,2017,6,False
CA-2017-131695,2017-06-30,2017-07-06,RA-19285,620,1,22.23,9.7812,0.0,2017,6,False
CA-2016-137729,2016-05-05,2016-05-09,BF-11005,1256,1,5.98,1.0166,0.0,2016,5,False
CA-2016-137729,2016-05-05,2016-05-09,BF-11005,443,3,246.168,21.5397,0.2,2016,5,False
US-2016-115455,2016-09-08,2016-09-14,SE-20110,616,2,14.136,-7.7748,0.6,2016,9,False
US-2016-115455,2016-09-08,2016-09-14,SE-20110,367,3,601.47,-300.735,0.5,2016,9,True
CA-2017-128300,2017-11-24,2017-11-26,RS-19765,1097,2,79.1,39.55,0.0,2017,11,False
CA-2017-128300,2017-11-24,2017-11-26,RS-19765,1638,8,327.84,157.3632,0.0,2017,11,False
CA-2017-149048,2017-05-13,2017-05-17,BM-11650,1583,2,180.96,81.432,0.0,2017,5,False
CA-2017-149048,2017-05-13,2017-05-17,BM-11650,896,3,914.97,411.7365,0.0,2017,5,True
CA-2017-149048,2017-05-13,2017-05-17,BM-11650,1270,3,587.97,158.7519,0.0,2017,5,True
CA-2017-149048,2017-05-13,2017-05-17,BM-11650,1549,2,530.34,95.4612,0.0,2017,5,True
CA-2017-149048,2017-05-13,2017-05-17,BM-11650,795,3,14.94,7.3206,0.0,2017,5,False
CA-2017-108553,2017-04-23,2017-04-29,SK-19990,1574,2,121.94,35.3626,0.0,2017,4,False
CA-2017-108553,2017-04-23,2017-04-29,SK-19990,84,7,122.71,36.813,0.0,2017,4,False
CA-2016-165848,2016-06-04,2016-06-04,EN-13780,537,3,14.94,7.0218,0.0,2016,6,False
CA-2016-165848,2016-06-04,2016-06-04,EN-13780,1235,3,1349.85,364.4595,0.0,2016,6,True
CA-2016-165848,2016-06-04,2016-06-04,EN-13780,1429,1,136.784,5.1294,0.2,2016,6,False
CA-2016-165848,2016-06-04,2016-06-04,EN-13780,990,4,61.12,20.7808,0.0,2016,6,False
CA-2014-112718,2014-12-16,2014-12-21,KN-16450,234,1,1.167,-0.8558,0.7,2014,12,False
CA-2016-154053,2016-03-04,2016-03-10,MG-17890,315,1,16.99,4.9271,0.0,2016,3,False
CA-2014-127446,2014-11-25,2014-11-30,MC-17590,958,3,24.672,0.0,0.2,2014,11,False
CA-2014-127446,2014-11-25,2014-11-30,MC-17590,231,1,2.52,0.882,0.2,2014,11,False
CA-2014-127446,2014-11-25,2014-11-30,MC-17590,366,5,1218.735,-121.8735,0.3,2014,11,True
CA-2014-127446,2014-11-25,2014-11-30,MC-17590,230,2,5.904,1.9926,0.2,2014,11,False
CA-2014-127446,2014-11-25,2014-11-30,MC-17590,1470,3,15.696,5.1012,0.2,2014,11,False
CA-2014-127446,2014-11-25,2014-11-30,MC-17590,1046,3,6.096,-3.9624,0.6,2014,11,False
CA-2016-137204,2016-04-28,2016-05-05,BO-11350,766,2,41.568,2.598,0.2,2016,4,False
CA-2014-147298,2014-04-26,2014-05-03,AG-10300,326,3,230.28,23.028,0.2,2014,4,False
CA-2014-147298,2014-04-26,2014-05-03,AG-10300,73,6,18.288,5.715,0.2,2014,4,False
CA-2017-147942,2017-04-01,2017-04-05,MS-17365,206,2,5.78,2.7166,0.0,2017,4,False
CA-2017-147942,2017-04-01,2017-04-05,MS-17365,638,13,121.68,38.025,0.2,2017,4,False
CA-2017-115931,2017-12-22,2017-12-26,JM-15655,521,3,4.17,1.0842,0.0,2017,12,False
CA-2017-115931,2017-12-22,2017-12-26,JM-15655,1845,4,67.04,6.704,0.2,2017,12,False
CA-2017-115931,2017-12-22,2017-12-26,JM-15655,588,3,37.32,10.4496,0.0,2017,12,False
CA-2017-115931,2017-12-22,2017-12-26,JM-15655,227,5,18.45,8.6715,0.0,2017,12,False
CA-2014-164861,2014-12-03,2014-12-06,MC-17635,1810,4,25.92,12.4416,0.0,2014,12,False
CA-2017-127180,2017-10-22,2017-10-24,TA-21385,404,4,11199.968,3919.9888,0.2,2017,10,True
CA-2017-127180,2017-10-22,2017-10-24,TA-21385,1286,8,2399.6,647.892,0.0,2017,10,True
CA-2017-127180,2017-10-22,2017-10-24,TA-21385,773,5,63.9,28.755,0.0,2017,10,False
CA-2017-127180,2017-10-22,2017-10-24,TA-21385,1843,1,52.99,0.5299,0.0,2017,10,False
US-2017-165344,2017-11-13,2017-11-15,SB-20290,1399,4,60.864,9.1296,0.2,2017,11,False
US-2017-165344,2017-11-13,2017-11-15,SB-20290,603,7,652.995,-935.9595,0.7,2017,11,True
US-2017-165344,2017-11-13,2017-11-15,SB-20290,83,10,11.22,-7.48,0.7,2017,11,False
CA-2015-168186,2015-09-10,2015-09-15,AB-10150,1741,3,14.94,7.0218,0.0,2015,9,False
US-2017-110604,2017-05-15,2017-05-20,JF-15295,15,2,39.96,17.1828,0.0,2017,5,False
US-2017-110604,2017-05-15,2017-05-20,JF-15295,1369,2,42.624,4.2624,0.2,2017,5,False
US-2017-110604,2017-05-15,2017-05-20,JF-15295,1363,1,220.96,24.858,0.2,2017,5,False
CA-2015-116750,2015-07-05,2015-07-10,BF-10975,1486,2,4.928,0.7392,0.2,2015,7,False
CA-2015-116750,2015-07-05,2015-07-10,BF-10975,1642,5,7.23,-5.784,0.7,2015,7,False
CA-2015-162369,2015-08-15,2015-08-19,TT-21265,661,2,323.1,61.389,0.0,2015,8,False
CA-2017-108441,2017-06-12,2017-06-18,SB-20170,1527,4,19.04,9.3296,0.0,2017,6,False
CA-2017-108441,2017-06-12,2017-06-18,SB-20170,147,3,13.128,4.2666,0.2,2017,6,False
CA-2017-108441,2017-06-12,2017-06-18,SB-20170,353,3,64.14,16.6764,0.0,2017,6,False
CA-2017-108441,2017-06-12,2017-06-18,SB-20170,1378,4,858.24,143.04,0.1,2017,6,True
CA-2015-169740,2015-02-20,2015-02-25,LM-17065,153,1,29.99,2.999,0.0,2015,2,False
CA-2016-124051,2016-12-29,2016-12-30,KA-16525,1616,6,186.048,67.4424,0.2,2016,12,False
CA-2016-149111,2016-04-17,2016-04-21,BF-11170,1101,1,36.792,4.1391,0.2,2016,4,False
CA-2016-149111,2016-04-17,2016-04-21,BF-11170,729,8,18.624,6.2856,0.2,2016,4,False
CA-2014-131002,2014-09-07,2014-09-12,TB-21400,618,3,57.69,23.6529,0.0,2014,9,False
CA-2014-131002,2014-09-07,2014-09-12,TB-21400,692,3,42.81,20.1207,0.0,2014,9,False
CA-2014-131002,2014-09-07,2014-09-12,TB-21400,1795,2,12.96,6.2208,0.0,2014,9,False
CA-2014-131002,2014-09-07,2014-09-12,TB-21400,25,6,821.88,213.6888,0.0,2014,9,True
CA-2014-131002,2014-09-07,2014-09-12,TB-21400,1271,3,104.85,28.3095,0.0,2014,9,False
US-2016-146794,2016-09-26,2016-10-01,SH-19975,316,5,424.9575,19.998,0.15,2016,9,False
CA-2017-112515,2017-09-17,2017-09-21,AS-10225,259,3,10.776,3.5022,0.2,2017,9,False
CA-2017-112515,2017-09-17,2017-09-21,AS-10225,74,3,11.784,4.2717,0.2,2017,9,False
CA-2017-112515,2017-09-17,2017-09-21,AS-10225,780,3,164.88,80.7912,0.0,2017,9,False
CA-2017-112515,2017-09-17,2017-09-21,AS-10225,734,3,1292.94,77.5764,0.0,2017,9,True
CA-2017-112515,2017-09-17,2017-09-21,AS-10225,698,2,25.584,8.9544,0.2,2017,9,False
CA-2017-112515,2017-09-17,2017-09-21,AS-10225,1091,2,261.74,65.435,0.0,2017,9,False
CA-2017-112515,2017-09-17,2017-09-21,AS-10225,224,5,14.4,7.056,0.0,2017,9,False
CA-2016-150343,2016-08-16,2016-08-20,PK-19075,471,3,10.86,5.1042,0.0,2016,8,False
CA-2015-135538,2015-12-24,2015-12-28,HR-14830,1363,4,883.84,99.432,0.2,2015,12,True
CA-2017-123372,2017-11-28,2017-12-02,DG-13300,774,11,1979.89,494.9725,0.0,2017,11,True
CA-2017-123372,2017-11-28,2017-12-02,DG-13300,345,2,79.96,35.982,0.0,2017,11,False
CA-2017-159604,2017-04-14,2017-04-15,CL-12700,49,2,8.76,4.2048,0.0,2017,4,False
CA-2016-164784,2016-05-01,2016-05-04,HF-14995,207,1,3.984,1.2948,0.2,2016,5,False
CA-2016-164784,2016-05-01,2016-05-04,HF-14995,318,3,370.62,-142.071,0.4,2016,5,False
CA-2016-164784,2016-05-01,2016-05-04,HF-14995,1111,2,2.742,-2.0108,0.7,2016,5,False
CA-2016-111794,2016-10-01,2016-10-01,HG-15025,911,3,79.512,20.8719,0.2,2016,10,False
CA-2016-111794,2016-10-01,2016-10-01,HG-15025,537,1,28.352,9.5688,0.2,2016,10,False
US-2015-139759,2015-08-25,2015-08-30,NL-18310,746,1,40.784,4.5882,0.2,2015,8,False
US-2015-139759,2015-08-25,2015-08-30,NL-18310,632,4,105.96,29.6688,0.0,2015,8,False
CA-2014-126403,2014-09-09,2014-09-12,RR-19525,1698,3,166.44,79.8912,0.0,2014,9,False
CA-2014-126403,2014-09-09,2014-09-12,RR-19525,756,6,785.88,212.1876,0.0,2014,9,True
CA-2014-126403,2014-09-09,2014-09-12,RR-19525,118,2,26.2,12.838,0.0,2014,9,False
CA-2014-126403,2014-09-09,2014-09-12,RR-19525,1549,5,1325.85,238.653,0.0,2014,9,True
CA-2017-136875,2017-12-03,2017-12-03,TC-21295,1670,3,166.44,79.8912,0.0,2017,12,False
CA-2017-132185,2017-11-27,2017-12-02,DB-13615,1252,5,8.76,0.7665,0.2,2017,11,False
CA-2017-132185,2017-11-27,2017-12-02,DB-13615,293,1,43.584,4.3584,0.2,2017,11,False
US-2014-160780,2014-06-21,2014-06-21,SV-20785,1622,7,11.088,-8.1312,0.7,2014,6,False
US-2014-160780,2014-06-21,2014-06-21,SV-20785,269,2,25.164,-16.776,0.7,2014,6,False
CA-2017-127026,2017-01-21,2017-01-27,MH-18115,236,5,14.4,7.056,0.0,2017,1,False
CA-2017-127026,2017-01-21,2017-01-27,MH-18115,999,5,619.95,111.591,0.0,2017,1,True
CA-2017-127026,2017-01-21,2017-01-27,MH-18115,243,4,89.52,42.0744,0.0,2017,1,False
CA-2017-127026,2017-01-21,2017-01-27,MH-18115,891,3,350.973,152.0883,0.1,2017,1,False
CA-2017-127026,2017-01-21,2017-01-27,MH-18115,163,1,164.99,49.497,0.0,2017,1,False
CA-2017-137085,2017-06-29,2017-07-06,CT-11995,1419,9,312.552,101.5794,0.2,2017,6,False
CA-2016-133123,2016-09-06,2016-09-11,KB-16315,345,3,95.952,29.985,0.2,2016,9,False
CA-2016-133123,2016-09-06,2016-09-11,KB-16315,1307,2,3.204,-2.4564,0.7,2016,9,False
US-2016-128195,2016-08-04,2016-08-05,RA-19285,901,5,3.98,-6.567,0.8,2016,8,False
CA-2015-153220,2015-11-12,2015-11-14,YC-21895,104,5,15.7,7.065,0.0,2015,11,False
CA-2014-123064,2014-06-30,2014-07-02,RA-19915,274,4,5.248,1.64,0.2,2014,6,False
CA-2017-156412,2017-12-04,2017-12-08,CM-12160,1511,3,5.346,-4.455,0.7,2017,12,False
US-2016-144211,2016-08-28,2016-09-02,CS-12130,1646,3,15.48,5.6115,0.2,2016,8,False
US-2016-144211,2016-08-28,2016-09-02,CS-12130,39,3,108.576,8.1432,0.2,2016,8,False
CA-2016-138079,2016-01-22,2016-01-28,AJ-10795,470,5,109.9,37.366,0.0,2016,1,False
CA-2014-143182,2014-10-15,2014-10-20,DL-12865,618,1,15.384,4.0383,0.2,2014,10,False
CA-2016-161662,2016-02-07,2016-02-09,BE-11410,1697,2,30.352,10.6232,0.2,2016,2,False
CA-2014-145317,2014-03-18,2014-03-23,SM-20320,809,4,821.3,-16.426,0.5,2014,3,True
CA-2014-145317,2014-03-18,2014-03-23,SM-20320,444,6,22638.48,-1811.0784,0.5,2014,3,True
CA-2014-145317,2014-03-18,2014-03-23,SM-20320,1738,4,21.376,7.4816,0.2,2014,3,False
CA-2014-145317,2014-03-18,2014-03-23,SM-20320,244,3,8.016,1.002,0.2,2014,3,False
CA-2014-145317,2014-03-18,2014-03-23,SM-20320,618,2,30.768,8.0766,0.2,2014,3,False
CA-2014-145317,2014-03-18,2014-03-23,SM-20320,1499,3,18.936,5.9175,0.2,2014,3,False
CA-2014-145317,2014-03-18,2014-03-23,SM-20320,502,3,122.352,15.294,0.2,2014,3,False
CA-2014-143413,2014-05-24,2014-05-30,RP-19390,1732,3,116.28,56.9772,0.0,2014,5,False
CA-2017-156818,2017-07-11,2017-07-13,JD-16015,1404,6,132.6,17.238,0.0,2017,7,False
CA-2017-155873,2017-06-16,2017-06-21,AB-10255,88,2,16.68,4.3368,0.0,2017,6,False
CA-2017-155873,2017-06-16,2017-06-21,AB-10255,1811,3,19.44,9.3312,0.0,2017,6,False
CA-2017-155873,2017-06-16,2017-06-21,AB-10255,1667,4,192.16,92.2368,0.0,2017,6,False
CA-2015-121797,2015-01-30,2015-02-06,CC-12145,465,7,227.36,81.8496,0.0,2015,1,False
CA-2015-121797,2015-01-30,2015-02-06,CC-12145,282,3,1919.976,215.9973,0.2,2015,1,True
US-2015-120572,2015-12-11,2015-12-15,GH-14425,57,2,12.828,-8.9796,0.7,2015,12,False
CA-2017-132430,2017-10-09,2017-10-11,CP-12085,1178,4,45.888,9.1776,0.2,2017,10,False
CA-2017-146031,2017-07-29,2017-08-01,GM-14440,1411,9,60.12,22.2444,0.0,2017,7,False
CA-2014-110100,2014-04-25,2014-04-29,LC-16885,41,3,302.376,37.797,0.2,2014,4,False
CA-2015-103723,2015-12-01,2015-12-06,BT-11305,1297,5,13.9,5.56,0.0,2015,12,False
CA-2014-127187,2014-12-04,2014-12-08,CP-12085,1278,2,129.98,62.3904,0.0,2014,12,False
CA-2017-128475,2017-08-26,2017-09-01,SC-20680,1461,2,71.98,15.1158,0.0,2017,8,False
CA-2014-100006,2014-09-07,2014-09-13,DK-13375,44,3,377.97,109.6113,0.0,2014,9,False
CA-2017-144827,2017-12-21,2017-12-27,SE-20110,645,2,124.36,33.5772,0.0,2017,12,False
CA-2014-110030,2014-12-06,2014-12-08,LF-17185,11,3,23.976,-14.3856,0.6,2014,12,False
CA-2014-121286,2014-11-04,2014-11-08,ON-18715,1196,3,8.376,2.7222,0.2,2014,11,False
CA-2014-121286,2014-11-04,2014-11-08,ON-18715,52,5,58.24,5.096,0.2,2014,11,False
CA-2016-164735,2016-04-14,2016-04-19,TB-21400,71,5,81.2,12.18,0.0,2016,4,False
CA-2014-153479,2014-10-04,2014-10-08,DF-13135,222,5,14.45,6.7915,0.0,2014,10,False
CA-2014-153479,2014-10-04,2014-10-08,DF-13135,706,2,95.648,31.0856,0.2,2014,10,False
CA-2017-149888,2017-11-07,2017-11-13,EP-13915,935,5,359.97,-71.994,0.4,2017,11,False
CA-2017-149888,2017-11-07,2017-11-13,EP-13915,321,4,350.352,-140.1408,0.4,2017,11,False
CA-2017-119193,2017-12-22,2017-12-24,SK-19990,147,1,1.641,-1.3128,0.7,2017,12,False
CA-2017-119193,2017-12-22,2017-12-24,SK-19990,1243,7,629.958,94.4937,0.4,2017,12,True
CA-2017-104801,2017-02-13,2017-02-19,FH-14350,1117,3,6.63,1.7901,0.0,2017,2,False
CA-2017-104801,2017-02-13,2017-02-19,FH-14350,1329,4,799.96,343.9828,0.0,2017,2,True
CA-2017-104801,2017-02-13,2017-02-19,FH-14350,1540,1,107.53,21.506,0.0,2017,2,False
CA-2014-107594,2014-07-02,2014-07-06,EH-13945,994,2,73.98,19.9746,0.0,2014,7,False
CA-2014-107594,2014-07-02,2014-07-06,EH-13945,496,1,5.58,2.1762,0.0,2014,7,False
CA-2015-129770,2015-02-21,2015-02-23,JE-15715,537,4,49.12,23.0864,0.0,2015,2,False
CA-2015-115798,2015-11-13,2015-11-19,KL-16645,342,3,377.97,94.4925,0.0,2015,11,False
CA-2015-115798,2015-11-13,2015-11-19,KL-16645,110,7,42.28,19.8716,0.0,2015,11,False
CA-2015-115798,2015-11-13,2015-11-19,KL-16645,316,3,299.97,56.9943,0.0,2015,11,False
CA-2015-115798,2015-11-13,2015-11-19,KL-16645,923,2,89.98,43.1904,0.0,2015,11,False
CA-2017-122707,2017-04-16,2017-04-18,EB-13750,460,4,477.24,9.5448,0.0,2017,4,False
CA-2017-122707,2017-04-16,2017-04-18,EB-13750,1403,2,25.98,1.5588,0.0,2017,4,False
CA-2016-165015,2016-02-25,2016-02-27,BD-11725,1493,5,46.72,17.52,0.2,2016,2,False
CA-2014-149244,2014-11-04,2014-11-08,MS-17530,616,2,35.34,13.4292,0.0,2014,11,False
CA-2015-140144,2015-06-20,2015-06-25,SC-20770,879,6,257.64,100.4796,0.0,2015,6,False
CA-2015-140144,2015-06-20,2015-06-25,SC-20770,1849,3,125.976,47.241,0.2,2015,6,False
CA-2017-163321,2017-08-07,2017-08-11,FM-14380,1005,1,79.992,21.9978,0.2,2017,8,False
CA-2014-155887,2014-05-12,2014-05-17,KT-16480,327,3,700.056,-130.0104,0.3,2014,5,True
US-2015-165449,2015-11-22,2015-11-26,AP-10720,1402,4,27.168,-1.3584,0.2,2015,11,False
CA-2015-110247,2015-12-04,2015-12-08,RH-19555,1481,3,8.226,-6.0324,0.7,2015,12,False
US-2014-141257,2014-06-08,2014-06-14,CS-11950,840,3,585.552,73.194,0.2,2014,6,True
CA-2014-154669,2014-08-08,2014-08-11,TM-21010,124,11,423.28,110.0528,0.0,2014,8,False
CA-2014-158029,2014-05-26,2014-05-30,HF-14995,851,2,225.296,22.5296,0.2,2014,5,False
CA-2015-155306,2015-04-17,2015-04-21,GA-14515,1297,2,5.56,2.224,0.0,2015,4,False
CA-2015-155306,2015-04-17,2015-04-21,GA-14515,1275,3,323.37,129.348,0.0,2015,4,False
CA-2015-155306,2015-04-17,2015-04-21,GA-14515,1270,5,783.96,68.5965,0.2,2015,4,True
CA-2015-155306,2015-04-17,2015-04-21,GA-14515,870,5,1447.65,419.8185,0.0,2015,4,True
CA-2015-155306,2015-04-17,2015-04-21,GA-14515,1688,2,11.96,5.8604,0.0,2015,4,False
CA-2016-127775,2016-06-11,2016-06-13,ES-14020,1328,3,239.97,71.991,0.0,2016,6,False
CA-2016-146171,2016-03-11,2016-03-15,JP-16135,618,4,76.92,31.5372,0.0,2016,3,False
CA-2016-146171,2016-03-11,2016-03-15,JP-16135,905,4,481.32,125.1432,0.0,2016,3,False
CA-2014-129574,2014-05-26,2014-05-29,Dp-13240,1655,5,48.4,23.232,0.0,2014,5,False
CA-2017-126536,2017-10-12,2017-10-14,NK-18490,1054,1,0.99,0.4356,0.0,2017,10,False
CA-2017-126536,2017-10-12,2017-10-14,NK-18490,406,5,101.84,36.917,0.2,2017,10,False
CA-2017-165757,2017-06-22,2017-06-28,PL-18925,696,3,10.332,-7.5768,0.7,2017,6,False
CA-2017-165757,2017-06-22,2017-06-28,PL-18925,1625,5,31.155,-23.8855,0.7,2017,6,False
CA-2017-165757,2017-06-22,2017-06-28,PL-18925,1281,2,8.928,0.6696,0.2,2017,6,False
CA-2017-167752,2017-01-15,2017-01-18,RW-19690,306,1,34.384,3.8682,0.2,2017,1,False
CA-2017-167752,2017-01-15,2017-01-18,RW-19690,859,8,1924.16,312.676,0.2,2017,1,True
US-2015-122140,2015-04-02,2015-04-07,MO-17950,34,2,32.192,-80.48,0.8,2015,4,False
US-2015-122140,2015-04-02,2015-04-07,MO-17950,960,7,50.12,-0.6265,0.2,2015,4,False
US-2015-122140,2015-04-02,2015-04-07,MO-17950,152,3,47.976,1.7991,0.2,2015,4,False
CA-2016-163986,2016-09-03,2016-09-10,JJ-15445,472,5,54.5,14.17,0.0,2016,9,False
CA-2017-158967,2017-12-10,2017-12-12,BT-11680,1497,3,19.104,5.7312,0.2,2017,12,False
CA-2016-131576,2016-11-22,2016-11-26,RD-19585,904,3,49.44,24.2256,0.0,2016,11,False
CA-2017-143455,2017-11-11,2017-11-18,ML-17755,1819,2,10.368,3.6288,0.2,2017,11,False
CA-2016-144729,2016-10-21,2016-10-25,JE-15745,291,3,154.44,1.5444,0.0,2016,10,False
CA-2015-127019,2015-12-21,2015-12-25,ER-13855,294,7,60.984,4.5738,0.2,2015,12,False
CA-2015-138534,2015-07-17,2015-07-19,JM-15535,1422,2,195.466,-13.7976,0.15,2015,7,False
CA-2017-108322,2017-04-30,2017-05-05,SS-20140,21,8,23.68,6.216,0.2,2017,4,False
CA-2017-108322,2017-04-30,2017-05-05,SS-20140,1051,3,2.376,0.7425,0.2,2017,4,False
CA-2017-167668,2017-05-06,2017-05-08,TC-21295,214,4,59.2,29.6,0.0,2017,5,False
CA-2017-146724,2017-11-20,2017-11-27,HG-15025,1414,10,22.0,9.68,0.0,2017,11,False
CA-2016-139878,2016-11-11,2016-11-16,LD-17005,524,2,257.98,74.8142,0.0,2016,11,False
US-2016-106677,2016-11-05,2016-11-10,AS-10285,151,2,23.988,-15.992,0.4,2016,11,False
CA-2016-116974,2016-10-09,2016-10-15,MP-17965,1064,4,23.976,-15.5844,0.4,2016,10,False
CA-2015-149972,2015-09-21,2015-09-23,CD-12790,842,4,601.536,0.0,0.2,2015,9,True
CA-2015-149972,2015-09-21,2015-09-23,CD-12790,117,2,7.9,2.528,0.0,2015,9,False
US-2014-117744,2014-12-02,2014-12-06,MD-17860,516,5,58.36,-24.803,0.6,2014,12,False
US-2014-117744,2014-12-02,2014-12-06,MD-17860,1152,7,16.464,1.4406,0.2,2014,12,False
US-2014-117744,2014-12-02,2014-12-06,MD-17860,11,5,39.96,-23.976,0.6,2014,12,False
CA-2014-125514,2014-09-21,2014-09-22,BM-11650,637,2,25.96,7.5284,0.0,2014,9,False
CA-2014-125514,2014-09-21,2014-09-22,BM-11650,53,3,36.27,10.881,0.0,2014,9,False
CA-2014-125514,2014-09-21,2014-09-22,BM-11650,1821,1,6.48,3.1104,0.0,2014,9,False
CA-2014-154599,2014-04-12,2014-04-17,KN-16450,1314,14,1075.088,94.0702,0.2,2014,4,True
CA-2014-154599,2014-04-12,2014-04-17,KN-16450,37,4,438.368,38.3572,0.2,2014,4,False
CA-2014-154599,2014-04-12,2014-04-17,KN-16450,1337,7,18.088,6.5569,0.2,2014,4,False
CA-2014-154599,2014-04-12,2014-04-17,KN-16450,1188,3,308.499,-18.147,0.15,2014,4,False
CA-2017-158743,2017-10-20,2017-10-27,IG-15085,589,4,13.36,4.1416,0.0,2017,10,False
CA-2017-158743,2017-10-20,2017-10-27,IG-15085,1666,2,39.96,18.7812,0.0,2017,10,False
CA-2017-158743,2017-10-20,2017-10-27,IG-15085,330,5,145.85,70.008,0.0,2017,10,False
CA-2016-153318,2016-10-25,2016-10-28,JS-15595,1242,5,783.96,78.396,0.2,2016,10,True
US-2015-110163,2015-11-01,2015-11-04,GA-14725,1031,1,7.88,1.773,0.2,2015,11,False
CA-2017-143329,2017-11-03,2017-11-08,DL-13330,31,3,41.37,17.3754,0.0,2017,11,False
CA-2015-159380,2015-05-12,2015-05-16,CS-12505,1751,3,12.84,5.778,0.0,2015,5,False
CA-2015-159380,2015-05-12,2015-05-16,CS-12505,1742,6,25.68,11.556,0.0,2015,5,False
CA-2015-122623,2015-09-07,2015-09-11,CC-12145,1082,2,47.516,-2.0364,0.3,2015,9,False
CA-2015-148635,2015-07-25,2015-07-27,MH-18025,1282,2,9.42,0.471,0.0,2015,7,False
CA-2015-148635,2015-07-25,2015-07-27,MH-18025,1825,2,12.96,6.2208,0.0,2015,7,False
CA-2015-148635,2015-07-25,2015-07-27,MH-18025,1428,5,704.9,56.392,0.0,2015,7,True
CA-2015-148635,2015-07-25,2015-07-27,MH-18025,1210,2,561.568,28.0784,0.2,2015,7,True
CA-2015-135685,2015-11-16,2015-11-18,MP-18175,1694,9,179.82,84.5154,0.0,2015,11,False
CA-2015-135685,2015-11-16,2015-11-18,MP-18175,116,6,185.58,76.0878,0.0,2015,11,False
CA-2015-135685,2015-11-16,2015-11-18,MP-18175,978,3,214.11,36.3987,0.0,2015,11,False
CA-2015-135685,2015-11-16,2015-11-18,MP-18175,1020,4,999.96,229.9908,0.0,2015,11,True
CA-2015-135685,2015-11-16,2015-11-18,MP-18175,426,3,653.55,111.1035,0.0,2015,11,True
CA-2015-104626,2015-09-01,2015-09-08,DR-12940,519,5,114.6,51.57,0.0,2015,9,False
CA-2015-104626,2015-09-01,2015-09-08,DR-12940,771,1,60.74,15.185,0.0,2015,9,False
CA-2015-104626,2015-09-01,2015-09-08,DR-12940,514,2,124.36,27.3592,0.0,2015,9,False
CA-2015-104626,2015-09-01,2015-09-08,DR-12940,112,6,1088.76,315.7404,0.0,2015,9,True
CA-2016-160500,2016-05-05,2016-05-08,DM-13015,462,5,6.72,2.352,0.2,2016,5,False
CA-2016-160500,2016-05-05,2016-05-08,DM-13015,317,3,298.776,7.4694,0.2,2016,5,False
CA-2017-100202,2016-12-31,2017-01-05,BD-11620,114,3,302.376,22.6782,0.2,2016,12,False
CA-2017-131016,2017-09-18,2017-09-20,DC-12850,1120,2,8.928,0.558,0.2,2017,9,False
CA-2017-131016,2017-09-18,2017-09-20,DC-12850,69,2,47.584,-2.974,0.2,2017,9,False
US-2014-112914,2014-09-25,2014-09-30,MT-18070,1743,8,33.792,10.56,0.2,2014,9,False
US-2014-112914,2014-09-25,2014-09-30,MT-18070,1190,2,300.5328,-97.2312,0.32,2014,9,False
US-2014-112914,2014-09-25,2014-09-30,MT-18070,268,2,2.724,-4.3584,0.8,2014,9,False
US-2014-112914,2014-09-25,2014-09-30,MT-18070,1284,2,3.264,1.1016,0.2,2014,9,False
CA-2016-124149,2016-04-23,2016-04-26,MJ-17740,598,6,108.336,37.9176,0.2,2016,4,False
CA-2016-124149,2016-04-23,2016-04-26,MJ-17740,573,5,55.92,6.291,0.2,2016,4,False
CA-2016-124149,2016-04-23,2016-04-26,MJ-17740,1730,2,78.304,29.364,0.2,2016,4,False
CA-2014-148915,2014-11-01,2014-11-05,ND-18370,419,5,443.92,-94.333,0.2,2014,11,False
CA-2014-148915,2014-11-01,2014-11-05,ND-18370,1278,3,155.976,54.5916,0.2,2014,11,False
CA-2017-134649,2017-01-26,2017-01-31,CA-11965,1117,7,15.47,4.1769,0.0,2017,1,False
CA-2017-134649,2017-01-26,2017-01-31,CA-11965,262,2,7.16,3.4368,0.0,2017,1,False
CA-2017-110842,2017-11-11,2017-11-16,GA-14725,294,1,10.89,2.8314,0.0,2017,11,False
CA-2017-110842,2017-11-11,2017-11-16,GA-14725,1796,3,19.44,9.3312,0.0,2017,11,False
CA-2017-110842,2017-11-11,2017-11-16,GA-14725,899,5,121.6,39.52,0.2,2017,11,False
CA-2016-147368,2016-06-09,2016-06-12,TC-21295,432,2,695.7,-27.828,0.5,2016,6,True
US-2015-104185,2015-09-03,2015-09-08,JB-15400,905,1,120.33,31.2858,0.0,2015,9,False
US-2014-125521,2014-03-14,2014-03-19,CK-12325,741,4,1139.92,284.98,0.0,2014,3,True
US-2017-135062,2017-08-31,2017-09-04,RL-19615,1733,7,229.544,83.2097,0.2,2017,8,False
CA-2017-135650,2017-03-23,2017-03-27,AC-10660,647,2,143.728,-32.3388,0.2,2017,3,False
CA-2017-112865,2017-05-18,2017-05-22,BH-11710,959,3,36.048,-0.9012,0.2,2017,5,False
US-2016-162852,2016-12-27,2016-12-31,BG-11695,763,8,845.488,-12.0784,0.3,2016,12,True
CA-2017-138163,2017-11-17,2017-11-20,XP-21865,1491,3,50.94,14.2632,0.0,2017,11,False
CA-2017-152093,2017-09-10,2017-09-15,SN-20560,650,3,762.594,-1143.891,0.8,2017,9,True
CA-2017-157854,2017-04-08,2017-04-15,DM-13345,567,6,56.28,15.7584,0.0,2017,4,False
CA-2017-157854,2017-04-08,2017-04-15,DM-13345,686,3,2690.97,1264.7559,0.0,2017,4,True
CA-2016-123617,2016-11-28,2016-12-03,AJ-10780,33,6,7.434,-5.6994,0.7,2016,11,False
US-2016-128293,2016-06-02,2016-06-05,KC-16255,417,1,64.784,-12.9568,0.2,2016,6,False
CA-2017-107342,2017-12-17,2017-12-22,VF-21715,1648,4,28.16,13.2352,0.0,2017,12,False
CA-2016-136371,2016-03-19,2016-03-21,SV-20935,726,1,14.98,6.8908,0.0,2016,3,False
CA-2016-136371,2016-03-19,2016-03-21,SV-20935,1046,4,20.32,6.9088,0.0,2016,3,False
CA-2017-137344,2017-08-20,2017-08-20,EM-13810,1109,3,40.29,10.4754,0.0,2017,8,False
CA-2017-169810,2017-07-25,2017-07-31,RB-19360,206,7,20.23,9.5081,0.0,2017,7,False
CA-2016-128594,2016-08-26,2016-08-29,DJ-13510,769,4,1603.136,100.196,0.2,2016,8,True
CA-2016-154690,2016-08-15,2016-08-17,CC-12370,851,2,225.296,22.5296,0.2,2016,8,False
CA-2017-138975,2017-05-19,2017-05-23,SC-20380,961,4,67.8,4.068,0.0,2017,5,False
CA-2017-138975,2017-05-19,2017-05-23,SC-20380,1165,3,377.97,98.2722,0.0,2017,5,False
CA-2017-138975,2017-05-19,2017-05-23,SC-20380,1180,9,1628.82,374.6286,0.0,2017,5,True
CA-2017-138975,2017-05-19,2017-05-23,SC-20380,1733,7,286.93,140.5957,0.0,2017,5,False
CA-2017-106537,2017-08-12,2017-08-17,RH-19495,1795,4,20.736,7.2576,0.2,2017,8,False
US-2017-103828,2017-08-13,2017-08-13,JK-15370,1505,3,31.44,8.4888,0.0,2017,8,False
US-2017-103828,2017-08-13,2017-08-13,JK-15370,1494,7,83.79,22.6233,0.0,2017,8,False
US-2017-103828,2017-08-13,2017-08-13,JK-15370,1154,3,59.52,15.4752,0.0,2017,8,False
US-2017-103828,2017-08-13,2017-08-13,JK-15370,1496,4,31.92,9.2568,0.0,2017,8,False
CA-2016-115588,2016-11-10,2016-11-12,AF-10885,1496,5,14.72,-3.312,0.2,2016,11,False
CA-2016-115588,2016-11-10,2016-11-12,AF-10885,71,3,38.976,-2.436,0.2,2016,11,False
CA-2017-143861,2017-06-12,2017-06-19,LC-16885,504,2,17.088,1.068,0.2,2017,6,False
CA-2014-148040,2014-03-22,2014-03-26,BF-11275,1740,3,74.352,23.235,0.2,2014,3,False
CA-2014-148040,2014-03-22,2014-03-26,BF-11275,1208,3,314.352,-35.3646,0.2,2014,3,False
CA-2017-135167,2017-06-15,2017-06-20,SC-20800,527,1,4.26,1.7466,0.0,2017,6,False
CA-2017-137022,2017-11-16,2017-11-22,SW-20275,1555,8,811.28,24.3384,0.0,2017,11,True
US-2017-102638,2017-12-29,2017-12-31,MC-17845,908,3,6.03,2.9547,0.0,2017,12,False
US-2016-167339,2016-01-21,2016-01-23,TD-20995,767,2,153.568,-5.7588,0.2,2016,1,False
US-2016-167339,2016-01-21,2016-01-23,TD-20995,750,7,1013.488,76.0116,0.2,2016,1,True
CA-2016-152072,2016-01-15,2016-01-19,Dp-13240,1317,2,52.34,24.5998,0.0,2016,1,False
CA-2016-152072,2016-01-15,2016-01-19,Dp-13240,138,2,4.66,1.3514,0.0,2016,1,False
CA-2016-152072,2016-01-15,2016-01-19,Dp-13240,1021,3,254.97,91.7892,0.0,2016,1,False
CA-2016-102932,2016-09-19,2016-09-23,SD-20485,1512,6,25.44,12.72,0.0,2016,9,False
CA-2016-102932,2016-09-19,2016-09-23,SD-20485,89,3,27.93,8.0997,0.0,2016,9,False
CA-2014-165540,2014-02-21,2014-02-25,TM-21010,708,5,8.85,-13.7175,0.8,2014,2,False
CA-2016-130799,2016-11-11,2016-11-16,BK-11260,586,4,6.96,2.2272,0.0,2016,11,False
CA-2016-164483,2016-01-30,2016-02-03,JF-15490,802,2,17.456,5.8914,0.2,2016,1,False
US-2016-159856,2016-10-18,2016-10-22,EP-13915,747,5,307.92,-34.641,0.2,2016,10,False
CA-2017-102099,2017-12-18,2017-12-19,EP-13915,1134,3,6.63,1.7901,0.0,2017,12,False
CA-2017-102099,2017-12-18,2017-12-19,EP-13915,1788,2,12.96,6.2208,0.0,2017,12,False
CA-2017-102099,2017-12-18,2017-12-19,EP-13915,1809,5,32.4,15.552,0.0,2017,12,False
CA-2017-164049,2017-11-02,2017-11-06,KH-16630,1650,5,23.85,10.7325,0.0,2017,11,False
CA-2014-142727,2014-04-29,2014-05-01,HG-14845,766,2,51.96,12.99,0.0,2014,4,False
CA-2014-142727,2014-04-29,2014-05-01,HG-14845,260,3,17.94,8.6112,0.0,2014,4,False
CA-2017-139913,2017-10-23,2017-10-29,JC-16105,1758,2,11.56,5.6644,0.0,2017,10,False
CA-2017-139913,2017-10-23,2017-10-29,JC-16105,1831,5,26.4,11.88,0.0,2017,10,False
CA-2017-139913,2017-10-23,2017-10-29,JC-16105,549,11,69.08,29.0136,0.0,2017,10,False
CA-2017-139913,2017-10-23,2017-10-29,JC-16105,890,3,35.88,10.0464,0.0,2017,10,False
CA-2014-169033,2014-03-30,2014-04-03,KM-16720,1251,5,49.65,20.853,0.0,2014,3,False
US-2016-164630,2016-01-04,2016-01-09,EB-13975,803,4,959.968,119.996,0.2,2016,1,True
US-2015-114839,2015-04-26,2015-04-30,PW-19240,831,2,408.422,-5.8346,0.3,2015,4,False
CA-2015-166464,2015-09-12,2015-09-17,PG-18895,803,2,479.984,59.998,0.2,2015,9,False
CA-2015-166464,2015-09-12,2015-09-17,PG-18895,231,4,12.6,6.048,0.0,2015,9,False
CA-2017-124898,2017-09-11,2017-09-15,DB-12910,1722,7,184.66,84.9436,0.0,2017,9,False
CA-2016-164035,2016-06-12,2016-06-17,CR-12730,1768,5,23.12,8.381,0.2,2016,6,False
CA-2016-153577,2016-06-27,2016-07-01,KH-16330,1651,7,37.464,12.1758,0.2,2016,6,False
CA-2016-153577,2016-06-27,2016-07-01,KH-16330,742,3,539.658,-7.7094,0.3,2016,6,True
CA-2014-127586,2014-09-26,2014-09-30,CS-12400,535,2,310.12,80.6312,0.0,2014,9,False
CA-2017-121615,2017-11-03,2017-11-09,DL-12925,1761,2,8.56,3.852,0.0,2017,11,False
CA-2017-121615,2017-11-03,2017-11-09,DL-12925,1505,5,52.4,14.148,0.0,2017,11,False
CA-2017-121615,2017-11-03,2017-11-09,DL-12925,223,3,14.94,6.8724,0.0,2017,11,False
CA-2017-166415,2017-02-19,2017-02-23,ME-17725,1359,3,11.22,0.2244,0.0,2017,2,False
CA-2015-118444,2015-11-05,2015-11-09,VD-21670,292,4,387.136,24.196,0.2,2015,11,False
CA-2014-113929,2014-06-16,2014-06-21,CK-12205,1493,5,41.4,19.458,0.0,2014,6,False
CA-2014-113929,2014-06-16,2014-06-21,CK-12205,350,4,35.0,10.5,0.0,2014,6,False
CA-2014-113929,2014-06-16,2014-06-21,CK-12205,904,3,39.552,14.3376,0.2,2014,6,False
CA-2015-134747,2015-10-12,2015-10-17,DL-12925,39,3,135.72,35.2872,0.0,2015,10,False
CA-2015-134747,2015-10-12,2015-10-17,DL-12925,709,2,12.56,5.652,0.0,2015,10,False
CA-2015-134747,2015-10-12,2015-10-17,DL-12925,1397,4,263.96,71.2692,0.0,2015,10,False
CA-2017-155047,2017-08-27,2017-08-30,SE-20110,539,1,5.952,0.372,0.2,2017,8,False
CA-2016-160129,2016-11-23,2016-11-23,LS-17200,117,5,15.8,2.37,0.2,2016,11,False
CA-2016-160129,2016-11-23,2016-11-23,LS-17200,1177,2,14.368,3.9512,0.2,2016,11,False
CA-2016-160129,2016-11-23,2016-11-23,LS-17200,486,7,70.448,12.3284,0.2,2016,11,False
CA-2017-164329,2017-01-30,2017-01-30,MM-17920,1475,2,129.3,6.465,0.0,2017,1,False
US-2015-141453,2015-11-30,2015-12-03,DB-13270,691,3,3.882,-5.823,0.8,2015,11,False
CA-2014-156993,2014-06-28,2014-07-04,RW-19630,1499,1,6.08,3.04,0.0,2014,6,False
CA-2014-157721,2014-09-02,2014-09-05,JM-16195,816,1,19.9,8.955,0.0,2014,9,False
CA-2014-157721,2014-09-02,2014-09-05,JM-16195,1536,1,70.71,4.9497,0.0,2014,9,False
CA-2017-128629,2017-07-10,2017-07-14,BP-11155,549,3,18.84,7.9128,0.0,2017,7,False
CA-2017-158106,2017-06-04,2017-06-10,CT-11995,1155,3,8.64,2.5056,0.0,2017,6,False
US-2017-120390,2017-10-19,2017-10-26,TH-21550,683,4,1633.188,-1306.5504,0.7,2017,10,True
CA-2017-143434,2017-11-18,2017-11-24,ME-17320,393,4,19.76,8.2992,0.0,2017,11,False
CA-2015-168564,2015-08-08,2015-08-08,TT-21220,32,2,6.608,2.2302,0.2,2015,8,False
CA-2015-168564,2015-08-08,2015-08-08,TT-21220,1309,2,7.28,2.73,0.2,2015,8,False
CA-2015-168564,2015-08-08,2015-08-08,TT-21220,750,1,144.784,10.8588,0.2,2015,8,False
US-2016-169040,2016-12-06,2016-12-12,GT-14710,1270,1,156.792,13.7193,0.2,2016,12,False
US-2016-169040,2016-12-06,2016-12-12,GT-14710,774,3,431.976,26.9985,0.2,2016,12,False
US-2016-169040,2016-12-06,2016-12-12,GT-14710,940,1,35.89,16.1505,0.0,2016,12,False
US-2016-169040,2016-12-06,2016-12-12,GT-14710,900,7,47.208,15.3426,0.2,2016,12,False
US-2016-169040,2016-12-06,2016-12-12,GT-14710,1662,7,248.08,116.5976,0.0,2016,12,False
US-2016-169040,2016-12-06,2016-12-12,GT-14710,1456,5,189.7,89.159,0.0,2016,12,False
US-2016-169040,2016-12-06,2016-12-12,GT-14710,711,3,59.808,19.4376,0.2,2016,12,False
CA-2017-155880,2017-03-25,2017-03-31,JD-16150,755,1,90.99,14.5584,0.0,2017,3,False
CA-2017-155880,2017-03-25,2017-03-31,JD-16150,989,7,1526.56,427.4368,0.0,2017,3,True
CA-2017-155880,2017-03-25,2017-03-31,JD-16150,754,3,368.97,40.5867,0.0,2017,3,False
CA-2017-126242,2017-11-19,2017-11-24,MC-18100,665,9,305.01,76.2525,0.0,2017,11,False
CA-2017-126242,2017-11-19,2017-11-24,MC-18100,619,1,18.7,7.106,0.0,2017,11,False
CA-2016-166443,2016-11-04,2016-11-05,LH-17020,119,7,38.29,16.4647,0.0,2016,11,False
CA-2017-169859,2017-12-14,2017-12-18,MP-18175,551,3,26.25,11.025,0.0,2017,12,False
CA-2017-169859,2017-12-14,2017-12-18,MP-18175,1626,14,64.96,22.736,0.2,2017,12,False
CA-2017-169859,2017-12-14,2017-12-18,MP-18175,4,5,43.7,20.539,0.0,2017,12,False
CA-2017-134915,2017-11-12,2017-11-12,EM-14140,1073,4,41.6,13.0,0.2,2017,11,False
CA-2017-134915,2017-11-12,2017-11-12,EM-14140,1768,5,23.12,8.381,0.2,2017,11,False
CA-2017-134915,2017-11-12,2017-11-12,EM-14140,798,2,113.888,9.9652,0.2,2017,11,False
CA-2017-134915,2017-11-12,2017-11-12,EM-14140,1547,2,113.568,-5.6784,0.2,2017,11,False
CA-2017-134915,2017-11-12,2017-11-12,EM-14140,477,2,7.92,0.693,0.2,2017,11,False
CA-2017-134915,2017-11-12,2017-11-12,EM-14140,1388,2,671.984,50.3988,0.2,2017,11,True
CA-2016-153353,2016-08-18,2016-08-24,GG-14650,728,1,39.99,11.5971,0.0,2016,8,False
CA-2017-123638,2017-06-27,2017-07-04,MA-17995,1450,3,191.646,31.941,0.1,2017,6,False
CA-2017-168900,2017-05-04,2017-05-09,SH-20395,499,1,2.313,-1.9275,0.7,2017,5,False
CA-2015-158456,2015-12-24,2015-12-29,KT-16465,256,4,19.936,7.2268,0.2,2015,12,False
CA-2015-158456,2015-12-24,2015-12-29,KT-16465,1601,4,45.92,21.5824,0.0,2015,12,False
CA-2017-143665,2017-04-26,2017-05-01,PO-19180,1516,3,20.34,9.3564,0.0,2017,4,False
CA-2017-143665,2017-04-26,2017-05-01,PO-19180,184,8,39.28,19.2472,0.0,2017,4,False
CA-2017-137428,2017-12-16,2017-12-21,AY-10555,746,2,81.568,9.1764,0.2,2017,12,False
CA-2017-137428,2017-12-16,2017-12-21,AY-10555,771,2,97.184,6.074,0.2,2017,12,False
CA-2017-137428,2017-12-16,2017-12-21,AY-10555,1310,5,24.32,8.208,0.2,2017,12,False
CA-2017-137428,2017-12-16,2017-12-21,AY-10555,490,2,18.96,7.584,0.0,2017,12,False
CA-2014-162866,2014-12-27,2014-12-31,Co-12640,493,6,32.952,-19.7712,0.6,2014,12,False
CA-2014-162866,2014-12-27,2014-12-31,Co-12640,1495,4,30.016,3.0016,0.2,2014,12,False
CA-2017-167941,2017-11-06,2017-11-09,JF-15565,8,3,499.584,43.7136,0.2,2017,11,True
CA-2017-167941,2017-11-06,2017-11-09,JF-15565,1817,6,31.104,10.8864,0.2,2017,11,False
CA-2017-167941,2017-11-06,2017-11-09,JF-15565,238,8,13.272,-10.6176,0.7,2017,11,False
CA-2017-167941,2017-11-06,2017-11-09,JF-15565,616,2,28.272,6.3612,0.2,2017,11,False
CA-2017-167941,2017-11-06,2017-11-09,JF-15565,417,4,259.136,-51.8272,0.2,2017,11,False
CA-2017-111808,2017-12-16,2017-12-20,AR-10510,1250,5,10.8,5.184,0.0,2017,12,False
CA-2015-137512,2015-05-07,2015-05-12,AG-10675,428,2,244.006,-31.3722,0.3,2015,5,False
CA-2015-137512,2015-05-07,2015-05-12,AG-10675,1770,4,15.936,5.3784,0.2,2015,5,False
CA-2017-139773,2017-12-04,2017-12-04,DV-13045,1376,7,188.552,-2.6936,0.3,2017,12,False
CA-2017-134607,2017-10-03,2017-10-08,HL-15040,1659,2,22.58,5.8708,0.0,2017,10,False
CA-2014-109232,2014-01-13,2014-01-16,ND-18370,755,6,545.94,87.3504,0.0,2014,1,True
CA-2015-139850,2015-06-12,2015-06-17,GB-14575,1789,4,20.736,7.2576,0.2,2015,6,False
CA-2015-139850,2015-06-12,2015-06-17,GB-14575,505,2,43.296,4.3296,0.2,2015,6,False
CA-2014-131310,2014-07-12,2014-07-18,CL-12565,1376,4,123.136,13.8528,0.2,2014,7,False
CA-2014-131310,2014-07-12,2014-07-18,CL-12565,1436,4,11.264,3.8016,0.2,2014,7,False
US-2014-112872,2014-12-06,2014-12-11,RC-19960,664,3,53.424,4.6746,0.2,2014,12,False
US-2014-112872,2014-12-06,2014-12-11,RC-19960,424,1,275.49,-170.8038,0.5,2014,12,False
CA-2016-139269,2016-05-25,2016-05-30,JB-16045,566,4,24.96,6.24,0.0,2016,5,False
CA-2016-139269,2016-05-25,2016-05-30,JB-16045,1655,2,19.36,9.2928,0.0,2016,5,False
CA-2016-139269,2016-05-25,2016-05-30,JB-16045,659,9,1267.65,152.118,0.0,2016,5,True
CA-2016-139010,2016-02-21,2016-02-26,MC-17635,1403,1,12.99,0.7794,0.0,2016,2,False
CA-2016-139010,2016-02-21,2016-02-26,MC-17635,1626,4,18.56,6.496,0.2,2016,2,False
CA-2016-139010,2016-02-21,2016-02-26,MC-17635,647,5,449.15,8.983,0.0,2016,2,False
CA-2016-139010,2016-02-21,2016-02-26,MC-17635,247,7,31.248,10.9368,0.2,2016,2,False
CA-2016-134376,2016-10-02,2016-10-06,TT-21265,946,3,61.44,16.5888,0.0,2016,10,False
CA-2017-147291,2017-03-11,2017-03-17,MJ-17740,685,4,895.92,421.0824,0.0,2017,3,True
CA-2016-112893,2016-09-09,2016-09-13,AT-10735,1595,4,55.36,18.684,0.2,2016,9,False
US-2014-150532,2014-07-14,2014-07-21,PB-19150,573,5,55.92,6.291,0.2,2014,7,False
CA-2014-138317,2014-06-21,2014-06-25,NW-18400,1493,4,24.896,8.4024,0.2,2014,6,False
CA-2014-138317,2014-06-21,2014-06-25,NW-18400,1488,1,3.984,0.6474,0.2,2014,6,False
CA-2014-138317,2014-06-21,2014-06-25,NW-18400,993,4,95.968,28.7904,0.2,2014,6,False
CA-2014-138317,2014-06-21,2014-06-25,NW-18400,602,3,206.991,-172.4925,0.7,2014,6,False
CA-2014-138317,2014-06-21,2014-06-25,NW-18400,631,2,44.416,3.8864,0.2,2014,6,False
CA-2014-138317,2014-06-21,2014-06-25,NW-18400,700,2,9.006,-7.2048,0.7,2014,6,False
CA-2015-130610,2015-07-05,2015-07-10,VP-21730,536,5,19.0,8.93,0.0,2015,7,False
CA-2017-104381,2017-12-16,2017-12-23,RD-19810,58,4,33.376,10.43,0.2,2017,12,False
CA-2016-131499,2016-09-08,2016-09-10,MG-17875,951,1,207.48,62.244,0.0,2016,9,False
CA-2014-148761,2014-05-17,2014-05-21,PA-19060,1521,3,91.68,45.84,0.0,2014,5,False
CA-2017-116519,2017-10-13,2017-10-15,CR-12730,171,5,904.9,253.372,0.0,2017,10,True
CA-2014-130729,2014-10-24,2014-10-29,AA-10375,263,3,34.272,11.1384,0.2,2014,10,False
CA-2016-124772,2016-12-05,2016-12-06,JG-15160,883,3,191.82,74.8098,0.0,2016,12,False
CA-2016-115525,2016-07-25,2016-07-29,RR-19525,1574,5,243.88,27.4365,0.2,2016,7,False
CA-2017-134845,2017-04-17,2017-04-23,SR-20425,925,5,12.03,-9.223,0.7,2017,4,False
CA-2017-134845,2017-04-17,2017-04-23,SR-20425,985,5,2549.985,-3399.98,0.7,2017,4,True
CA-2017-134845,2017-04-17,2017-04-23,SR-20425,717,2,21.594,-15.8356,0.7,2017,4,False
CA-2017-134845,2017-04-17,2017-04-23,SR-20425,410,6,8.964,-6.5736,0.7,2017,4,False
CA-2017-134845,2017-04-17,2017-04-23,SR-20425,1822,4,20.736,7.2576,0.2,2017,4,False
US-2015-138919,2015-09-17,2015-09-21,LS-16975,1349,2,344.22,-103.266,0.4,2015,9,False
US-2016-160528,2016-08-23,2016-08-30,MH-18115,1364,8,727.296,-172.7328,0.2,2016,8,True
US-2016-160528,2016-08-23,2016-08-30,MH-18115,672,3,22.608,-10.1736,0.6,2016,8,False
US-2016-160528,2016-08-23,2016-08-30,MH-18115,1606,7,666.4,-33.32,0.2,2016,8,True
CA-2015-123568,2015-11-08,2015-11-14,SC-20095,132,3,5.04,0.2016,0.0,2015,11,False
CA-2015-123568,2015-11-08,2015-11-14,SC-20095,1779,3,92.94,41.823,0.0,2015,11,False
CA-2015-123568,2015-11-08,2015-11-14,SC-20095,621,3,66.69,22.0077,0.0,2015,11,False
CA-2015-123568,2015-11-08,2015-11-14,SC-20095,519,5,91.68,28.65,0.2,2015,11,False
CA-2017-124674,2017-11-17,2017-11-23,JB-16000,166,2,327.7328,-14.4588,0.32,2017,11,False
CA-2015-164441,2015-11-08,2015-11-13,AC-10450,1511,11,52.272,17.6418,0.2,2015,11,False
CA-2015-164441,2015-11-08,2015-11-13,AC-10450,779,3,17.94,8.073,0.0,2015,11,False
CA-2017-169054,2017-04-22,2017-04-26,MO-17800,1533,3,254.352,0.0,0.2,2017,4,False
CA-2014-106719,2014-08-24,2014-08-24,RB-19645,1451,2,8.288,2.6936,0.2,2014,8,False
CA-2017-116855,2017-12-17,2017-12-21,AI-10855,856,5,504.9,80.784,0.0,2017,12,True
US-2016-164189,2016-03-24,2016-03-28,DR-12880,342,4,403.168,25.198,0.2,2016,3,False
CA-2015-168480,2015-09-21,2015-09-27,DM-12955,1181,4,194.32,31.0912,0.0,2015,9,False
CA-2015-168480,2015-09-21,2015-09-27,DM-12955,280,1,25.99,7.5371,0.0,2015,9,False
US-2016-114293,2016-11-21,2016-11-26,JH-16180,1171,4,195.136,-12.196,0.2,2016,11,False
CA-2017-134173,2017-09-16,2017-09-21,AB-10060,1829,4,20.736,7.2576,0.2,2017,9,False
US-2015-123960,2015-06-11,2015-06-16,BD-11605,960,6,53.7,10.203,0.0,2015,6,False
US-2015-123960,2015-06-11,2015-06-16,BD-11605,1451,7,36.26,16.6796,0.0,2015,6,False
US-2015-123960,2015-06-11,2015-06-16,BD-11605,358,2,56.3,15.764,0.0,2015,6,False
US-2015-123960,2015-06-11,2015-06-16,BD-11605,1819,5,32.4,15.552,0.0,2015,6,False
US-2015-123960,2015-06-11,2015-06-16,BD-11605,481,2,29.16,10.7892,0.0,2015,6,False
CA-2017-101749,2017-10-03,2017-10-08,AS-10045,978,3,171.288,-6.4233,0.2,2017,10,False
US-2016-147991,2016-05-05,2016-05-09,ZD-21925,576,5,16.72,3.344,0.2,2016,5,False
CA-2017-149559,2017-09-11,2017-09-12,KF-16285,1788,2,12.96,6.2208,0.0,2017,9,False
CA-2017-149559,2017-09-11,2017-09-12,KF-16285,2,2,22.18,10.8682,0.0,2017,9,False
CA-2017-149559,2017-09-11,2017-09-12,KF-16285,852,8,2054.272,256.784,0.2,2017,9,True
CA-2015-135174,2015-04-30,2015-05-02,BP-11230,445,5,1022.97,-255.7425,0.4,2015,4,True
CA-2017-125290,2017-11-06,2017-11-10,CC-12430,1147,5,13.9,3.614,0.0,2017,11,False
CA-2017-125290,2017-11-06,2017-11-10,CC-12430,537,1,26.38,12.1348,0.0,2017,11,False
CA-2014-137351,2014-09-30,2014-10-04,DB-13615,499,7,43.176,13.4925,0.2,2014,9,False
CA-2017-121419,2017-04-02,2017-04-04,TC-21475,318,2,411.8,70.006,0.0,2017,4,False
CA-2017-121419,2017-04-02,2017-04-04,TC-21475,1107,4,360.0,129.6,0.0,2017,4,False
US-2017-148054,2017-10-06,2017-10-11,NZ-18565,18,2,41.96,2.9372,0.0,2017,10,False
US-2017-148054,2017-10-06,2017-10-11,NZ-18565,466,4,227.84,66.0736,0.0,2017,10,False
US-2017-148054,2017-10-06,2017-10-11,NZ-18565,464,2,37.94,18.2112,0.0,2017,10,False
CA-2016-128517,2016-04-09,2016-04-14,SW-20350,1169,2,517.9,134.654,0.0,2016,4,True
CA-2016-128517,2016-04-09,2016-04-14,SW-20350,1513,2,5.28,2.4288,0.0,2016,4,False
US-2015-100377,2015-08-28,2015-09-01,TS-21370,398,5,2799.96,874.9875,0.2,2015,8,True
CA-2017-131492,2017-10-19,2017-10-24,HH-15010,140,2,8.96,4.3008,0.0,2017,10,False
CA-2017-131492,2017-10-19,2017-10-24,HH-15010,228,10,31.5,15.12,0.0,2017,10,False
CA-2017-131492,2017-10-19,2017-10-24,HH-15010,990,2,30.56,10.3904,0.0,2017,10,False
CA-2017-131492,2017-10-19,2017-10-24,HH-15010,145,2,24.368,-3.3506,0.2,2017,10,False
CA-2016-144554,2016-11-07,2016-11-12,DM-13345,1266,3,119.976,22.4955,0.2,2016,11,False
CA-2017-127621,2017-03-03,2017-03-07,RE-19450,921,8,26.88,9.744,0.2,2017,3,False
CA-2015-145184,2015-11-27,2015-11-29,JD-16150,154,3,83.97,23.5116,0.0,2015,11,False
CA-2015-145184,2015-11-27,2015-11-29,JD-16150,1255,3,104.97,7.3479,0.0,2015,11,False
CA-2017-106859,2017-03-13,2017-03-18,BF-11215,1449,8,90.8,25.424,0.0,2017,3,False
CA-2017-106859,2017-03-13,2017-03-18,BF-11215,1222,8,140.736,49.2576,0.2,2017,3,False
CA-2017-106859,2017-03-13,2017-03-18,BF-11215,1015,5,214.95,88.1295,0.0,2017,3,False
CA-2017-106859,2017-03-13,2017-03-18,BF-11215,1828,7,45.36,21.7728,0.0,2017,3,False
CA-2017-106859,2017-03-13,2017-03-18,BF-11215,1667,6,288.24,138.3552,0.0,2017,3,False
US-2017-120089,2017-11-30,2017-11-30,ML-17755,951,4,663.936,82.992,0.2,2017,11,True
CA-2014-119375,2014-11-17,2014-11-22,YC-21895,1453,7,2934.33,792.2691,0.0,2014,11,True
CA-2014-119375,2014-11-17,2014-11-22,YC-21895,561,3,124.41,14.9292,0.0,2014,11,False
CA-2014-119375,2014-11-17,2014-11-22,YC-21895,518,5,57.75,26.565,0.0,2014,11,False
CA-2016-125206,2016-01-03,2016-01-05,LR-16915,1338,2,114.46,28.615,0.0,2016,1,False
CA-2015-126137,2015-10-03,2015-10-08,BS-11755,1384,2,120.666,18.4548,0.15,2015,10,False
CA-2014-143903,2014-07-20,2014-07-24,KM-16375,979,3,342.864,38.5722,0.2,2014,7,False
CA-2014-143903,2014-07-20,2014-07-24,KM-16375,1610,5,16.74,-14.229,0.6,2014,7,False
CA-2014-143903,2014-07-20,2014-07-24,KM-16375,786,2,981.372,-140.196,0.3,2014,7,True
CA-2014-104780,2014-05-21,2014-05-25,BT-11530,28,8,31.84,10.5072,0.0,2014,5,False
CA-2017-101182,2017-09-04,2017-09-05,KB-16405,1817,2,12.96,6.2208,0.0,2017,9,False
CA-2017-101182,2017-09-04,2017-09-05,KB-16405,1848,3,43.176,15.1116,0.2,2017,9,False
US-2017-132297,2017-05-27,2017-06-02,DW-13480,330,2,58.34,28.0032,0.0,2017,5,False
US-2017-132297,2017-05-27,2017-06-02,DW-13480,774,3,539.97,134.9925,0.0,2017,5,True
CA-2014-100328,2014-01-28,2014-02-03,JC-15340,1305,1,3.928,1.3257,0.2,2014,1,False
CA-2017-118773,2017-02-09,2017-02-14,TP-21415,702,4,252.784,-417.0936,0.8,2017,2,False
CA-2017-118773,2017-02-09,2017-02-14,TP-21415,1328,2,127.984,15.998,0.2,2017,2,False
CA-2017-118773,2017-02-09,2017-02-14,TP-21415,1488,2,3.984,-2.6892,0.6,2017,2,False
CA-2017-118773,2017-02-09,2017-02-14,TP-21415,307,2,12.992,-32.48,0.8,2017,2,False
US-2017-159205,2017-03-31,2017-04-02,DB-12910,120,5,61.0,25.62,0.0,2017,3,False
US-2017-159205,2017-03-31,2017-04-02,DB-12910,1604,7,671.93,188.1404,0.0,2017,3,True
CA-2016-112123,2016-03-03,2016-03-08,BH-11710,703,7,447.86,219.4514,0.0,2016,3,False
CA-2016-112123,2016-03-03,2016-03-08,BH-11710,1314,5,479.95,129.5865,0.0,2016,3,False
CA-2016-112123,2016-03-03,2016-03-08,BH-11710,1727,3,166.44,79.8912,0.0,2016,3,False
CA-2015-114468,2015-08-23,2015-08-23,TD-20995,100,4,31.68,2.772,0.2,2015,8,False
CA-2015-114468,2015-08-23,2015-08-23,TD-20995,1801,2,10.368,3.6288,0.2,2015,8,False
CA-2015-114468,2015-08-23,2015-08-23,TD-20995,1499,8,12.032,2.256,0.2,2015,8,False
CA-2015-114468,2015-08-23,2015-08-23,TD-20995,819,2,5.768,-13.5548,0.8,2015,8,False
CA-2017-135692,2017-04-27,2017-05-01,CV-12805,232,4,33.12,11.592,0.2,2017,4,False
CA-2017-135692,2017-04-27,2017-05-01,CV-12805,1420,4,220.2656,-42.1096,0.32,2017,4,False
CA-2017-131233,2017-04-14,2017-04-19,CS-12355,259,3,10.776,3.5022,0.2,2017,4,False
CA-2017-131233,2017-04-14,2017-04-19,CS-12355,389,3,242.352,9.0882,0.2,2017,4,False
CA-2017-119578,2017-12-22,2017-12-27,JG-15310,1300,6,695.16,34.758,0.0,2017,12,True
CA-2017-119578,2017-12-22,2017-12-27,JG-15310,381,1,220.98,50.8254,0.0,2017,12,False
CA-2016-124562,2016-12-08,2016-12-12,JP-16135,1590,7,12.957,-9.5018,0.7,2016,12,False
US-2017-140074,2017-03-23,2017-03-29,EC-14050,1771,6,25.68,11.556,0.0,2017,3,False
CA-2016-103037,2016-07-25,2016-07-29,KH-16630,201,4,15.712,5.6956,0.2,2016,7,False
CA-2017-127460,2017-07-10,2017-07-14,FG-14260,645,6,298.464,26.1156,0.2,2017,7,False
CA-2016-121671,2016-07-17,2016-07-22,AA-10480,1515,3,21.93,10.0878,0.0,2016,7,False
CA-2016-121671,2016-07-17,2016-07-22,AA-10480,416,3,242.94,4.8588,0.0,2016,7,False
CA-2016-121671,2016-07-17,2016-07-22,AA-10480,1344,1,7.64,3.7436,0.0,2016,7,False
CA-2016-121671,2016-07-17,2016-07-22,AA-10480,1785,8,51.84,25.4016,0.0,2016,7,False
CA-2016-121671,2016-07-17,2016-07-22,AA-10480,1549,1,265.17,47.7306,0.0,2016,7,False
CA-2016-150350,2016-08-23,2016-08-30,MS-17770,1216,3,837.6,62.82,0.2,2016,8,True
CA-2016-150350,2016-08-23,2016-08-30,MS-17770,1581,5,135.9,63.873,0.0,2016,8,False
CA-2016-150350,2016-08-23,2016-08-30,MS-17770,1768,6,34.68,16.9932,0.0,2016,8,False
CA-2016-150350,2016-08-23,2016-08-30,MS-17770,1213,6,532.704,-39.9528,0.2,2016,8,True
CA-2016-150350,2016-08-23,2016-08-30,MS-17770,78,5,43.1,11.206,0.0,2016,8,False
CA-2016-150350,2016-08-23,2016-08-30,MS-17770,96,4,15.88,0.1588,0.0,2016,8,False
CA-2015-121720,2015-06-11,2015-06-12,JE-15610,825,5,1123.92,-182.637,0.2,2015,6,True
CA-2015-121720,2015-06-11,2015-06-12,JE-15610,439,2,249.584,31.198,0.2,2015,6,False
CA-2015-121720,2015-06-11,2015-06-12,JE-15610,1444,3,48.672,7.3008,0.2,2015,6,False
CA-2015-121720,2015-06-11,2015-06-12,JE-15610,888,2,60.768,7.596,0.2,2015,6,False
CA-2015-121720,2015-06-11,2015-06-12,JE-15610,898,5,78.6,-62.88,0.7,2015,6,False
CA-2015-121720,2015-06-11,2015-06-12,JE-15610,709,2,3.768,-3.14,0.7,2015,6,False
CA-2015-121720,2015-06-11,2015-06-12,JE-15610,1548,2,1036.624,51.8312,0.2,2015,6,True
CA-2015-121720,2015-06-11,2015-06-12,JE-15610,643,4,563.808,21.1428,0.2,2015,6,True
CA-2017-149895,2017-09-08,2017-09-12,EB-14110,48,2,258.528,-47.3968,0.4,2017,9,False
CA-2017-147564,2017-10-02,2017-10-06,BP-11155,1691,4,49.12,23.0864,0.0,2017,10,False
CA-2014-136399,2014-12-16,2014-12-17,CC-12100,621,2,44.46,14.6718,0.0,2014,12,False
CA-2014-136399,2014-12-16,2014-12-17,CC-12100,497,2,241.568,18.1176,0.2,2014,12,False
CA-2014-136399,2014-12-16,2014-12-17,CC-12100,666,5,395.0,39.5,0.0,2014,12,False
CA-2014-136399,2014-12-16,2014-12-17,CC-12100,725,4,627.168,70.5564,0.2,2014,12,True
CA-2014-107916,2014-08-24,2014-08-26,JP-15460,677,2,13.28,6.3744,0.0,2014,8,False
CA-2014-107916,2014-08-24,2014-08-26,JP-15460,1622,3,12.672,4.4352,0.2,2014,8,False
CA-2017-164168,2017-11-12,2017-11-18,LS-16975,1521,5,30.56,-45.84,0.8,2017,11,False
CA-2017-164168,2017-11-12,2017-11-18,LS-16975,646,3,77.952,-15.5904,0.2,2017,11,False
CA-2017-164168,2017-11-12,2017-11-18,LS-16975,1240,1,67.992,8.499,0.2,2017,11,False
CA-2017-164168,2017-11-12,2017-11-18,LS-16975,5,2,12.224,4.4312,0.2,2017,11,False
CA-2017-164168,2017-11-12,2017-11-18,LS-16975,1061,2,44.784,-0.5598,0.2,2017,11,False
CA-2017-164168,2017-11-12,2017-11-18,LS-16975,565,3,22.848,-17.7072,0.6,2017,11,False
CA-2015-112557,2015-04-25,2015-04-28,JL-15850,822,3,206.43,90.8292,0.0,2015,4,False
US-2014-122959,2014-12-12,2014-12-12,CY-12745,681,2,210.392,-336.6272,0.8,2014,12,False
CA-2017-162572,2017-09-25,2017-09-27,RB-19360,993,5,119.96,35.988,0.2,2017,9,False
CA-2017-162572,2017-09-25,2017-09-27,RB-19360,1117,6,10.608,0.9282,0.2,2017,9,False
US-2016-148110,2016-09-05,2016-09-11,AR-10825,1450,7,347.802,-24.843,0.3,2016,9,False
CA-2017-131828,2017-02-11,2017-02-13,CS-11845,761,4,963.136,108.3528,0.2,2017,2,True
CA-2017-131828,2017-02-11,2017-02-13,CS-11845,994,3,88.776,7.7679,0.2,2017,2,False
CA-2014-109218,2014-06-30,2014-07-03,AR-10825,277,5,32.4,10.368,0.0,2014,6,False
CA-2016-120558,2016-06-07,2016-06-10,RD-19810,1823,5,32.4,15.552,0.0,2016,6,False
US-2014-109036,2014-12-20,2014-12-25,KH-16510,196,3,31.05,14.904,0.0,2014,12,False
CA-2015-147830,2015-12-15,2015-12-18,NF-18385,1276,6,2025.36,607.608,0.2,2015,12,True
CA-2015-147830,2015-12-15,2015-12-18,NF-18385,475,2,1799.994,-2639.9912,0.7,2015,12,True
CA-2015-147830,2015-12-15,2015-12-18,NF-18385,1240,2,101.988,-16.998,0.4,2015,12,False
CA-2015-147830,2015-12-15,2015-12-18,NF-18385,878,7,262.864,69.0018,0.2,2015,12,False
CA-2017-150497,2017-07-20,2017-07-24,SM-20950,897,2,735.98,331.191,0.0,2017,7,True
CA-2014-128986,2014-08-03,2014-08-05,GH-14410,1616,3,93.024,33.7212,0.2,2014,8,False
CA-2015-139584,2015-08-24,2015-08-28,EM-13810,427,2,284.364,-75.8304,0.4,2015,8,False
CA-2015-139584,2015-08-24,2015-08-28,EM-13810,1073,2,26.0,11.7,0.0,2015,8,False
US-2016-162677,2016-03-26,2016-03-27,DB-13210,1544,5,67.64,5.9185,0.2,2016,3,False
US-2016-162677,2016-03-26,2016-03-27,DB-13210,420,3,119.976,-17.9964,0.2,2016,3,False
US-2014-150924,2014-09-12,2014-09-16,PT-19090,1635,5,5.18,-8.029,0.8,2014,9,False
CA-2014-153969,2014-09-21,2014-09-25,HF-14995,1493,2,15.56,7.3132,0.0,2014,9,False
CA-2014-153969,2014-09-21,2014-09-25,HF-14995,3,5,78.35,36.8245,0.0,2014,9,False
CA-2014-153969,2014-09-21,2014-09-25,HF-14995,1148,3,59.52,15.4752,0.0,2014,9,False
CA-2014-153969,2014-09-21,2014-09-25,HF-14995,1761,9,38.52,17.334,0.0,2014,9,False
CA-2014-153969,2014-09-21,2014-09-25,HF-14995,1285,2,239.984,23.9984,0.2,2014,9,False
CA-2014-153969,2014-09-21,2014-09-25,HF-14995,1646,3,19.35,9.4815,0.0,2014,9,False
CA-2016-146682,2016-10-29,2016-10-31,KW-16435,592,5,67.0,32.16,0.0,2016,10,False
CA-2016-138695,2016-05-28,2016-06-03,KC-16675,1171,8,390.272,-24.392,0.2,2016,5,False
CA-2016-138695,2016-05-28,2016-06-03,KC-16675,779,13,62.192,19.435,0.2,2016,5,False
CA-2017-107461,2017-12-21,2017-12-26,PK-19075,901,6,23.88,11.2236,0.0,2017,12,False
US-2016-133879,2016-03-21,2016-03-28,KT-16465,239,2,3.168,-4.752,0.8,2016,3,False
US-2016-133879,2016-03-21,2016-03-28,KT-16465,736,5,528.43,0.0,0.3,2016,3,True
US-2016-133879,2016-03-21,2016-03-28,KT-16465,1137,3,13.392,1.5066,0.2,2016,3,False
CA-2017-157483,2017-11-11,2017-11-18,EP-13915,354,7,181.86,50.9208,0.0,2017,11,False
US-2017-132059,2017-09-23,2017-09-29,AP-10915,169,2,180.588,-240.784,0.7,2017,9,False
US-2017-132059,2017-09-23,2017-09-29,AP-10915,303,2,47.984,0.5998,0.2,2017,9,False
CA-2017-122280,2017-09-10,2017-09-10,SH-20395,1341,2,18.76,9.0048,0.0,2017,9,False
CA-2017-105235,2017-12-05,2017-12-11,SM-20950,570,3,20.94,6.0726,0.0,2017,12,False
CA-2017-105235,2017-12-05,2017-12-11,SM-20950,1442,2,58.68,18.1908,0.0,2017,12,False
CA-2017-105235,2017-12-05,2017-12-11,SM-20950,610,5,254.9,68.823,0.0,2017,12,False
CA-2017-152912,2017-11-09,2017-11-12,BM-11650,1642,2,9.64,4.4344,0.0,2017,11,False
CA-2017-152912,2017-11-09,2017-11-12,BM-11650,1062,3,826.62,355.4466,0.0,2017,11,True
CA-2017-152912,2017-11-09,2017-11-12,BM-11650,112,9,1633.14,473.6106,0.0,2017,11,True
CA-2017-152912,2017-11-09,2017-11-12,BM-11650,112,3,544.38,157.8702,0.0,2017,11,True
CA-2014-123498,2014-11-07,2014-11-09,TC-20980,1419,3,26.046,-44.2782,0.8,2014,11,False
CA-2014-123498,2014-11-07,2014-11-09,TC-20980,1493,3,74.352,26.9526,0.2,2014,11,False
CA-2017-159352,2017-03-12,2017-03-17,KB-16585,1295,7,69.93,32.1678,0.0,2017,3,False
US-2017-146416,2017-10-20,2017-10-22,JE-16165,220,1,3.75,1.8,0.0,2017,10,False
US-2017-146416,2017-10-20,2017-10-22,JE-16165,1631,4,20.928,7.5864,0.2,2017,10,False
US-2015-163783,2015-12-27,2016-01-01,DR-12940,1506,3,12.672,-3.168,0.2,2015,12,False
CA-2017-123981,2017-10-02,2017-10-08,RW-19630,1265,1,65.99,17.1574,0.0,2017,10,False
CA-2017-158953,2017-06-04,2017-06-08,ML-18040,1309,7,6.37,-9.555,0.8,2017,6,False
CA-2014-165428,2014-09-01,2014-09-04,JL-15130,1310,3,3.648,-6.0192,0.8,2014,9,False
CA-2014-165428,2014-09-01,2014-09-04,JL-15130,1812,6,31.104,10.8864,0.2,2014,9,False
CA-2016-169026,2016-08-08,2016-08-13,CM-12655,133,3,23.34,0.2334,0.0,2016,8,False
CA-2017-109750,2017-07-22,2017-07-28,FH-14365,1484,3,29.97,14.0859,0.0,2017,7,False
CA-2015-149384,2015-07-10,2015-07-10,EH-13945,83,3,3.366,-2.244,0.7,2015,7,False
CA-2014-131527,2014-12-01,2014-12-07,TB-21280,346,4,95.968,9.5968,0.2,2014,12,False
CA-2017-164000,2017-12-18,2017-12-22,AH-10030,244,7,18.704,2.338,0.2,2017,12,False
CA-2014-164224,2014-05-18,2014-05-20,TT-21070,514,3,149.232,3.7308,0.2,2014,5,False
CA-2014-164224,2014-05-18,2014-05-20,TT-21070,1737,4,15.936,5.7768,0.2,2014,5,False
CA-2014-158372,2014-11-10,2014-11-16,RD-19900,933,8,601.536,60.1536,0.2,2014,11,True
CA-2014-158372,2014-11-10,2014-11-16,RD-19900,1068,1,10.99,4.2861,0.0,2014,11,False
CA-2014-158372,2014-11-10,2014-11-16,RD-19900,1034,2,39.88,11.1664,0.0,2014,11,False
CA-2014-158372,2014-11-10,2014-11-16,RD-19900,1468,8,62.24,28.008,0.0,2014,11,False
CA-2014-158372,2014-11-10,2014-11-16,RD-19900,568,5,53.2,14.896,0.0,2014,11,False
CA-2014-158372,2014-11-10,2014-11-16,RD-19900,272,8,39.84,18.3264,0.0,2014,11,False
CA-2016-108882,2016-01-09,2016-01-15,LA-16780,1002,5,349.95,118.983,0.0,2016,1,False
CA-2016-108882,2016-01-09,2016-01-15,LA-16780,1849,9,377.928,141.723,0.2,2016,1,False
US-2017-108245,2017-09-22,2017-09-27,SH-19975,1493,3,13.392,5.022,0.2,2017,9,False
US-2017-108245,2017-09-22,2017-09-27,SH-19975,925,7,11.228,-18.5262,0.8,2017,9,False
CA-2014-142314,2014-12-23,2014-12-28,SF-20200,305,11,207.24,58.0272,0.0,2014,12,False
CA-2016-132409,2016-05-26,2016-06-01,TH-21235,1193,1,1.504,0.1692,0.2,2016,5,False
CA-2016-132409,2016-05-26,2016-06-01,TH-21235,817,2,34.848,6.534,0.2,2016,5,False
CA-2017-150189,2017-07-08,2017-07-10,VG-21790,192,6,75.18,35.3346,0.0,2017,7,False
CA-2014-114433,2014-05-13,2014-05-17,NP-18325,1266,3,149.97,52.4895,0.0,2014,5,False
CA-2017-104640,2017-11-10,2017-11-16,FH-14275,649,3,931.176,314.2719,0.2,2017,11,True
CA-2017-104640,2017-11-10,2017-11-16,FH-14275,48,2,430.88,124.9552,0.0,2017,11,False
US-2015-137008,2015-10-02,2015-10-08,JP-15460,464,5,94.85,45.528,0.0,2015,10,False
US-2015-137008,2015-10-02,2015-10-08,JP-15460,773,4,51.12,23.004,0.0,2015,10,False
US-2015-137008,2015-10-02,2015-10-08,JP-15460,1107,1,90.0,32.4,0.0,2015,10,False
CA-2014-108189,2014-10-02,2014-10-05,ES-14080,108,2,9.408,3.4104,0.2,2014,10,False
CA-2014-108189,2014-10-02,2014-10-05,ES-14080,1499,2,4.672,1.46,0.2,2014,10,False
CA-2014-108189,2014-10-02,2014-10-05,ES-14080,347,2,318.4,107.46,0.2,2014,10,False
CA-2014-108189,2014-10-02,2014-10-05,ES-14080,982,6,12.768,4.6284,0.2,2014,10,False
CA-2014-108189,2014-10-02,2014-10-05,ES-14080,1508,2,15.36,-3.264,0.2,2014,10,False
CA-2014-108189,2014-10-02,2014-10-05,ES-14080,1314,3,230.376,20.1579,0.2,2014,10,False
CA-2014-108189,2014-10-02,2014-10-05,ES-14080,960,1,7.16,-0.0895,0.2,2014,10,False
CA-2014-154641,2014-08-11,2014-08-16,KL-16645,1556,1,375.34,18.767,0.0,2014,8,False
CA-2017-131625,2017-09-01,2017-09-05,BN-11515,1439,5,114.9,39.066,0.0,2017,9,False
US-2017-156356,2017-04-16,2017-04-22,ND-18370,1419,3,26.046,-44.2782,0.8,2017,4,False
US-2017-156356,2017-04-16,2017-04-22,ND-18370,720,1,2.896,-4.7784,0.8,2017,4,False
US-2017-156356,2017-04-16,2017-04-22,ND-18370,1550,2,32.544,-7.7292,0.2,2017,4,False
CA-2016-138933,2016-04-24,2016-04-27,JL-15130,410,1,3.984,1.3944,0.2,2016,4,False
CA-2016-140746,2016-01-15,2016-01-15,RC-19825,322,1,181.797,-15.5826,0.3,2016,1,False
CA-2016-146836,2016-05-02,2016-05-02,CC-12475,1520,3,44.94,12.5832,0.0,2016,5,False
CA-2016-146836,2016-05-02,2016-05-02,CC-12475,1283,3,45.576,15.9516,0.2,2016,5,False
US-2016-127971,2016-11-20,2016-11-27,DW-13195,772,5,318.43,-77.333,0.3,2016,11,False
US-2016-127971,2016-11-20,2016-11-27,DW-13195,1395,7,122.92,46.095,0.2,2016,11,False
US-2016-127971,2016-11-20,2016-11-27,DW-13195,591,3,7.068,-2.8272,0.6,2016,11,False
US-2016-140809,2016-02-01,2016-02-03,CK-12760,1659,5,56.45,14.677,0.0,2016,2,False
CA-2017-114524,2017-03-31,2017-04-05,EG-13900,1451,13,13.468,-22.8956,0.8,2017,3,False
CA-2017-113355,2017-12-01,2017-12-05,SJ-20215,438,5,219.8,24.7275,0.2,2017,12,False
CA-2017-113355,2017-12-01,2017-12-05,SJ-20215,497,3,317.058,-18.1176,0.3,2017,12,False
US-2017-140907,2017-12-10,2017-12-12,BP-11185,996,3,49.08,4.908,0.0,2017,12,False
US-2017-140907,2017-12-10,2017-12-12,BP-11185,634,5,324.9,38.988,0.0,2017,12,False
US-2017-140907,2017-12-10,2017-12-12,BP-11185,453,3,18.24,5.2896,0.0,2017,12,False
CA-2016-159730,2016-09-17,2016-09-21,SJ-20125,798,2,113.888,9.9652,0.2,2016,9,False
CA-2016-159730,2016-09-17,2016-09-21,SJ-20125,446,2,105.584,7.9188,0.2,2016,9,False
CA-2016-157868,2016-12-23,2016-12-29,MC-17590,56,7,24.85,11.6795,0.0,2016,12,False
CA-2017-119389,2017-04-17,2017-04-19,BG-11740,563,3,60.312,5.2773,0.2,2017,4,False
CA-2017-110373,2017-10-27,2017-10-30,MA-17560,1296,3,7.056,2.205,0.2,2017,10,False
CA-2017-110373,2017-10-27,2017-10-30,MA-17560,1480,2,27.184,2.0388,0.2,2017,10,False
CA-2016-155474,2016-07-08,2016-07-14,CC-12220,1011,1,107.984,9.4486,0.2,2016,7,False
CA-2016-155474,2016-07-08,2016-07-14,CC-12220,663,3,19.296,6.03,0.2,2016,7,False
CA-2015-155453,2015-08-09,2015-08-14,RA-19885,242,2,4.608,1.6704,0.2,2015,8,False
US-2016-161844,2016-12-09,2016-12-14,DK-12835,835,3,79.974,-29.3238,0.4,2016,12,False
US-2016-161844,2016-12-09,2016-12-14,DK-12835,74,2,2.946,-2.0622,0.7,2016,12,False
US-2016-162103,2016-11-13,2016-11-17,LB-16795,1837,2,3.136,-4.704,0.8,2016,11,False
CA-2014-151554,2014-11-14,2014-11-15,CM-11815,1818,4,20.736,7.2576,0.2,2014,11,False
CA-2014-140662,2014-11-17,2014-11-19,TS-21205,420,2,99.98,7.9984,0.0,2014,11,False
CA-2014-140662,2014-11-17,2014-11-19,TS-21205,1729,7,733.95,352.296,0.0,2014,11,True
CA-2014-140662,2014-11-17,2014-11-19,TS-21205,34,3,241.44,72.432,0.0,2014,11,False
CA-2016-122518,2016-03-04,2016-03-08,RF-19345,228,4,10.08,3.528,0.2,2016,3,False
US-2014-126571,2014-10-11,2014-10-15,JF-15565,643,2,281.904,10.5714,0.2,2014,10,False
US-2014-126571,2014-10-11,2014-10-15,JF-15565,128,3,201.432,67.9833,0.2,2014,10,False
CA-2014-143840,2014-05-22,2014-05-29,EH-14185,1170,2,135.98,33.995,0.0,2014,5,False
CA-2014-143840,2014-05-22,2014-05-29,EH-14185,1272,1,44.95,12.586,0.0,2014,5,False
CA-2014-115980,2014-07-15,2014-07-19,VW-21775,1054,3,2.97,1.3068,0.0,2014,7,False
CA-2014-115980,2014-07-15,2014-07-19,VW-21775,122,3,6.54,2.6814,0.0,2014,7,False
CA-2015-155145,2015-12-27,2015-12-29,KN-16450,1054,8,7.92,3.4848,0.0,2015,12,False
CA-2015-146038,2015-02-09,2015-02-16,SJ-20215,746,5,203.92,22.941,0.2,2015,2,False
CA-2017-133865,2017-05-08,2017-05-12,PS-19045,398,6,3359.952,1049.985,0.2,2017,5,True
CA-2017-116358,2017-11-02,2017-11-06,KM-16225,1499,3,18.24,9.12,0.0,2017,11,False
CA-2017-116358,2017-11-02,2017-11-06,KM-16225,331,6,27.78,9.1674,0.0,2017,11,False
CA-2014-102988,2014-04-05,2014-04-09,GM-14695,474,7,22.96,7.5768,0.0,2014,4,False
CA-2014-102988,2014-04-05,2014-04-09,GM-14695,42,1,28.99,8.4071,0.0,2014,4,False
CA-2014-102988,2014-04-05,2014-04-09,GM-14695,1746,2,12.96,6.3504,0.0,2014,4,False
CA-2014-102988,2014-04-05,2014-04-09,GM-14695,1128,7,22.96,6.6584,0.0,2014,4,False
CA-2014-102988,2014-04-05,2014-04-09,GM-14695,1043,5,4164.05,83.281,0.0,2014,4,True
US-2014-117170,2014-09-17,2014-09-24,KT-16465,1012,2,47.984,13.1956,0.2,2014,9,False
US-2014-117170,2014-09-17,2014-09-24,KT-16465,1710,1,4.624,1.6762,0.2,2014,9,False
CA-2014-159478,2014-09-30,2014-10-06,MH-17785,1046,3,15.24,5.1816,0.0,2014,9,False
CA-2014-103702,2014-09-12,2014-09-17,AF-10885,1301,7,63.924,-46.8776,0.7,2014,9,False
CA-2017-150525,2017-02-20,2017-02-25,JP-16135,1161,2,6.56,1.9024,0.0,2017,2,False
CA-2017-150525,2017-02-20,2017-02-25,JP-16135,525,3,13.11,3.4086,0.0,2017,2,False
CA-2015-157770,2015-12-13,2015-12-15,RD-19585,1279,3,494.376,49.4376,0.2,2015,12,False
CA-2015-157770,2015-12-13,2015-12-15,RD-19585,146,5,29.2,9.855,0.2,2015,12,False
CA-2015-157770,2015-12-13,2015-12-15,RD-19585,1007,5,248.85,27.3735,0.0,2015,12,False
CA-2015-157770,2015-12-13,2015-12-15,RD-19585,1077,1,36.24,15.2208,0.0,2015,12,False
CA-2016-167290,2016-10-30,2016-11-04,JF-15295,1118,2,11.68,3.504,0.0,2016,10,False
CA-2014-106264,2014-12-26,2014-12-30,CK-12595,96,3,11.91,0.1191,0.0,2014,12,False
CA-2014-106264,2014-12-26,2014-12-30,CK-12595,586,2,3.48,1.1136,0.0,2014,12,False
CA-2014-138023,2014-08-15,2014-08-18,KH-16510,687,8,30.96,-52.632,0.8,2014,8,False
CA-2017-113418,2017-10-01,2017-10-03,CM-12655,652,11,1704.89,767.2005,0.0,2017,10,True
US-2015-110569,2015-05-23,2015-05-30,EB-13870,407,7,19.194,-12.796,0.7,2015,5,False
US-2015-110569,2015-05-23,2015-05-30,EB-13870,662,4,121.792,13.7016,0.2,2015,5,False
CA-2017-136308,2017-11-16,2017-11-16,MW-18235,282,3,1919.976,215.9973,0.2,2017,11,True
US-2014-159926,2014-11-18,2014-11-22,CS-11950,648,1,50.997,-40.7976,0.7,2014,11,False
US-2014-159926,2014-11-18,2014-11-22,CS-11950,1381,1,76.792,-16.3183,0.2,2014,11,False
US-2014-159926,2014-11-18,2014-11-22,CS-11950,1098,6,539.964,-107.9928,0.4,2014,11,True
US-2014-159926,2014-11-18,2014-11-22,CS-11950,563,3,60.312,5.2773,0.2,2014,11,False
US-2014-159926,2014-11-18,2014-11-22,CS-11950,1250,3,1.944,-1.4256,0.7,2014,11,False
CA-2014-104738,2014-12-30,2015-01-01,SP-20620,628,3,12.984,4.7067,0.2,2014,12,False
CA-2014-104738,2014-12-30,2015-01-01,SP-20620,1268,2,217.584,19.0386,0.2,2014,12,False
CA-2014-104738,2014-12-30,2015-01-01,SP-20620,37,3,328.776,28.7679,0.2,2014,12,False
CA-2014-104738,2014-12-30,2015-01-01,SP-20620,64,3,2.286,-3.6576,0.8,2014,12,False
CA-2014-104738,2014-12-30,2015-01-01,SP-20620,993,2,47.984,14.3952,0.2,2014,12,False
CA-2015-144386,2015-11-05,2015-11-11,GT-14635,1622,6,25.344,8.8704,0.2,2015,11,False
CA-2016-111416,2016-09-17,2016-09-22,LW-17215,233,5,232.4,78.435,0.2,2016,9,False
CA-2016-162747,2016-03-20,2016-03-25,AH-10030,577,7,86.45,38.038,0.0,2016,3,False
US-2014-133130,2014-09-27,2014-10-01,TH-21100,497,5,603.92,45.294,0.2,2014,9,True
US-2014-133130,2014-09-27,2014-10-01,TH-21100,1704,2,81.98,40.1702,0.0,2014,9,False
CA-2017-169978,2017-12-24,2017-12-28,HG-15025,497,2,271.764,48.3136,0.1,2017,12,False
CA-2017-169978,2017-12-24,2017-12-28,HG-15025,500,3,14.376,4.8519,0.2,2017,12,False
CA-2017-161739,2017-11-10,2017-11-15,EB-13750,1534,5,341.96,-427.45,0.6,2017,11,False
CA-2015-165057,2015-09-11,2015-09-15,SC-20725,357,9,181.35,48.9645,0.0,2015,9,False
CA-2015-165057,2015-09-11,2015-09-15,SC-20725,180,3,8.64,4.2336,0.0,2015,9,False
CA-2014-134551,2014-12-20,2014-12-25,TS-21505,864,7,43.512,3.8073,0.2,2014,12,False
CA-2014-134551,2014-12-20,2014-12-25,TS-21505,1363,3,662.88,74.574,0.2,2014,12,True
CA-2014-134551,2014-12-20,2014-12-25,TS-21505,1613,5,25.92,9.072,0.2,2014,12,False
CA-2015-120810,2015-07-23,2015-07-27,TH-21550,302,3,68.94,20.682,0.0,2015,7,False
CA-2015-120810,2015-07-23,2015-07-27,TH-21550,879,3,128.82,50.2398,0.0,2015,7,False
CA-2014-165309,2014-11-11,2014-11-15,KD-16270,686,5,896.99,-1480.0335,0.8,2014,11,True
CA-2014-165309,2014-11-11,2014-11-15,KD-16270,1590,1,1.234,-1.9744,0.8,2014,11,False
CA-2014-165309,2014-11-11,2014-11-15,KD-16270,358,3,67.56,6.756,0.2,2014,11,False
CA-2014-165309,2014-11-11,2014-11-15,KD-16270,1647,5,21.72,7.8735,0.2,2014,11,False
CA-2014-165309,2014-11-11,2014-11-15,KD-16270,1676,8,262.336,95.0968,0.2,2014,11,False
CA-2014-165309,2014-11-11,2014-11-15,KD-16270,732,2,148.48,16.704,0.2,2014,11,False
CA-2014-165309,2014-11-11,2014-11-15,KD-16270,447,3,241.176,15.0735,0.2,2014,11,False
CA-2017-122595,2017-12-14,2017-12-20,GM-14455,952,3,227.976,28.497,0.2,2017,12,False
CA-2017-122595,2017-12-14,2017-12-20,GM-14455,1395,3,52.68,19.755,0.2,2017,12,False
CA-2017-122595,2017-12-14,2017-12-20,GM-14455,1047,1,2.032,-1.3208,0.6,2017,12,False
US-2017-109253,2017-08-21,2017-08-22,PR-18880,1144,4,17.12,4.9648,0.0,2017,8,False
US-2017-109253,2017-08-21,2017-08-22,PR-18880,430,4,431.968,37.7972,0.2,2017,8,False
US-2017-109253,2017-08-21,2017-08-22,PR-18880,1539,4,129.92,10.3936,0.0,2017,8,False
US-2017-109253,2017-08-21,2017-08-22,PR-18880,427,3,568.728,28.4364,0.2,2017,8,True
US-2017-109253,2017-08-21,2017-08-22,PR-18880,61,9,117.144,42.4647,0.2,2017,8,False
US-2017-109253,2017-08-21,2017-08-22,PR-18880,640,3,203.52,54.9504,0.0,2017,8,False
US-2017-109253,2017-08-21,2017-08-22,PR-18880,232,5,51.75,24.84,0.0,2017,8,False
CA-2016-145982,2016-08-27,2016-09-01,TB-21055,1704,3,122.97,60.2553,0.0,2016,8,False
CA-2016-145982,2016-08-27,2016-09-01,TB-21055,1371,1,244.615,20.967,0.3,2016,8,False
CA-2016-145982,2016-08-27,2016-09-01,TB-21055,1313,3,59.97,28.7856,0.0,2016,8,False
CA-2016-145982,2016-08-27,2016-09-01,TB-21055,1471,9,81.54,36.693,0.0,2016,8,False
CA-2016-145982,2016-08-27,2016-09-01,TB-21055,1499,4,11.68,5.256,0.0,2016,8,False
CA-2016-145982,2016-08-27,2016-09-01,TB-21055,1626,5,29.0,13.92,0.0,2016,8,False
CA-2015-112014,2015-08-13,2015-08-20,ON-18715,29,5,50.8,13.208,0.0,2015,8,False
CA-2017-154732,2017-11-05,2017-11-07,AH-10195,265,5,16.03,-25.648,0.8,2017,11,False
US-2016-157308,2016-08-17,2016-08-21,NM-18520,74,4,15.712,5.6956,0.2,2016,8,False
CA-2016-147536,2016-12-26,2016-12-31,AR-10510,303,3,89.97,18.8937,0.0,2016,12,False
US-2014-134733,2014-09-23,2014-09-28,BM-11650,1361,3,435.999,20.5176,0.15,2014,9,False
US-2014-134733,2014-09-23,2014-09-28,BM-11650,1849,2,83.984,31.494,0.2,2014,9,False
US-2014-150434,2014-07-19,2014-07-24,CA-12310,1290,2,359.98,93.5948,0.0,2014,7,False
US-2014-150434,2014-07-19,2014-07-24,CA-12310,288,1,70.56,-4.032,0.3,2014,7,False
US-2014-150434,2014-07-19,2014-07-24,CA-12310,177,2,20.88,9.6048,0.0,2014,7,False
US-2014-150434,2014-07-19,2014-07-24,CA-12310,64,1,3.81,1.8288,0.0,2014,7,False
CA-2017-100335,2017-09-07,2017-09-13,NF-18595,537,9,73.008,26.4654,0.2,2017,9,False
CA-2016-139234,2016-05-06,2016-05-10,AF-10870,925,2,3.208,-5.2932,0.8,2016,5,False
CA-2016-139234,2016-05-06,2016-05-10,AF-10870,996,2,26.176,-3.272,0.2,2016,5,False
US-2015-142020,2015-06-04,2015-06-08,TC-21535,1653,4,30.44,14.3068,0.0,2015,6,False
US-2015-142020,2015-06-04,2015-06-08,TC-21535,615,3,35.28,11.9952,0.0,2015,6,False
CA-2015-139962,2015-12-13,2015-12-20,Dp-13240,1819,3,19.44,9.3312,0.0,2015,12,False
CA-2015-139962,2015-12-13,2015-12-20,Dp-13240,673,2,37.88,18.94,0.0,2015,12,False
CA-2016-130050,2016-07-16,2016-07-18,MC-17425,1497,3,9.552,-3.8208,0.6,2016,7,False
CA-2014-115161,2014-01-31,2014-02-02,LC-17050,1425,2,290.666,3.4196,0.15,2014,1,False
CA-2014-165379,2014-07-09,2014-07-15,BM-11650,607,2,10.368,3.6288,0.2,2014,7,False
CA-2014-165379,2014-07-09,2014-07-15,BM-11650,1678,3,14.352,4.485,0.2,2014,7,False
CA-2015-115511,2015-11-21,2015-11-25,NW-18400,846,2,141.96,41.1684,0.0,2015,11,False
CA-2015-115511,2015-11-21,2015-11-25,NW-18400,1485,4,66.048,23.1168,0.2,2015,11,False
CA-2016-134887,2016-03-25,2016-03-25,TB-21280,1025,5,1287.45,244.6155,0.0,2016,3,True
CA-2017-123778,2017-09-23,2017-09-30,BS-11755,68,6,25.824,9.0384,0.2,2017,9,False
CA-2017-123778,2017-09-23,2017-09-30,BS-11755,34,2,160.96,48.288,0.0,2017,9,False
CA-2015-161718,2015-12-04,2015-12-10,SO-20335,490,3,28.44,11.376,0.0,2015,12,False
CA-2015-161718,2015-12-04,2015-12-10,SO-20335,1207,5,364.41,8.098,0.1,2015,12,False
CA-2015-161718,2015-12-04,2015-12-10,SO-20335,1483,4,39.96,10.3896,0.0,2015,12,False
CA-2015-161718,2015-12-04,2015-12-10,SO-20335,759,2,361.764,68.3332,0.1,2015,12,False
CA-2016-100671,2016-11-01,2016-11-04,CS-12490,1542,9,111.672,6.9795,0.2,2016,11,False
CA-2017-142867,2017-03-17,2017-03-21,PO-19180,696,6,13.776,-22.0416,0.8,2017,3,False
CA-2017-142867,2017-03-17,2017-03-21,PO-19180,1685,3,10.272,3.21,0.2,2017,3,False
CA-2017-103156,2017-11-23,2017-11-24,TD-20995,1198,9,24.048,7.2144,0.2,2017,11,False
US-2017-162208,2017-08-27,2017-08-30,SP-20620,471,1,2.896,0.9774,0.2,2017,8,False
CA-2015-130659,2015-12-04,2015-12-09,MS-17365,1609,3,17.94,8.7906,0.0,2015,12,False
CA-2015-130659,2015-12-04,2015-12-09,MS-17365,737,7,384.174,29.8802,0.1,2015,12,False
CA-2015-130659,2015-12-04,2015-12-09,MS-17365,1645,5,1799.75,539.925,0.0,2015,12,True
CA-2017-148404,2017-10-07,2017-10-11,Dp-13240,112,4,580.672,65.3256,0.2,2017,10,True
CA-2017-148404,2017-10-07,2017-10-11,Dp-13240,1499,3,18.936,5.9175,0.2,2017,10,False
CA-2017-148404,2017-10-07,2017-10-11,Dp-13240,1570,2,222.384,16.6788,0.2,2017,10,False
CA-2017-148404,2017-10-07,2017-10-11,Dp-13240,1254,6,50.454,-33.636,0.7,2017,10,False
CA-2017-148404,2017-10-07,2017-10-11,Dp-13240,942,3,154.764,-36.1116,0.4,2017,10,False
CA-2017-101077,2017-03-25,2017-03-30,DB-13660,1742,2,6.848,2.14,0.2,2017,3,False
CA-2014-166471,2014-08-09,2014-08-13,MG-17650,445,4,1091.168,68.198,0.2,2014,8,True
CA-2014-166471,2014-08-09,2014-08-13,MG-17650,938,2,219.168,-43.8336,0.2,2014,8,False
CA-2014-105340,2014-11-22,2014-11-25,EH-14185,1634,1,6.928,-11.0848,0.8,2014,11,False
US-2017-131583,2017-06-10,2017-06-10,CL-11890,1325,6,40.032,15.012,0.2,2017,6,False
US-2017-148362,2017-07-01,2017-07-08,KF-16285,419,4,443.92,13.3176,0.0,2017,7,False
US-2017-148362,2017-07-01,2017-07-08,KF-16285,648,1,169.99,78.1954,0.0,2017,7,False
US-2017-148362,2017-07-01,2017-07-08,KF-16285,1823,4,25.92,12.4416,0.0,2017,7,False
CA-2014-102274,2014-11-21,2014-11-26,DH-13075,994,1,36.99,9.9873,0.0,2014,11,False
CA-2014-102274,2014-11-21,2014-11-26,DH-13075,1104,6,629.1,301.968,0.0,2014,11,True
CA-2014-102274,2014-11-21,2014-11-26,DH-13075,1475,3,193.95,9.6975,0.0,2014,11,False
CA-2014-102274,2014-11-21,2014-11-26,DH-13075,1129,3,5.46,1.4742,0.0,2014,11,False
CA-2015-129700,2015-05-04,2015-05-05,LA-16780,1497,7,22.288,-8.9152,0.6,2015,5,False
CA-2017-168739,2017-05-29,2017-06-05,HZ-14950,562,4,65.424,-52.3392,0.6,2017,5,False
CA-2015-152527,2015-10-17,2015-10-17,CM-12190,556,2,77.88,3.894,0.0,2015,10,False
US-2014-150119,2014-04-23,2014-04-27,LB-16795,759,2,281.372,-12.0588,0.3,2014,4,False
US-2014-150119,2014-04-23,2014-04-27,LB-16795,759,2,281.372,-12.0588,0.3,2014,4,False
US-2014-150119,2014-04-23,2014-04-27,LB-16795,1842,8,7.488,-5.2416,0.7,2014,4,False
US-2014-150119,2014-04-23,2014-04-27,LB-16795,676,4,22.336,7.8176,0.2,2014,4,False
US-2017-150847,2017-04-30,2017-05-06,JF-15490,1819,2,10.368,3.6288,0.2,2017,4,False
CA-2016-100244,2016-09-20,2016-09-24,GM-14695,1515,9,65.79,30.2634,0.0,2016,9,False
CA-2016-100244,2016-09-20,2016-09-24,GM-14695,648,2,271.984,88.3948,0.2,2016,9,False
CA-2016-100244,2016-09-20,2016-09-24,GM-14695,1152,4,11.76,3.1752,0.0,2016,9,False
CA-2016-100244,2016-09-20,2016-09-24,GM-14695,1732,2,77.52,37.9848,0.0,2016,9,False
CA-2016-100244,2016-09-20,2016-09-24,GM-14695,899,2,48.64,15.808,0.2,2016,9,False
CA-2016-116540,2016-09-02,2016-09-02,SS-20590,456,1,1.81,0.6516,0.0,2016,9,False
CA-2016-116540,2016-09-02,2016-09-02,SS-20590,32,2,8.26,3.8822,0.0,2016,9,False
CA-2015-151841,2015-04-27,2015-05-02,TC-21475,294,5,43.56,3.267,0.2,2015,4,False
CA-2015-151841,2015-04-27,2015-05-02,TC-21475,102,2,5.84,0.73,0.2,2015,4,False
CA-2015-150791,2015-09-06,2015-09-13,CC-12430,736,2,271.764,60.392,0.1,2015,9,False
CA-2016-134803,2016-05-28,2016-06-03,CL-12565,949,2,262.24,78.672,0.0,2016,5,False
CA-2016-134803,2016-05-28,2016-06-03,CL-12565,1783,8,182.72,84.0512,0.0,2016,5,False
CA-2016-134803,2016-05-28,2016-06-03,CL-12565,916,7,131.6,7.896,0.0,2016,5,False
CA-2016-134803,2016-05-28,2016-06-03,CL-12565,1633,4,22.72,7.384,0.2,2016,5,False
CA-2016-134803,2016-05-28,2016-06-03,CL-12565,1216,2,558.4,41.88,0.2,2016,5,True
CA-2015-153381,2015-09-24,2015-09-28,DE-13255,73,4,15.24,6.858,0.0,2015,9,False
CA-2015-153381,2015-09-24,2015-09-28,DE-13255,851,10,1408.1,394.268,0.0,2015,9,True
US-2017-111024,2017-07-03,2017-07-06,SZ-20035,1081,4,32.896,11.1024,0.2,2017,7,False
US-2017-111024,2017-07-03,2017-07-06,SZ-20035,325,2,215.148,-103.9882,0.4,2017,7,False
US-2017-111024,2017-07-03,2017-07-06,SZ-20035,1646,6,30.96,11.223,0.2,2017,7,False
CA-2017-148264,2017-12-08,2017-12-09,LF-17185,130,3,29.79,8.6391,0.0,2017,12,False
CA-2017-148264,2017-12-08,2017-12-09,LF-17185,1545,2,128.9,15.468,0.0,2017,12,False
CA-2017-148264,2017-12-08,2017-12-09,LF-17185,1757,9,60.12,28.8576,0.0,2017,12,False
CA-2017-131212,2017-12-05,2017-12-09,AB-10165,721,3,24.816,8.3754,0.2,2017,12,False
CA-2017-131212,2017-12-05,2017-12-09,AB-10165,1842,6,14.976,5.4288,0.2,2017,12,False
US-2015-100531,2015-09-27,2015-09-29,NM-18520,1602,2,15.08,-22.62,0.8,2015,9,False
US-2015-100531,2015-09-27,2015-09-29,NM-18520,487,3,24.288,-12.7512,0.6,2015,9,False
CA-2017-152583,2017-10-30,2017-10-30,RA-19945,487,2,16.192,-8.5008,0.6,2017,10,False
CA-2017-152583,2017-10-30,2017-10-30,RA-19945,325,2,251.006,-68.1302,0.3,2017,10,False
CA-2017-152583,2017-10-30,2017-10-30,RA-19945,1659,6,54.192,4.0644,0.2,2017,10,False
CA-2015-144099,2015-11-29,2015-11-30,PO-19195,66,1,4.304,1.5602,0.2,2015,11,False
CA-2014-158337,2014-03-11,2014-03-14,KA-16525,1468,14,108.92,49.014,0.0,2014,3,False
CA-2017-168858,2017-11-19,2017-11-23,JD-16150,1493,3,16.74,8.37,0.0,2017,11,False
CA-2017-168858,2017-11-19,2017-11-23,JD-16150,869,7,2504.74,626.185,0.0,2017,11,True
CA-2016-116344,2016-07-29,2016-08-02,JO-15145,776,2,84.784,-16.9568,0.2,2016,7,False
CA-2015-131779,2015-06-12,2015-06-17,LE-16810,1256,5,29.9,5.083,0.0,2015,6,False
CA-2016-158869,2016-08-06,2016-08-07,AH-10690,537,2,70.88,33.3136,0.0,2016,8,False
CA-2017-102554,2017-06-11,2017-06-15,KN-16705,1193,2,3.76,1.0904,0.0,2017,6,False
CA-2016-162614,2016-10-07,2016-10-13,TB-21250,707,2,27.264,8.8608,0.2,2016,10,False
CA-2014-168592,2014-09-08,2014-09-14,DP-13390,821,5,56.65,24.3595,0.0,2014,9,False
CA-2014-168592,2014-09-08,2014-09-14,DP-13390,1264,1,14.97,4.1916,0.0,2014,9,False
CA-2014-168592,2014-09-08,2014-09-14,DP-13390,908,2,4.02,1.9698,0.0,2014,9,False
CA-2014-157609,2014-03-16,2014-03-21,KN-16705,1291,2,471.92,29.495,0.2,2014,3,False
CA-2015-153325,2015-03-01,2015-03-02,ST-20530,1836,4,58.72,27.0112,0.0,2015,3,False
CA-2015-153626,2015-07-09,2015-07-14,EB-13870,333,3,5.16,0.8385,0.2,2015,7,False
CA-2016-166485,2016-02-20,2016-02-27,AH-10210,1479,2,16.496,5.5674,0.2,2016,2,False
CA-2017-136448,2017-09-16,2017-09-18,AS-10090,1012,3,71.976,19.7934,0.2,2017,9,False
CA-2017-136448,2017-09-16,2017-09-18,AS-10090,567,3,22.512,2.2512,0.2,2017,9,False
CA-2017-136448,2017-09-16,2017-09-18,AS-10090,329,2,3.444,-2.7552,0.7,2017,9,False
CA-2017-136448,2017-09-16,2017-09-18,AS-10090,686,2,538.194,-412.6154,0.7,2017,9,True
CA-2017-136448,2017-09-16,2017-09-18,AS-10090,993,2,47.984,14.3952,0.2,2017,9,False
CA-2017-114258,2017-11-05,2017-11-10,EM-13825,1168,4,492.768,55.4364,0.2,2017,11,False
CA-2015-152611,2015-02-20,2015-02-23,KA-16525,1406,7,286.79,74.5654,0.0,2015,2,False
CA-2016-165470,2016-11-25,2016-11-30,HJ-14875,1530,1,5.08,1.651,0.2,2016,11,False
CA-2017-128699,2017-12-03,2017-12-05,ND-18370,954,1,47.992,7.1988,0.2,2017,12,False
US-2015-147242,2015-09-10,2015-09-14,EH-13765,614,2,61.96,16.1096,0.0,2015,9,False
US-2015-147242,2015-09-10,2015-09-14,EH-13765,1180,2,361.96,83.2508,0.0,2015,9,False
US-2015-147242,2015-09-10,2015-09-14,EH-13765,1750,9,278.82,125.469,0.0,2015,9,False
CA-2016-146143,2016-12-14,2016-12-19,MC-17845,620,6,133.38,58.6872,0.0,2016,12,False
CA-2015-100888,2015-04-06,2015-04-10,MH-17455,1666,3,47.952,16.1838,0.2,2015,4,False
US-2016-150035,2016-12-01,2016-12-05,CL-11890,1610,2,16.74,4.3524,0.0,2016,12,False
CA-2017-122644,2017-11-12,2017-11-17,SF-20965,1516,2,10.848,3.5256,0.2,2017,11,False
CA-2017-122644,2017-11-12,2017-11-17,SF-20965,1597,2,18.544,3.0134,0.2,2017,11,False
CA-2017-111815,2017-03-03,2017-03-10,EP-13915,750,1,180.98,47.0548,0.0,2017,3,False
CA-2017-111815,2017-03-03,2017-03-10,EP-13915,1017,2,99.98,42.9914,0.0,2017,3,False
CA-2016-144911,2016-11-27,2016-11-30,RW-19630,1599,5,34.95,15.378,0.0,2016,11,False
CA-2016-144911,2016-11-27,2016-11-30,RW-19630,899,5,152.0,69.92,0.0,2016,11,False
CA-2014-143385,2014-08-31,2014-09-05,SJ-20500,958,9,92.52,18.504,0.0,2014,8,False
CA-2016-131289,2016-12-08,2016-12-14,SP-20620,1150,2,8.56,2.4824,0.0,2016,12,False
CA-2016-131289,2016-12-08,2016-12-14,SP-20620,1799,7,45.36,21.7728,0.0,2016,12,False
CA-2016-131289,2016-12-08,2016-12-14,SP-20620,836,6,1421.664,-195.4788,0.2,2016,12,True
CA-2014-124023,2014-04-07,2014-04-10,PJ-19015,1487,2,8.96,2.7776,0.0,2014,4,False
CA-2014-124688,2014-08-27,2014-08-29,CC-12610,724,5,579.95,168.1855,0.0,2014,8,True
CA-2014-124688,2014-08-27,2014-08-29,CC-12610,1049,4,29.12,12.5216,0.0,2014,8,False
CA-2014-124688,2014-08-27,2014-08-29,CC-12610,367,3,1202.94,300.735,0.0,2014,8,True
CA-2016-151169,2016-10-21,2016-10-26,MY-18295,266,4,7.92,3.564,0.0,2016,10,False
US-2016-134761,2016-11-30,2016-11-30,DB-13210,39,1,36.192,2.7144,0.2,2016,11,False
CA-2017-120705,2017-09-05,2017-09-11,MG-17875,775,2,147.184,-29.4368,0.2,2017,9,False
CA-2015-157322,2015-07-02,2015-07-06,RH-19600,831,2,408.422,-5.8346,0.3,2015,7,False
CA-2015-157322,2015-07-02,2015-07-06,RH-19600,772,6,382.116,-92.7996,0.3,2015,7,False
CA-2015-157322,2015-07-02,2015-07-06,RH-19600,125,5,68.6,6.0025,0.2,2015,7,False
CA-2015-157322,2015-07-02,2015-07-06,RH-19600,112,3,435.504,48.9942,0.2,2015,7,False
CA-2015-157322,2015-07-02,2015-07-06,RH-19600,106,2,11.168,3.7692,0.2,2015,7,False
CA-2017-142034,2017-09-24,2017-09-28,KB-16240,957,4,72.0,12.96,0.0,2017,9,False
CA-2017-142034,2017-09-24,2017-09-28,KB-16240,909,5,655.9,275.478,0.0,2017,9,True
CA-2017-142034,2017-09-24,2017-09-28,KB-16240,736,4,603.92,181.176,0.0,2017,9,True
CA-2016-107328,2016-08-08,2016-08-15,CA-12055,423,2,513.024,12.8256,0.2,2016,8,True
CA-2016-107328,2016-08-08,2016-08-15,CA-12055,945,6,487.92,136.6176,0.0,2016,8,False
CA-2016-107328,2016-08-08,2016-08-15,CA-12055,64,5,15.24,5.334,0.2,2016,8,False
CA-2016-108616,2016-09-29,2016-10-03,JK-15730,1002,3,209.97,71.3898,0.0,2016,9,False
CA-2016-108616,2016-09-29,2016-10-03,JK-15730,1302,3,62.94,30.2112,0.0,2016,9,False
CA-2016-108616,2016-09-29,2016-10-03,JK-15730,1407,9,25.92,7.776,0.0,2016,9,False
CA-2017-125115,2017-04-10,2017-04-10,RD-19930,1677,2,10.368,3.6288,0.2,2017,4,False
CA-2017-125115,2017-04-10,2017-04-10,RD-19930,1024,3,95.736,20.3439,0.2,2017,4,False
CA-2016-150945,2016-12-18,2016-12-20,JK-16120,1551,4,900.08,117.0104,0.0,2016,12,True
CA-2014-166863,2014-06-20,2014-06-24,SC-20020,793,2,201.584,20.1584,0.2,2014,6,False
CA-2014-166863,2014-06-20,2014-06-24,SC-20020,1512,4,3.392,-5.088,0.8,2014,6,False
CA-2014-166863,2014-06-20,2014-06-24,SC-20020,844,4,193.0656,-19.8744,0.32,2014,6,False
CA-2014-166863,2014-06-20,2014-06-24,SC-20020,1792,3,15.552,5.4432,0.2,2014,6,False
CA-2014-166863,2014-06-20,2014-06-24,SC-20020,159,2,11.648,4.0768,0.2,2014,6,False
CA-2014-166863,2014-06-20,2014-06-24,SC-20020,1216,2,418.8,-97.72,0.4,2014,6,False
CA-2014-166863,2014-06-20,2014-06-24,SC-20020,1382,7,509.488,-127.372,0.2,2014,6,True
CA-2017-140326,2017-09-04,2017-09-06,HW-14935,380,9,825.174,-117.882,0.3,2017,9,True
CA-2017-140326,2017-09-04,2017-09-06,HW-14935,929,3,17.76,5.55,0.2,2017,9,False
CA-2017-140326,2017-09-04,2017-09-06,HW-14935,1407,3,6.912,0.864,0.2,2017,9,False
CA-2016-168536,2016-12-20,2016-12-24,SC-20800,1404,3,66.3,8.619,0.0,2016,12,False
US-2016-113649,2016-08-09,2016-08-12,HA-14920,1781,9,30.816,9.63,0.2,2016,8,False
US-2016-113649,2016-08-09,2016-08-12,HA-14920,154,2,44.784,4.4784,0.2,2016,8,False
US-2016-113649,2016-08-09,2016-08-12,HA-14920,950,4,569.536,64.0728,0.2,2016,8,True
CA-2015-124975,2015-06-22,2015-06-25,MG-17875,855,7,796.425,-525.6405,0.5,2015,6,True
CA-2015-168767,2015-04-10,2015-04-15,DM-12955,925,2,12.832,4.3308,0.2,2015,4,False
CA-2016-114482,2016-11-21,2016-11-25,DM-13345,1778,7,40.46,19.8254,0.0,2016,11,False
CA-2016-114482,2016-11-21,2016-11-25,DM-13345,1011,3,404.94,109.3338,0.0,2016,11,False
CA-2016-137673,2016-09-05,2016-09-10,ML-17395,791,8,116.0,29.0,0.0,2016,9,False
CA-2016-132731,2016-11-24,2016-11-28,GA-14515,38,6,657.552,49.3164,0.2,2016,11,True
CA-2017-148922,2017-12-10,2017-12-15,SU-20665,1329,3,599.97,257.9871,0.0,2017,12,True
CA-2017-148922,2017-12-10,2017-12-15,SU-20665,478,3,38.97,0.7794,0.0,2017,12,False
CA-2017-148922,2017-12-10,2017-12-15,SU-20665,258,8,45.84,22.0032,0.0,2017,12,False
CA-2016-130680,2016-06-24,2016-06-29,BD-11320,1038,4,38.24,-9.56,0.2,2016,6,False
CA-2015-141145,2015-09-17,2015-09-23,DB-13405,1401,3,87.168,10.896,0.2,2015,9,False
US-2016-152835,2016-05-19,2016-05-23,RP-19855,1150,5,21.4,6.206,0.0,2016,5,False
CA-2016-155565,2016-05-28,2016-05-28,EH-13765,670,5,54.9,15.372,0.0,2016,5,False
CA-2014-110849,2014-04-18,2014-04-23,JL-15835,164,4,287.968,97.1892,0.2,2014,4,False
CA-2014-110849,2014-04-18,2014-04-23,JL-15835,1161,4,13.12,3.8048,0.0,2014,4,False
CA-2014-110849,2014-04-18,2014-04-23,JL-15835,333,5,10.75,3.5475,0.0,2014,4,False
CA-2014-110849,2014-04-18,2014-04-23,JL-15835,123,2,11.62,3.6022,0.0,2014,4,False
CA-2016-145842,2016-06-17,2016-06-20,FM-14380,1354,3,40.74,0.4074,0.0,2016,6,False
CA-2014-158771,2014-05-09,2014-05-09,SB-20290,660,3,83.25,14.985,0.0,2014,5,False
CA-2014-158771,2014-05-09,2014-05-09,SB-20290,228,3,9.45,4.536,0.0,2014,5,False
CA-2014-158771,2014-05-09,2014-05-09,SB-20290,215,5,20.65,9.499,0.0,2014,5,False
CA-2014-158771,2014-05-09,2014-05-09,SB-20290,1613,7,45.36,21.7728,0.0,2014,5,False
CA-2016-157511,2016-09-18,2016-09-20,SV-20365,581,3,5.352,1.6056,0.2,2016,9,False
CA-2016-157511,2016-09-18,2016-09-20,SV-20365,1450,2,99.372,-7.098,0.3,2016,9,False
CA-2016-157511,2016-09-18,2016-09-20,SV-20365,589,1,2.672,0.3674,0.2,2016,9,False
CA-2017-121216,2017-12-23,2017-12-25,MM-17920,1482,8,28.672,10.3936,0.2,2017,12,False
CA-2017-121216,2017-12-23,2017-12-25,MM-17920,51,8,29.312,-74.7456,0.8,2017,12,False
CA-2017-155292,2017-10-30,2017-11-01,RD-19810,574,7,105.98,4.2392,0.0,2017,10,False
CA-2017-155292,2017-10-30,2017-11-01,RD-19810,84,2,35.06,10.518,0.0,2017,10,False
CA-2017-155292,2017-10-30,2017-11-01,RD-19810,1082,1,33.94,9.1638,0.0,2017,10,False
CA-2017-155292,2017-10-30,2017-11-01,RD-19810,1454,8,30.0,14.4,0.0,2017,10,False
CA-2016-152555,2016-03-29,2016-04-02,ME-17320,464,3,45.528,15.9348,0.2,2016,3,False
CA-2016-152555,2016-03-29,2016-04-02,ME-17320,759,6,844.116,-36.1764,0.3,2016,3,True
CA-2016-152555,2016-03-29,2016-04-02,ME-17320,932,8,812.736,60.9552,0.2,2016,3,True
CA-2017-107832,2017-11-23,2017-11-26,FH-14275,711,1,7.476,-5.9808,0.7,2017,11,False
CA-2014-120838,2014-03-23,2014-03-26,PO-18865,543,2,330.4,85.904,0.0,2014,3,False
CA-2014-120838,2014-03-23,2014-03-26,PO-18865,1220,6,604.752,37.797,0.2,2014,3,True
CA-2017-118542,2017-12-01,2017-12-05,CC-12550,1689,7,45.36,21.7728,0.0,2017,12,False
CA-2017-118542,2017-12-01,2017-12-05,CC-12550,408,2,10.128,3.6714,0.2,2017,12,False
CA-2017-152737,2017-11-07,2017-11-12,TS-21505,268,4,21.792,7.6272,0.2,2017,11,False
CA-2017-152737,2017-11-07,2017-11-12,TS-21505,1267,4,439.8,145.134,0.0,2017,11,False
CA-2017-109757,2017-09-04,2017-09-09,MD-17350,495,4,8.256,0.6192,0.2,2017,9,False
CA-2017-109757,2017-09-04,2017-09-09,MD-17350,707,5,25.56,-20.448,0.7,2017,9,False
CA-2017-109757,2017-09-04,2017-09-09,MD-17350,1624,2,4.368,-3.0576,0.7,2017,9,False
CA-2017-109757,2017-09-04,2017-09-09,MD-17350,1529,4,11.52,3.744,0.2,2017,9,False
CA-2016-130029,2016-07-03,2016-07-06,GT-14755,1794,2,12.96,6.2208,0.0,2016,7,False
CA-2016-130029,2016-07-03,2016-07-06,GT-14755,370,2,3.96,0.0792,0.0,2016,7,False
CA-2017-103877,2017-09-07,2017-09-14,RD-19660,681,3,1577.94,757.4112,0.0,2017,9,True
CA-2016-137176,2016-09-09,2016-09-14,DB-12910,567,4,15.008,-12.0064,0.6,2016,9,False
CA-2017-168109,2017-07-03,2017-07-03,JK-15640,993,2,59.98,26.3912,0.0,2017,7,False
CA-2017-168109,2017-07-03,2017-07-03,JK-15640,1218,6,2395.2,209.58,0.2,2017,7,True
CA-2017-168109,2017-07-03,2017-07-03,JK-15640,1276,4,1687.8,742.632,0.0,2017,7,True
CA-2017-168109,2017-07-03,2017-07-03,JK-15640,1484,1,7.992,2.6973,0.2,2017,7,False
US-2017-126081,2017-06-29,2017-07-04,FC-14335,1814,1,5.184,1.8144,0.2,2017,6,False
CA-2017-117023,2017-08-07,2017-08-12,JW-15955,1319,2,11.68,5.4896,0.0,2017,8,False
CA-2017-117023,2017-08-07,2017-08-12,JW-15955,1500,10,104.8,26.2,0.0,2017,8,False
CA-2015-143532,2015-03-19,2015-03-24,DC-12850,110,3,14.496,4.8924,0.2,2015,3,False
CA-2016-103163,2016-06-07,2016-06-11,FM-14290,246,1,4.784,1.5548,0.2,2016,6,False
CA-2016-103163,2016-06-07,2016-06-11,FM-14290,1614,1,4.73,2.3177,0.0,2016,6,False
CA-2016-104157,2016-07-25,2016-07-29,MT-17815,129,1,7.89,0.3156,0.0,2016,7,False
CA-2016-104157,2016-07-25,2016-07-29,MT-17815,118,5,65.5,32.095,0.0,2016,7,False
CA-2016-104157,2016-07-25,2016-07-29,MT-17815,1200,8,2430.08,388.8128,0.0,2016,7,True
CA-2017-117807,2017-10-01,2017-10-07,DK-13090,1700,1,104.85,50.328,0.0,2017,10,False
CA-2015-121650,2015-12-10,2015-12-16,KD-16495,249,2,3.9,1.521,0.0,2015,12,False
CA-2015-121650,2015-12-10,2015-12-16,KD-16495,367,2,801.96,200.49,0.0,2015,12,True
CA-2015-121650,2015-12-10,2015-12-16,KD-16495,767,2,191.96,32.6332,0.0,2015,12,False
CA-2015-121650,2015-12-10,2015-12-16,KD-16495,1257,1,2.61,1.2006,0.0,2015,12,False
CA-2017-161823,2017-09-03,2017-09-08,AG-10300,1304,2,5.96,1.6688,0.0,2017,9,False
CA-2017-121839,2017-09-24,2017-09-28,MH-18115,155,3,1169.694,-253.4337,0.4,2017,9,True
CA-2017-158729,2017-12-19,2017-12-21,AC-10450,1043,2,1665.62,33.3124,0.0,2017,12,True
CA-2017-146535,2017-11-24,2017-11-30,FM-14290,236,1,2.88,1.4112,0.0,2017,11,False
CA-2017-146535,2017-11-24,2017-11-30,FM-14290,905,12,1443.96,375.4296,0.0,2017,11,True
CA-2014-154186,2014-12-13,2014-12-15,RA-19285,102,1,2.92,0.365,0.2,2014,12,False
CA-2016-108434,2016-12-05,2016-12-07,JG-15160,535,3,465.18,120.9468,0.0,2016,12,False
CA-2016-164154,2016-09-11,2016-09-17,NZ-18565,711,3,22.428,-17.9424,0.7,2016,9,False
CA-2016-164154,2016-09-11,2016-09-17,NZ-18565,1495,5,37.52,3.752,0.2,2016,9,False
CA-2017-148012,2017-12-09,2017-12-15,KM-16225,474,1,2.624,0.4264,0.2,2017,12,False
CA-2014-102869,2014-09-09,2014-09-14,LC-17140,1806,3,15.552,5.4432,0.2,2014,9,False
CA-2014-102869,2014-09-09,2014-09-14,LC-17140,1356,6,64.704,-4.8528,0.2,2014,9,False
CA-2014-102869,2014-09-09,2014-09-14,LC-17140,1049,3,17.472,5.0232,0.2,2014,9,False
CA-2014-102869,2014-09-09,2014-09-14,LC-17140,1287,1,135.516,-31.6204,0.4,2014,9,False
CA-2017-138310,2017-06-26,2017-06-30,NP-18700,954,9,431.928,64.7892,0.2,2017,6,False
CA-2014-159835,2014-11-17,2014-11-24,RB-19330,1468,2,12.448,3.89,0.2,2014,11,False
CA-2014-159835,2014-11-17,2014-11-24,RB-19330,842,5,657.93,-93.99,0.3,2014,11,True
CA-2017-112956,2017-08-21,2017-08-27,TH-21550,1670,5,277.4,133.152,0.0,2017,8,False
CA-2017-112956,2017-08-21,2017-08-27,TH-21550,486,2,25.16,8.5544,0.0,2017,8,False
CA-2017-112956,2017-08-21,2017-08-27,TH-21550,1439,4,91.92,31.2528,0.0,2017,8,False
CA-2016-119683,2016-03-12,2016-03-16,CK-12595,1493,3,29.34,13.4964,0.0,2016,3,False
CA-2014-163559,2014-09-23,2014-09-28,ST-20530,233,3,139.44,47.061,0.2,2014,9,False
CA-2014-140228,2014-04-28,2014-05-03,GB-14530,242,3,6.912,2.5056,0.2,2014,4,False
CA-2014-140228,2014-04-28,2014-05-03,GB-14530,1659,3,27.096,2.0322,0.2,2014,4,False
CA-2014-140228,2014-04-28,2014-05-03,GB-14530,419,2,177.568,-37.7332,0.2,2014,4,False
US-2016-131674,2016-11-29,2016-12-01,NC-18535,1071,2,58.416,16.7946,0.2,2016,11,False
CA-2015-110093,2015-12-03,2015-12-08,AB-10255,1081,2,16.448,5.5512,0.2,2015,12,False
CA-2015-110093,2015-12-03,2015-12-08,AB-10255,1598,2,36.784,10.5754,0.2,2015,12,False
CA-2017-112529,2017-11-19,2017-11-21,SC-20770,379,6,718.116,-71.8116,0.3,2017,11,True
CA-2017-112529,2017-11-19,2017-11-21,SC-20770,1251,4,31.776,8.7384,0.2,2017,11,False
CA-2016-154536,2016-09-05,2016-09-09,JC-15340,394,5,9.555,-7.3255,0.7,2016,9,False
CA-2017-141929,2017-09-04,2017-09-08,RA-19285,896,2,487.984,152.495,0.2,2017,9,False
CA-2017-141929,2017-09-04,2017-09-08,RA-19285,1316,1,5.56,1.7375,0.2,2017,9,False
CA-2017-141929,2017-09-04,2017-09-08,RA-19285,1572,5,217.85,65.355,0.0,2017,9,False
CA-2016-109743,2016-09-22,2016-09-29,SH-19975,315,3,40.776,4.5873,0.2,2016,9,False
CA-2016-109743,2016-09-22,2016-09-29,SH-19975,1247,8,63.936,5.5944,0.2,2016,9,False
CA-2014-159184,2014-09-14,2014-09-19,JC-15775,1441,5,142.4,52.688,0.0,2014,9,False
CA-2014-159184,2014-09-14,2014-09-19,JC-15775,262,2,7.16,3.4368,0.0,2014,9,False
CA-2017-113530,2017-05-19,2017-05-21,BC-11125,1450,12,681.408,42.588,0.2,2017,5,True
CA-2017-113530,2017-05-19,2017-05-21,BC-11125,1116,2,3.52,1.0208,0.0,2017,5,False
CA-2017-113530,2017-05-19,2017-05-21,BC-11125,1120,1,5.58,1.395,0.0,2017,5,False
CA-2017-113530,2017-05-19,2017-05-21,BC-11125,1401,1,36.32,10.896,0.0,2017,5,False
CA-2014-169726,2014-08-09,2014-08-13,JH-15985,897,7,2060.744,643.9825,0.2,2014,8,True
CA-2017-155957,2017-11-26,2017-11-30,CC-12610,817,3,52.272,9.801,0.2,2017,11,False
CA-2017-155957,2017-11-26,2017-11-30,CC-12610,662,7,213.136,23.9778,0.2,2017,11,False
CA-2017-132178,2017-05-03,2017-05-08,DB-12970,1103,2,69.52,19.4656,0.0,2017,5,False
CA-2017-132178,2017-05-03,2017-05-08,DB-12970,658,8,763.44,45.8064,0.0,2017,5,True
CA-2016-145177,2016-11-10,2016-11-14,PP-18955,242,4,9.216,3.3408,0.2,2016,11,False
CA-2016-145177,2016-11-10,2016-11-14,PP-18955,1483,7,41.958,-9.7902,0.4,2016,11,False
CA-2016-145177,2016-11-10,2016-11-14,PP-18955,1664,2,89.568,32.4684,0.2,2016,11,False
CA-2016-145177,2016-11-10,2016-11-14,PP-18955,1652,3,22.248,7.5087,0.2,2016,11,False
CA-2016-145177,2016-11-10,2016-11-14,PP-18955,612,4,334.88,29.302,0.2,2016,11,False
CA-2016-145177,2016-11-10,2016-11-14,PP-18955,488,7,148.288,29.6576,0.2,2016,11,False
CA-2016-145177,2016-11-10,2016-11-14,PP-18955,1710,1,4.624,1.6762,0.2,2016,11,False
CA-2016-145177,2016-11-10,2016-11-14,PP-18955,1067,7,178.92,-29.0745,0.2,2016,11,False
CA-2016-145177,2016-11-10,2016-11-14,PP-18955,713,7,69.888,-46.592,0.7,2016,11,False
CA-2014-156594,2014-12-20,2014-12-23,MC-17845,896,2,487.984,152.495,0.2,2014,12,False
CA-2014-156594,2014-12-20,2014-12-23,MC-17845,360,2,47.3,12.298,0.0,2014,12,False
CA-2014-156594,2014-12-20,2014-12-23,MC-17845,1115,1,4.13,1.1564,0.0,2014,12,False
CA-2014-156594,2014-12-20,2014-12-23,MC-17845,1303,5,155.12,50.414,0.2,2014,12,False
CA-2014-146528,2014-07-25,2014-07-27,VF-21715,1755,1,6.48,3.1752,0.0,2014,7,False
CA-2014-146528,2014-07-25,2014-07-27,VF-21715,92,4,15.52,4.5008,0.0,2014,7,False
CA-2015-168459,2015-11-22,2015-11-27,MC-17275,74,2,2.946,-2.0622,0.7,2015,11,False
CA-2015-168459,2015-11-22,2015-11-27,MC-17275,1601,6,55.104,18.5976,0.2,2015,11,False
CA-2017-109960,2017-12-09,2017-12-11,DB-13210,1060,6,104.88,41.952,0.0,2017,12,False
CA-2017-109960,2017-12-09,2017-12-11,DB-13210,278,5,34.7,12.492,0.0,2017,12,False
CA-2017-109960,2017-12-09,2017-12-11,DB-13210,900,4,33.72,15.5112,0.0,2017,12,False
CA-2017-109960,2017-12-09,2017-12-11,DB-13210,537,3,14.94,7.0218,0.0,2017,12,False
CA-2017-133004,2017-08-31,2017-09-05,AJ-10945,1575,9,638.73,166.0698,0.0,2017,8,True
CA-2017-168102,2017-04-24,2017-04-30,CP-12340,1437,2,113.568,-21.294,0.2,2017,4,False
CA-2017-158036,2017-09-08,2017-09-14,DB-13555,919,1,9.096,1.7055,0.2,2017,9,False
CA-2015-128083,2015-03-12,2015-03-17,EB-13750,471,3,8.688,2.9322,0.2,2015,3,False
CA-2015-128083,2015-03-12,2015-03-17,EB-13750,564,4,30.88,3.86,0.2,2015,3,False
CA-2015-128083,2015-03-12,2015-03-17,EB-13750,103,3,6.408,1.4418,0.2,2015,3,False
CA-2016-161676,2016-07-18,2016-07-23,JP-15460,597,5,33.8,4.225,0.2,2016,7,False
CA-2016-155005,2016-06-13,2016-06-15,SC-20050,1220,3,377.97,94.4925,0.0,2016,6,False
US-2017-129777,2017-07-03,2017-07-09,FM-14290,1528,10,258.9,93.204,0.0,2017,7,False
US-2017-129777,2017-07-03,2017-07-09,FM-14290,1663,2,24.56,11.5432,0.0,2017,7,False
CA-2014-129364,2014-12-08,2014-12-13,TB-21250,207,7,27.888,9.0636,0.2,2014,12,False
CA-2014-129364,2014-12-08,2014-12-13,TB-21250,67,4,6.456,-4.5192,0.7,2014,12,False
CA-2014-129364,2014-12-08,2014-12-13,TB-21250,1395,3,52.68,19.755,0.2,2014,12,False
CA-2014-129364,2014-12-08,2014-12-13,TB-21250,77,5,13.88,-2.6025,0.2,2014,12,False
CA-2014-129364,2014-12-08,2014-12-13,TB-21250,1403,10,103.92,-18.186,0.2,2014,12,False
CA-2014-129364,2014-12-08,2014-12-13,TB-21250,200,5,11.52,3.744,0.2,2014,12,False
CA-2014-129364,2014-12-08,2014-12-13,TB-21250,1830,2,10.368,3.6288,0.2,2014,12,False
CA-2014-129364,2014-12-08,2014-12-13,TB-21250,113,3,39.072,2.9304,0.2,2014,12,False
CA-2016-104969,2016-04-08,2016-04-14,EH-14125,2,1,8.872,3.2161,0.2,2016,4,False
CA-2016-104969,2016-04-08,2016-04-14,EH-14125,421,6,121.104,-100.92,0.7,2016,4,False
CA-2017-154109,2017-11-06,2017-11-11,ML-17410,772,2,127.372,-30.9332,0.3,2017,11,False
CA-2017-154109,2017-11-06,2017-11-11,ML-17410,1694,3,47.952,16.1838,0.2,2017,11,False
CA-2015-156440,2015-12-05,2015-12-09,MH-17620,621,2,44.46,14.6718,0.0,2015,12,False
CA-2015-132626,2015-07-09,2015-07-14,BT-11680,117,4,15.8,5.056,0.0,2015,7,False
CA-2015-132626,2015-07-09,2015-07-14,BT-11680,652,3,464.97,209.2365,0.0,2015,7,False
CA-2015-132626,2015-07-09,2015-07-14,BT-11680,559,2,181.96,20.0156,0.0,2015,7,False
CA-2015-132626,2015-07-09,2015-07-14,BT-11680,176,3,12.39,5.6994,0.0,2015,7,False
CA-2015-132626,2015-07-09,2015-07-14,BT-11680,1254,3,84.09,42.045,0.0,2015,7,False
CA-2015-132626,2015-07-09,2015-07-14,BT-11680,1311,4,79.36,32.5376,0.0,2015,7,False
CA-2015-132626,2015-07-09,2015-07-14,BT-11680,707,9,153.36,70.5456,0.0,2015,7,False
CA-2015-132626,2015-07-09,2015-07-14,BT-11680,1624,6,43.68,21.4032,0.0,2015,7,False
CA-2015-132626,2015-07-09,2015-07-14,BT-11680,1312,7,98.21,28.4809,0.0,2015,7,False
CA-2016-102792,2016-12-13,2016-12-19,JC-15340,474,3,9.84,3.2472,0.0,2016,12,False
CA-2016-108567,2016-05-20,2016-05-24,DB-13210,259,2,2.694,-2.245,0.7,2016,5,False
CA-2017-140760,2017-06-02,2017-06-05,DO-13435,1831,6,25.344,7.92,0.2,2017,6,False
CA-2017-140760,2017-06-02,2017-06-05,DO-13435,1042,5,43.92,15.921,0.2,2017,6,False
US-2015-131359,2015-10-30,2015-11-02,FA-14230,987,2,59.994,-45.9954,0.7,2015,10,False
US-2015-131359,2015-10-30,2015-11-02,FA-14230,1445,1,439.992,164.997,0.2,2015,10,False
US-2015-131359,2015-10-30,2015-11-02,FA-14230,1222,5,87.96,30.786,0.2,2015,10,False
US-2015-131359,2015-10-30,2015-11-02,FA-14230,585,4,15.488,3.6784,0.2,2015,10,False
CA-2016-142097,2016-10-15,2016-10-20,QJ-19255,713,7,232.96,116.48,0.0,2016,10,False
CA-2016-142097,2016-10-15,2016-10-20,QJ-19255,2,6,66.54,32.6046,0.0,2016,10,False
CA-2016-142097,2016-10-15,2016-10-20,QJ-19255,819,3,43.26,14.2758,0.0,2016,10,False
CA-2015-151680,2015-11-19,2015-11-21,TC-21475,1547,2,141.96,22.7136,0.0,2015,11,False
CA-2014-140039,2014-09-13,2014-09-17,ON-18715,572,5,79.4,5.955,0.2,2014,9,False
CA-2017-160416,2017-11-13,2017-11-18,AD-10180,956,4,163.96,70.5028,0.0,2017,11,False
CA-2017-169411,2017-12-24,2017-12-29,AC-10615,560,1,37.93,6.8274,0.0,2017,12,False
CA-2016-126543,2016-01-09,2016-01-13,MF-17665,490,2,15.168,3.792,0.2,2016,1,False
CA-2015-104941,2015-06-13,2015-06-19,DH-13075,1115,6,24.78,6.9384,0.0,2015,6,False
CA-2015-104941,2015-06-13,2015-06-19,DH-13075,248,3,19.14,8.8044,0.0,2015,6,False
CA-2015-104941,2015-06-13,2015-06-19,DH-13075,371,3,899.97,314.9895,0.0,2015,6,True
CA-2015-104941,2015-06-13,2015-06-19,DH-13075,1799,5,32.4,15.552,0.0,2015,6,False
CA-2017-160087,2017-03-18,2017-03-22,EN-13780,1251,3,23.832,6.5538,0.2,2017,3,False
CA-2014-120544,2014-11-23,2014-11-27,SS-20140,1497,2,6.368,-2.5472,0.6,2014,11,False
CA-2014-120544,2014-11-23,2014-11-27,SS-20140,466,3,34.176,-87.1488,0.8,2014,11,False
CA-2014-120544,2014-11-23,2014-11-27,SS-20140,1054,7,5.544,1.6632,0.2,2014,11,False
CA-2017-113670,2017-10-15,2017-10-17,RS-19765,377,3,510.24,6.378,0.2,2017,10,True
CA-2017-113670,2017-10-15,2017-10-17,RS-19765,1704,5,204.95,100.4255,0.0,2017,10,False
CA-2017-166198,2017-04-21,2017-04-24,JW-15955,1600,1,11.54,3.462,0.0,2017,4,False
CA-2017-166198,2017-04-21,2017-04-24,JW-15955,554,3,162.6,34.146,0.0,2017,4,False
CA-2014-135608,2014-12-08,2014-12-10,JK-15625,1753,2,45.68,21.0128,0.0,2014,12,False
CA-2014-135608,2014-12-08,2014-12-10,JK-15625,497,5,603.92,45.294,0.2,2014,12,True
CA-2017-144568,2017-05-29,2017-06-02,JO-15550,1282,5,23.55,1.1775,0.0,2017,5,False
CA-2016-142370,2016-09-19,2016-09-23,TP-21130,981,2,5.04,0.1512,0.0,2016,9,False
CA-2016-142370,2016-09-19,2016-09-23,TP-21130,1017,5,249.95,107.4785,0.0,2016,9,False
CA-2016-105900,2016-09-17,2016-09-23,BS-11590,1411,5,33.4,12.358,0.0,2016,9,False
CA-2016-151155,2016-12-20,2016-12-24,AB-10255,391,4,18.92,7.3788,0.0,2016,12,False
CA-2016-151155,2016-12-20,2016-12-24,AB-10255,499,2,15.42,6.939,0.0,2016,12,False
CA-2017-144036,2017-11-22,2017-11-26,FO-14305,1120,8,35.712,2.232,0.2,2017,11,False
US-2014-169789,2014-12-30,2015-01-04,MF-17665,897,5,551.985,-459.9875,0.7,2014,12,True
CA-2017-127264,2017-04-03,2017-04-05,SA-20830,1296,3,7.056,2.205,0.2,2017,4,False
CA-2016-151512,2016-12-26,2017-01-02,SH-19975,801,2,18.72,3.51,0.2,2016,12,False
CA-2016-165169,2016-06-05,2016-06-11,JL-15235,1490,2,360.38,93.6988,0.0,2016,6,False
CA-2016-165169,2016-06-05,2016-06-11,JL-15235,1120,2,11.16,2.79,0.0,2016,6,False
CA-2016-165169,2016-06-05,2016-06-11,JL-15235,272,3,14.94,6.8724,0.0,2016,6,False
CA-2015-109575,2015-09-18,2015-09-23,KH-16630,70,2,41.96,7.9724,0.0,2015,9,False
CA-2015-109575,2015-09-18,2015-09-23,KH-16630,1382,7,636.86,0.0,0.0,2015,9,True
CA-2015-109575,2015-09-18,2015-09-23,KH-16630,1393,1,499.99,129.9974,0.0,2015,9,True
CA-2015-109575,2015-09-18,2015-09-23,KH-16630,1290,7,1259.93,327.5818,0.0,2015,9,True
CA-2015-109575,2015-09-18,2015-09-23,KH-16630,61,4,65.08,31.8892,0.0,2015,9,False
CA-2017-168193,2017-03-06,2017-03-11,RM-19750,1665,1,26.38,12.1348,0.0,2017,3,False
CA-2017-168193,2017-03-06,2017-03-11,RM-19750,1611,3,71.97,16.5531,0.0,2017,3,False
CA-2016-115476,2016-03-17,2016-03-17,VM-21835,1278,2,129.98,62.3904,0.0,2016,3,False
CA-2016-115476,2016-03-17,2016-03-17,VM-21835,61,2,32.54,15.9446,0.0,2016,3,False
CA-2016-133340,2016-12-09,2016-12-13,LH-17155,967,1,10.9,3.052,0.0,2016,12,False
CA-2016-133340,2016-12-09,2016-12-13,LH-17155,1012,2,59.98,25.1916,0.0,2016,12,False
CA-2016-133340,2016-12-09,2016-12-13,LH-17155,822,1,61.929,23.3954,0.1,2016,12,False
CA-2016-137848,2016-01-15,2016-01-21,WB-21850,1,4,16.52,7.5992,0.0,2016,1,False
CA-2016-137848,2016-01-15,2016-01-21,WB-21850,1748,9,60.12,28.8576,0.0,2016,1,False
CA-2016-137848,2016-01-15,2016-01-21,WB-21850,1485,3,49.536,17.3376,0.2,2016,1,False
CA-2014-113047,2014-10-24,2014-10-24,AP-10915,117,3,11.85,3.792,0.0,2014,10,False
CA-2016-149979,2016-09-23,2016-09-28,RA-19915,580,5,118.25,34.2925,0.0,2016,9,False
CA-2016-149979,2016-09-23,2016-09-28,RA-19915,847,3,368.97,81.1734,0.0,2016,9,False
CA-2017-161956,2017-08-27,2017-08-29,DR-12880,727,2,198.46,99.23,0.0,2017,8,False
CA-2017-161956,2017-08-27,2017-08-29,DR-12880,34,4,321.92,96.576,0.0,2017,8,False
CA-2017-161956,2017-08-27,2017-08-29,DR-12880,1445,2,879.984,329.994,0.2,2017,8,True
CA-2017-161956,2017-08-27,2017-08-29,DR-12880,95,5,28.4,8.236,0.0,2017,8,False
CA-2017-161956,2017-08-27,2017-08-29,DR-12880,326,3,230.28,23.028,0.2,2017,8,False
CA-2017-161956,2017-08-27,2017-08-29,DR-12880,1616,3,116.28,56.9772,0.0,2017,8,False
CA-2017-161956,2017-08-27,2017-08-29,DR-12880,681,2,841.568,294.5488,0.2,2017,8,True
CA-2017-161956,2017-08-27,2017-08-29,DR-12880,1437,5,354.9,17.745,0.0,2017,8,False
CA-2016-116799,2016-03-03,2016-03-06,JG-15310,1344,7,42.784,15.5092,0.2,2016,3,False
CA-2016-116799,2016-03-03,2016-03-06,JG-15310,1209,5,563.43,-56.343,0.3,2016,3,True
CA-2016-111283,2016-02-29,2016-03-04,LC-16870,1148,7,111.104,8.3328,0.2,2016,2,False
CA-2015-167745,2015-09-18,2015-09-23,GB-14530,1319,2,11.68,5.4896,0.0,2015,9,False
CA-2015-167745,2015-09-18,2015-09-23,GB-14530,597,2,16.9,5.07,0.0,2015,9,False
CA-2015-167745,2015-09-18,2015-09-23,GB-14530,120,2,24.4,10.248,0.0,2015,9,False
CA-2017-104577,2017-05-12,2017-05-17,CK-12205,1525,5,87.6,42.048,0.0,2017,5,False
CA-2016-156251,2016-08-13,2016-08-18,TS-21160,1188,2,241.96,24.196,0.0,2016,8,False
CA-2016-156251,2016-08-13,2016-08-18,TS-21160,267,3,8.52,4.1748,0.0,2016,8,False
CA-2017-125878,2017-02-25,2017-03-02,MH-18025,255,3,1.788,-3.0396,0.8,2017,2,False
CA-2016-163153,2016-03-21,2016-03-25,DM-12955,1379,2,99.372,-1.4196,0.3,2016,3,False
CA-2016-163153,2016-03-21,2016-03-25,DM-12955,1298,1,1.344,0.504,0.2,2016,3,False
CA-2015-103205,2015-12-08,2015-12-10,JJ-15760,1164,5,119.96,11.996,0.2,2015,12,False
CA-2014-153913,2014-12-16,2014-12-20,KB-16585,851,9,1013.832,101.3832,0.2,2014,12,True
CA-2014-153913,2014-12-16,2014-12-20,KB-16585,1195,2,1.984,0.6696,0.2,2014,12,False
CA-2016-155530,2016-12-17,2016-12-21,CM-12160,369,6,2003.52,-325.572,0.2,2016,12,True
US-2016-101196,2016-05-12,2016-05-17,FM-14215,291,2,82.368,-19.5624,0.2,2016,5,False
CA-2014-115357,2014-08-06,2014-08-11,RF-19735,1056,3,62.91,22.6476,0.0,2014,8,False
US-2014-102715,2014-04-11,2014-04-13,JK-15370,55,3,6.912,2.3328,0.2,2014,4,False
US-2014-102715,2014-04-11,2014-04-13,JK-15370,1014,3,383.976,81.5949,0.2,2014,4,False
US-2014-102715,2014-04-11,2014-04-13,JK-15370,1821,2,10.368,3.6288,0.2,2014,4,False
US-2014-102715,2014-04-11,2014-04-13,JK-15370,1013,7,335.944,41.993,0.2,2014,4,False
CA-2015-107937,2015-05-03,2015-05-08,JB-16045,1360,6,665.88,106.5408,0.0,2015,5,True
US-2017-148768,2017-11-30,2017-12-02,PN-18775,1223,3,71.976,8.997,0.2,2017,11,False
CA-2017-118521,2017-02-16,2017-02-20,LF-17185,1697,2,37.94,18.2112,0.0,2017,2,False
CA-2014-149643,2014-11-16,2014-11-20,RH-19510,938,2,273.96,10.9584,0.0,2014,11,False
CA-2015-135314,2015-07-09,2015-07-14,MC-17575,1243,3,269.982,40.4973,0.4,2015,7,False
CA-2017-165204,2017-11-13,2017-11-16,MN-17935,0,3,8.904,3.339,0.2,2017,11,False
CA-2017-165204,2017-11-13,2017-11-16,MN-17935,1551,4,720.064,-63.0056,0.2,2017,11,True
CA-2017-125752,2017-07-31,2017-08-04,EH-14125,1528,2,41.424,8.2848,0.2,2017,7,False
CA-2017-112487,2017-12-26,2017-12-30,TC-21535,59,2,3.132,-2.61,0.7,2017,12,False
CA-2016-144218,2016-10-31,2016-11-04,JD-15895,535,7,1085.42,282.2092,0.0,2016,10,True
CA-2016-169971,2016-09-04,2016-09-09,IL-15100,627,1,3.912,1.0269,0.2,2016,9,False
CA-2016-169971,2016-09-04,2016-09-09,IL-15100,280,3,62.376,7.0173,0.2,2016,9,False
US-2016-133508,2016-04-17,2016-04-21,SW-20350,123,5,29.05,9.0055,0.0,2016,4,False
CA-2014-107139,2014-07-05,2014-07-11,DP-13390,1602,6,180.96,67.86,0.2,2014,7,False
CA-2015-111325,2015-02-27,2015-02-28,BT-11395,1305,3,4.419,-3.3879,0.7,2015,2,False
CA-2015-111325,2015-02-27,2015-02-28,BT-11395,589,6,16.032,2.2044,0.2,2015,2,False
CA-2015-163762,2015-11-27,2015-12-01,JE-15475,1251,3,29.79,12.5118,0.0,2015,11,False
US-2014-117163,2014-01-27,2014-02-02,EJ-13720,1338,1,57.23,14.3075,0.0,2014,1,False
US-2014-117163,2014-01-27,2014-02-02,EJ-13720,286,3,333.0,-16.65,0.2,2014,1,False
US-2014-117163,2014-01-27,2014-02-02,EJ-13720,528,4,36.44,12.0252,0.0,2014,1,False
CA-2017-121314,2017-09-23,2017-09-26,BE-11410,1729,3,251.64,88.074,0.2,2017,9,False
CA-2017-147760,2017-11-04,2017-11-05,KL-16555,834,3,523.764,-192.0468,0.4,2017,11,True
CA-2017-147760,2017-11-04,2017-11-05,KL-16555,1102,5,1359.96,118.9965,0.2,2017,11,True
CA-2016-156503,2016-10-14,2016-10-20,NC-18415,1367,1,102.592,10.2592,0.2,2016,10,False
CA-2016-156503,2016-10-14,2016-10-20,NC-18415,1053,1,22.704,5.9598,0.2,2016,10,False
CA-2016-156503,2016-10-14,2016-10-20,NC-18415,1732,3,93.024,33.7212,0.2,2016,10,False
CA-2016-156503,2016-10-14,2016-10-20,NC-18415,1496,2,12.768,1.4364,0.2,2016,10,False
CA-2016-156503,2016-10-14,2016-10-20,NC-18415,1615,4,35.008,13.128,0.2,2016,10,False
CA-2016-156503,2016-10-14,2016-10-20,NC-18415,1701,1,39.152,14.682,0.2,2016,10,False
CA-2015-113628,2015-11-12,2015-11-19,AH-10690,1123,5,11.76,1.323,0.2,2015,11,False
CA-2015-113628,2015-11-12,2015-11-19,AH-10690,1637,2,5.238,-4.0158,0.7,2015,11,False
CA-2015-113628,2015-11-12,2015-11-19,AH-10690,1451,3,4.662,-3.7296,0.7,2015,11,False
CA-2015-113628,2015-11-12,2015-11-19,AH-10690,1205,5,523.92,-72.039,0.2,2015,11,True
CA-2015-113628,2015-11-12,2015-11-19,AH-10690,1594,1,100.792,10.0792,0.2,2015,11,False
CA-2015-113628,2015-11-12,2015-11-19,AH-10690,764,3,146.136,16.4403,0.2,2015,11,False
CA-2017-147753,2017-03-05,2017-03-05,PK-19075,225,2,25.06,11.7782,0.0,2017,3,False
CA-2015-103961,2015-11-05,2015-11-09,NG-18430,182,6,19.824,6.4428,0.2,2015,11,False
CA-2016-152471,2016-07-08,2016-07-08,ZD-21925,934,5,823.96,51.4975,0.2,2016,7,True
CA-2016-152471,2016-07-08,2016-07-08,ZD-21925,1707,2,15.984,4.995,0.2,2016,7,False
CA-2015-102582,2015-09-15,2015-09-19,NW-18400,367,2,801.96,200.49,0.0,2015,9,True
CA-2015-102582,2015-09-15,2015-09-19,NW-18400,151,3,59.97,0.0,0.0,2015,9,False
CA-2015-102582,2015-09-15,2015-09-19,NW-18400,763,7,1056.86,306.4894,0.0,2015,9,True
CA-2017-141873,2017-10-09,2017-10-14,HG-14845,1307,3,12.816,4.3254,0.2,2017,10,False
CA-2017-141873,2017-10-09,2017-10-14,HG-14845,1187,3,314.352,-15.7176,0.2,2017,10,False
CA-2017-141873,2017-10-09,2017-10-14,HG-14845,1524,2,18.98,8.9206,0.0,2017,10,False
CA-2017-141873,2017-10-09,2017-10-14,HG-14845,536,6,18.24,6.156,0.2,2017,10,False
CA-2015-140984,2015-09-14,2015-09-18,CC-12685,543,6,991.2,257.712,0.0,2015,9,True
CA-2015-140984,2015-09-14,2015-09-18,CC-12685,1445,2,879.984,329.994,0.2,2015,9,True
CA-2015-140984,2015-09-14,2015-09-18,CC-12685,1629,9,12.96,4.536,0.2,2015,9,False
CA-2014-132801,2014-10-07,2014-10-12,JG-15805,651,10,107.44,10.744,0.2,2014,10,False
CA-2017-141733,2017-05-07,2017-05-11,RW-19540,831,5,1458.65,423.0085,0.0,2017,5,True
CA-2017-141733,2017-05-07,2017-05-11,RW-19540,1369,1,26.64,7.4592,0.0,2017,5,False
CA-2017-141733,2017-05-07,2017-05-11,RW-19540,1378,2,476.8,119.2,0.0,2017,5,False
CA-2017-141733,2017-05-07,2017-05-11,RW-19540,310,2,87.444,18.4604,0.1,2017,5,False
US-2015-111927,2015-11-14,2015-11-19,LS-17230,617,3,76.14,26.649,0.0,2015,11,False
US-2015-111927,2015-11-14,2015-11-19,LS-17230,245,2,19.96,9.3812,0.0,2015,11,False
CA-2014-105984,2014-11-24,2014-11-24,MY-18295,1391,5,1049.97,-209.994,0.4,2014,11,True
CA-2014-105984,2014-11-24,2014-11-24,MY-18295,751,3,611.058,-34.9176,0.3,2014,11,True
CA-2014-100363,2014-04-08,2014-04-15,JM-15655,328,2,2.368,0.8288,0.2,2014,4,False
CA-2014-100363,2014-04-08,2014-04-15,JM-15655,1566,3,19.008,6.8904,0.2,2014,4,False
CA-2014-126760,2014-07-26,2014-08-02,KM-16720,157,2,911.984,113.998,0.2,2014,7,True
CA-2014-126760,2014-07-26,2014-08-02,KM-16720,825,3,674.352,-109.5822,0.2,2014,7,True
CA-2014-126760,2014-07-26,2014-08-02,KM-16720,1561,9,134.01,36.1827,0.0,2014,7,False
CA-2014-126760,2014-07-26,2014-08-02,KM-16720,1006,3,170.97,70.0977,0.0,2014,7,False
US-2014-109162,2014-06-08,2014-06-12,KE-16420,1450,3,170.352,10.647,0.2,2014,6,False
CA-2014-101931,2014-10-28,2014-10-31,TS-21370,259,2,7.184,2.245,0.2,2014,10,False
CA-2014-101931,2014-10-28,2014-10-31,TS-21370,1438,2,6.28,0.0628,0.0,2014,10,False
CA-2014-101931,2014-10-28,2014-10-31,TS-21370,1299,2,480.74,14.4222,0.0,2014,10,False
CA-2014-101931,2014-10-28,2014-10-31,TS-21370,1188,6,616.998,-36.294,0.15,2014,10,True
CA-2014-101931,2014-10-28,2014-10-31,TS-21370,582,5,141.4,38.178,0.0,2014,10,False
CA-2017-129000,2017-11-25,2017-11-27,SZ-20035,1201,3,501.81,0.0,0.0,2017,11,True
CA-2017-161053,2017-09-22,2017-09-23,JE-15745,894,4,691.96,318.3016,0.0,2017,9,True
CA-2017-161053,2017-09-22,2017-09-23,JE-15745,1599,5,34.95,15.378,0.0,2017,9,False
CA-2015-142377,2015-12-04,2015-12-09,MS-17980,1663,7,85.96,40.4012,0.0,2015,12,False
CA-2015-127593,2015-09-21,2015-09-21,DH-13675,511,2,85.3,14.501,0.0,2015,9,False
CA-2017-130526,2017-11-26,2017-11-29,GT-14755,699,8,33.568,-53.7088,0.8,2017,11,False
US-2017-131849,2017-06-06,2017-06-10,GH-14410,550,1,4.95,2.178,0.0,2017,6,False
US-2017-131849,2017-06-06,2017-06-10,GH-14410,1506,5,26.4,0.0,0.0,2017,6,False
US-2017-105389,2017-10-23,2017-10-28,DM-13015,1511,3,3.564,-6.237,0.8,2017,10,False
US-2017-105389,2017-10-23,2017-10-28,DM-13015,934,5,823.96,51.4975,0.2,2017,10,True
US-2017-105389,2017-10-23,2017-10-28,DM-13015,1127,3,10.272,0.8988,0.2,2017,10,False
CA-2014-140816,2014-12-20,2014-12-20,TC-21295,1001,7,447.944,89.5888,0.2,2014,12,False
CA-2017-154039,2017-02-17,2017-02-22,JK-16120,423,3,480.96,-269.3376,0.5,2017,2,False
CA-2017-154039,2017-02-17,2017-02-22,JK-16120,969,1,124.792,10.9193,0.2,2017,2,False
CA-2014-135755,2014-05-03,2014-05-10,NC-18415,697,3,40.176,14.5638,0.2,2014,5,False
CA-2014-135755,2014-05-03,2014-05-10,NC-18415,237,3,10.896,3.9498,0.2,2014,5,False
CA-2017-123246,2017-10-17,2017-10-19,AJ-10960,541,4,10.64,2.7664,0.0,2017,10,False
CA-2015-157133,2015-11-28,2015-12-03,LC-16885,544,5,151.96,-182.352,0.6,2015,11,False
CA-2014-124709,2014-07-27,2014-07-29,GW-14605,1606,2,238.0,38.08,0.0,2014,7,False
CA-2017-146360,2017-04-23,2017-04-25,SC-20305,1528,6,155.34,55.9224,0.0,2017,4,False
CA-2015-132486,2015-10-23,2015-10-27,JF-15355,1059,9,148.32,63.7776,0.0,2015,10,False
CA-2015-132486,2015-10-23,2015-10-27,JF-15355,761,1,240.784,27.0882,0.2,2015,10,False
CA-2015-132486,2015-10-23,2015-10-27,JF-15355,738,7,191.968,16.7972,0.2,2015,10,False
CA-2015-132486,2015-10-23,2015-10-27,JF-15355,1749,2,11.56,5.6644,0.0,2015,10,False
CA-2015-132486,2015-10-23,2015-10-27,JF-15355,1340,4,11.8,5.664,0.0,2015,10,False
CA-2015-132486,2015-10-23,2015-10-27,JF-15355,1210,3,842.352,42.1176,0.2,2015,10,True
CA-2016-136231,2016-09-05,2016-09-07,DM-13015,1493,3,23.472,7.6284,0.2,2016,9,False
CA-2016-136231,2016-09-05,2016-09-07,DM-13015,1638,7,86.058,-63.1092,0.7,2016,9,False
CA-2016-136231,2016-09-05,2016-09-07,DM-13015,1170,2,108.784,6.799,0.2,2016,9,False
CA-2016-136231,2016-09-05,2016-09-07,DM-13015,1761,3,10.272,3.21,0.2,2016,9,False
CA-2016-140641,2016-10-28,2016-11-02,EP-13915,406,5,38.19,-26.733,0.7,2016,10,False
CA-2014-151001,2014-04-05,2014-04-07,JG-15805,1541,4,49.632,3.7224,0.2,2014,4,False
CA-2014-151001,2014-04-05,2014-04-07,JG-15805,113,4,52.096,3.9072,0.2,2014,4,False
CA-2015-129896,2015-06-15,2015-06-20,PF-19120,1678,2,9.568,2.99,0.2,2015,6,False
CA-2015-129896,2015-06-15,2015-06-20,PF-19120,291,2,82.368,-19.5624,0.2,2015,6,False
CA-2015-129896,2015-06-15,2015-06-20,PF-19120,544,6,364.704,-36.4704,0.2,2015,6,False
CA-2015-129896,2015-06-15,2015-06-20,PF-19120,483,4,40.256,11.0704,0.2,2015,6,False
CA-2014-152849,2014-07-05,2014-07-12,DW-13195,1129,3,4.368,0.3822,0.2,2014,7,False
US-2017-127341,2017-01-29,2017-02-02,CK-12595,679,4,12.128,-20.6176,0.8,2017,1,False
CA-2016-167759,2016-03-03,2016-03-08,CC-12670,1272,3,134.85,37.758,0.0,2016,3,False
CA-2014-100895,2014-06-02,2014-06-06,SV-20785,1409,2,8.56,2.6536,0.0,2014,6,False
CA-2014-100895,2014-06-02,2014-06-06,SV-20785,1096,3,239.97,67.1916,0.0,2014,6,False
CA-2014-100895,2014-06-02,2014-06-06,SV-20785,872,2,356.94,107.082,0.0,2014,6,False
US-2016-163881,2016-11-24,2016-11-30,SP-20860,1269,2,659.9,217.767,0.0,2016,11,True
US-2016-163881,2016-11-24,2016-11-30,SP-20860,758,6,1684.752,210.594,0.2,2016,11,True
US-2016-163881,2016-11-24,2016-11-30,SP-20860,1002,8,559.92,190.3728,0.0,2016,11,True
US-2016-144547,2016-11-10,2016-11-14,MS-17770,955,7,279.944,48.9902,0.2,2016,11,False
US-2014-112200,2014-11-22,2014-11-28,TC-21475,245,5,9.98,-16.467,0.8,2014,11,False
CA-2017-110212,2017-05-01,2017-05-05,SJ-20125,1057,5,48.9,18.093,0.0,2017,5,False
CA-2017-134285,2017-12-07,2017-12-12,DS-13180,328,3,3.552,1.2432,0.2,2017,12,False
CA-2017-134285,2017-12-07,2017-12-12,DS-13180,1787,3,15.552,5.4432,0.2,2017,12,False
CA-2017-102267,2017-11-30,2017-12-04,SC-20800,328,2,2.368,0.8288,0.2,2017,11,False
CA-2017-157980,2017-12-07,2017-12-09,SH-20395,1004,2,127.984,25.5968,0.2,2017,12,False
CA-2015-121097,2015-01-03,2015-01-08,SF-20965,1805,2,10.368,3.6288,0.2,2015,1,False
CA-2015-151043,2015-11-14,2015-11-20,MG-17680,1084,2,47.984,-1.1996,0.2,2015,11,False
US-2015-119312,2015-10-02,2015-10-07,CS-12400,583,14,270.34,75.6952,0.0,2015,10,False
CA-2015-167010,2015-04-05,2015-04-10,VT-21700,336,7,98.112,18.396,0.2,2015,4,False
CA-2015-167010,2015-04-05,2015-04-10,VT-21700,643,4,563.808,21.1428,0.2,2015,4,True
CA-2015-167010,2015-04-05,2015-04-10,VT-21700,414,4,10.428,-6.952,0.7,2015,4,False
CA-2015-167010,2015-04-05,2015-04-10,VT-21700,1534,4,547.136,-68.392,0.2,2015,4,True
CA-2015-167010,2015-04-05,2015-04-10,VT-21700,477,5,14.85,-3.2175,0.4,2015,4,False
CA-2015-167010,2015-04-05,2015-04-10,VT-21700,1478,2,41.988,-9.7972,0.4,2015,4,False
CA-2015-167010,2015-04-05,2015-04-10,VT-21700,480,1,7.584,2.37,0.2,2015,4,False
CA-2015-167010,2015-04-05,2015-04-10,VT-21700,383,5,352.45,-211.47,0.5,2015,4,False
CA-2017-126788,2017-06-05,2017-06-06,AB-10105,971,3,470.376,52.9173,0.2,2017,6,False
CA-2017-148068,2017-09-18,2017-09-25,MM-18280,1798,3,19.44,9.3312,0.0,2017,9,False
CA-2017-148068,2017-09-18,2017-09-25,MM-18280,1587,2,9.82,3.2406,0.0,2017,9,False
US-2017-142573,2017-07-18,2017-07-23,ML-17410,423,5,801.6,-448.896,0.5,2017,7,True
US-2017-142573,2017-07-18,2017-07-23,ML-17410,752,2,161.568,10.098,0.2,2017,7,False
US-2017-142573,2017-07-18,2017-07-23,ML-17410,1348,2,16.096,5.2312,0.2,2017,7,False
US-2017-142573,2017-07-18,2017-07-23,ML-17410,60,4,7.656,-6.1248,0.7,2017,7,False
US-2017-142573,2017-07-18,2017-07-23,ML-17410,814,3,311.976,-42.8967,0.2,2017,7,False
US-2015-148817,2015-12-01,2015-12-07,KD-16495,508,4,61.68,16.6536,0.0,2015,12,False
US-2015-148817,2015-12-01,2015-12-07,KD-16495,698,4,63.96,30.7008,0.0,2015,12,False
CA-2016-110044,2016-06-28,2016-07-02,RF-19735,1285,3,359.976,35.9976,0.2,2016,6,False
CA-2017-146920,2017-08-28,2017-09-01,SC-20305,1831,6,25.344,7.92,0.2,2017,8,False
CA-2017-146920,2017-08-28,2017-09-01,SC-20305,788,5,26.72,9.352,0.2,2017,8,False
CA-2014-103940,2014-09-17,2014-09-21,BN-11515,574,2,30.28,1.2112,0.0,2014,9,False
CA-2014-103940,2014-09-17,2014-09-21,BN-11515,583,3,57.93,16.2204,0.0,2014,9,False
CA-2014-103940,2014-09-17,2014-09-21,BN-11515,616,2,35.34,13.4292,0.0,2014,9,False
CA-2014-103940,2014-09-17,2014-09-21,BN-11515,701,5,137.24,46.3185,0.2,2014,9,False
CA-2016-162082,2016-03-14,2016-03-17,JS-15880,1384,5,241.332,-14.196,0.32,2016,3,False
CA-2016-162082,2016-03-14,2016-03-17,JS-15880,1785,1,5.184,1.8792,0.2,2016,3,False
CA-2016-162082,2016-03-14,2016-03-17,JS-15880,280,7,145.544,16.3737,0.2,2016,3,False
CA-2016-132094,2016-08-26,2016-09-02,VG-21805,335,3,5.472,1.6416,0.2,2016,8,False
CA-2016-132094,2016-08-26,2016-09-02,VG-21805,1012,2,47.984,13.1956,0.2,2016,8,False
CA-2017-123001,2017-09-02,2017-09-08,AW-10840,1193,5,9.4,2.726,0.0,2017,9,False
CA-2017-123001,2017-09-02,2017-09-08,AW-10840,214,5,74.0,37.0,0.0,2017,9,False
CA-2017-123001,2017-09-02,2017-09-08,AW-10840,1220,2,201.584,12.599,0.2,2017,9,False
CA-2015-118955,2015-06-16,2015-06-20,LS-17230,1493,3,28.752,9.3444,0.2,2015,6,False
CA-2015-118955,2015-06-16,2015-06-20,LS-17230,1661,3,27.216,9.8658,0.2,2015,6,False
CA-2015-118955,2015-06-16,2015-06-20,LS-17230,1202,2,197.372,-25.3764,0.3,2015,6,False
US-2016-143448,2016-12-10,2016-12-10,MH-17455,741,5,1424.9,356.225,0.0,2016,12,True
CA-2017-117863,2017-05-18,2017-05-23,TS-21340,1049,2,14.56,6.2608,0.0,2017,5,False
CA-2017-117863,2017-05-18,2017-05-23,TS-21340,75,1,3.048,1.0287,0.2,2017,5,False
CA-2017-160458,2017-05-27,2017-05-29,EH-13945,1792,5,25.92,9.072,0.2,2017,5,False
US-2016-142685,2016-06-23,2016-06-30,MG-17695,460,7,835.17,16.7034,0.0,2016,6,True
CA-2016-133144,2016-05-16,2016-05-21,DO-13435,1749,3,17.34,8.4966,0.0,2016,5,False
CA-2017-167871,2017-11-18,2017-11-23,AF-10870,1727,1,44.384,15.5344,0.2,2017,11,False
CA-2017-167871,2017-11-18,2017-11-23,AF-10870,1496,1,2.944,-0.6624,0.2,2017,11,False
CA-2016-119963,2016-11-18,2016-11-22,SN-20710,28,2,6.368,1.0348,0.2,2016,11,False
CA-2016-119963,2016-11-18,2016-11-22,SN-20710,178,2,48.848,15.8756,0.2,2016,11,False
CA-2016-119963,2016-11-18,2016-11-22,SN-20710,1663,2,19.648,6.6312,0.2,2016,11,False
CA-2016-119963,2016-11-18,2016-11-22,SN-20710,771,6,255.108,-18.222,0.3,2016,11,False
CA-2014-121167,2014-11-28,2014-11-30,MO-17500,710,2,17.248,6.0368,0.2,2014,11,False
US-2016-151862,2016-03-01,2016-03-08,ON-18715,1321,2,159.984,13.9986,0.2,2016,3,False
CA-2017-152961,2017-01-15,2017-01-19,SC-20095,1530,2,12.7,5.842,0.0,2017,1,False
CA-2014-133228,2014-04-04,2014-04-09,MS-17710,119,1,5.47,2.3521,0.0,2014,4,False
CA-2014-133228,2014-04-04,2014-04-09,MS-17710,1125,4,79.36,23.808,0.0,2014,4,False
CA-2016-114951,2016-06-26,2016-07-03,DN-13690,569,3,22.14,6.4206,0.0,2016,6,False
CA-2016-156573,2016-05-29,2016-06-02,RB-19360,704,3,11.277,-8.6457,0.7,2016,5,False
CA-2016-156573,2016-05-29,2016-06-02,RB-19360,1141,2,4.448,0.3336,0.2,2016,5,False
CA-2016-156573,2016-05-29,2016-06-02,RB-19360,24,3,44.76,14.547,0.2,2016,5,False
CA-2015-113901,2015-10-19,2015-10-24,NH-18610,248,6,38.28,17.6088,0.0,2015,10,False
CA-2015-113901,2015-10-19,2015-10-24,NH-18610,1223,5,149.95,44.985,0.0,2015,10,False
CA-2017-134838,2017-02-19,2017-02-20,ED-13885,1127,3,12.84,3.4668,0.0,2017,2,False
CA-2017-134838,2017-02-19,2017-02-20,ED-13885,1561,3,44.67,12.0609,0.0,2017,2,False
CA-2016-120257,2016-09-22,2016-09-28,PW-19240,1157,3,7.872,0.8856,0.2,2016,9,False
CA-2014-164910,2014-11-12,2014-11-17,DM-13345,1160,3,7.872,0.8856,0.2,2014,11,False
CA-2016-149902,2016-04-01,2016-04-06,DW-13540,352,4,88.04,22.8904,0.0,2016,4,False
CA-2016-146010,2016-05-20,2016-05-23,EH-14125,687,7,40.635,-32.508,0.7,2016,5,False
US-2015-163685,2015-06-01,2015-06-05,KE-16420,262,8,5.728,-9.1648,0.8,2015,6,False
US-2015-163685,2015-06-01,2015-06-05,KE-16420,1714,10,42.24,13.2,0.2,2015,6,False
CA-2014-135090,2014-11-22,2014-11-26,SP-20920,1678,9,53.82,24.219,0.0,2014,11,False
CA-2015-132374,2015-02-22,2015-02-24,PS-19045,1148,4,79.36,20.6336,0.0,2015,2,False
CA-2016-167556,2016-03-29,2016-04-02,JM-15250,1065,2,13.48,6.74,0.0,2016,3,False
CA-2016-167556,2016-03-29,2016-04-02,JM-15250,62,5,29.8,9.3125,0.2,2016,3,False
CA-2016-167556,2016-03-29,2016-04-02,JM-15250,881,8,414.0,124.2,0.0,2016,3,False
CA-2016-167556,2016-03-29,2016-04-02,JM-15250,695,7,41.328,14.9814,0.2,2016,3,False
US-2016-116400,2016-10-22,2016-10-24,EB-13930,571,4,39.92,11.1776,0.0,2016,10,False
CA-2017-101308,2017-10-02,2017-10-07,FG-14260,1499,3,8.94,4.1124,0.0,2017,10,False
CA-2017-101308,2017-10-02,2017-10-07,FG-14260,1843,2,84.784,-20.1362,0.2,2017,10,False
CA-2014-114517,2014-12-23,2014-12-27,TH-21235,835,2,53.316,-19.5492,0.4,2014,12,False
CA-2014-114517,2014-12-23,2014-12-27,TH-21235,305,3,56.52,15.8256,0.0,2014,12,False
CA-2017-119564,2017-12-15,2017-12-20,PL-18925,1050,3,22.77,9.7911,0.0,2017,12,False
CA-2016-135265,2016-07-07,2016-07-09,CC-12370,760,4,287.968,-3.5996,0.2,2016,7,False
CA-2016-135265,2016-07-07,2016-07-09,CC-12370,400,5,2799.96,944.9865,0.2,2016,7,True
CA-2016-135265,2016-07-07,2016-07-09,CC-12370,1730,1,48.94,24.47,0.0,2016,7,False
CA-2016-108735,2016-04-17,2016-04-21,JM-15535,389,3,257.499,24.2352,0.15,2016,4,False
CA-2017-112333,2017-04-08,2017-04-14,KF-16285,1548,4,2591.56,621.9744,0.0,2017,4,True
CA-2017-112333,2017-04-08,2017-04-14,KF-16285,338,5,41.95,10.4875,0.0,2017,4,False
US-2016-159415,2016-04-17,2016-04-22,CS-12175,1585,5,79.12,13.846,0.2,2016,4,False
CA-2014-122588,2014-11-25,2014-11-27,AR-10540,479,2,52.96,20.1248,0.0,2014,11,False
CA-2014-137589,2014-11-03,2014-11-08,MS-17770,460,3,286.344,-64.4274,0.2,2014,11,False
CA-2015-161998,2015-05-01,2015-05-05,DB-13120,479,3,63.552,14.2992,0.2,2015,5,False
CA-2015-161998,2015-05-01,2015-05-05,DB-13120,668,3,41.376,4.6548,0.2,2015,5,False
CA-2015-161998,2015-05-01,2015-05-05,DB-13120,1231,6,172.704,10.794,0.2,2015,5,False
CA-2015-105627,2015-03-08,2015-03-12,DK-12895,1361,3,512.94,97.4586,0.0,2015,3,True
CA-2015-105627,2015-03-08,2015-03-12,DK-12895,847,7,860.93,189.4046,0.0,2015,3,True
CA-2015-105627,2015-03-08,2015-03-12,DK-12895,1168,5,769.95,223.2855,0.0,2015,3,True
CA-2015-105627,2015-03-08,2015-03-12,DK-12895,356,1,14.98,4.494,0.0,2015,3,False
CA-2015-105627,2015-03-08,2015-03-12,DK-12895,514,6,373.08,82.0776,0.0,2015,3,False
US-2015-149629,2015-07-17,2015-07-20,MP-17965,390,5,231.92,5.798,0.2,2015,7,False
CA-2014-116834,2014-10-11,2014-10-16,Dp-13240,484,11,63.47,19.041,0.0,2014,10,False
CA-2014-116834,2014-10-11,2014-10-16,Dp-13240,1605,5,345.0,58.65,0.0,2014,10,False
CA-2016-145730,2016-03-03,2016-03-08,CC-12220,1200,3,637.896,-127.5792,0.3,2016,3,True
CA-2016-145730,2016-03-03,2016-03-08,CC-12220,402,3,287.91,33.5895,0.4,2016,3,False
CA-2016-145730,2016-03-03,2016-03-08,CC-12220,1618,3,36.6,11.895,0.2,2016,3,False
US-2015-168732,2015-12-10,2015-12-16,KM-16660,1500,1,1.78,0.4984,0.0,2015,12,False
US-2015-168732,2015-12-10,2015-12-16,KM-16660,1796,4,25.92,12.4416,0.0,2015,12,False
US-2015-168732,2015-12-10,2015-12-16,KM-16660,1066,6,101.94,21.4074,0.0,2015,12,False
CA-2015-107468,2015-12-18,2015-12-22,MK-17905,1127,2,6.848,0.5992,0.2,2015,12,False
CA-2017-144463,2017-01-01,2017-01-05,SC-20725,873,11,474.43,199.2606,0.0,2017,1,False
CA-2017-100811,2017-11-21,2017-11-24,CC-12475,1762,2,8.448,2.64,0.2,2017,11,False
CA-2017-100811,2017-11-21,2017-11-24,CC-12475,1333,4,39.296,3.9296,0.2,2017,11,False
CA-2015-153612,2015-12-22,2015-12-27,BT-11305,1144,4,17.12,4.9648,0.0,2015,12,False
CA-2015-165624,2015-08-23,2015-08-28,FH-14350,171,3,542.94,152.0232,0.0,2015,8,True
CA-2015-165624,2015-08-23,2015-08-28,FH-14350,180,3,8.64,4.2336,0.0,2015,8,False
CA-2015-165624,2015-08-23,2015-08-28,FH-14350,1732,5,193.8,94.962,0.0,2015,8,False
CA-2015-165624,2015-08-23,2015-08-28,FH-14350,1751,5,21.4,9.63,0.0,2015,8,False
CA-2015-165624,2015-08-23,2015-08-28,FH-14350,1673,2,97.88,48.94,0.0,2015,8,False
CA-2015-165624,2015-08-23,2015-08-28,FH-14350,1061,9,251.91,47.8629,0.0,2015,8,False
CA-2015-165624,2015-08-23,2015-08-28,FH-14350,78,3,25.86,6.7236,0.0,2015,8,False
CA-2014-154963,2014-06-22,2014-06-27,AA-10645,1226,3,170.058,-4.8588,0.3,2014,6,False
CA-2014-154963,2014-06-22,2014-06-27,AA-10645,1244,3,82.782,-15.1767,0.4,2014,6,False
CA-2014-154963,2014-06-22,2014-06-27,AA-10645,839,5,853.93,0.0,0.3,2014,6,True
CA-2017-130764,2017-10-27,2017-10-28,JO-15145,1187,5,556.665,6.549,0.15,2017,10,True
CA-2017-130764,2017-10-27,2017-10-28,JO-15145,936,4,95.84,34.742,0.2,2017,10,False
CA-2017-139311,2017-08-11,2017-08-13,SF-20965,1652,4,29.664,10.0116,0.2,2017,8,False
CA-2017-139311,2017-08-11,2017-08-13,SF-20965,274,7,9.184,2.87,0.2,2017,8,False
CA-2017-139311,2017-08-11,2017-08-13,SF-20965,1314,2,153.584,13.4386,0.2,2017,8,False
CA-2017-139311,2017-08-11,2017-08-13,SF-20965,663,8,12.864,-22.512,0.8,2017,8,False
CA-2017-124296,2017-12-24,2017-12-28,CS-12355,501,3,479.97,239.985,0.0,2017,12,False
CA-2017-124296,2017-12-24,2017-12-28,CS-12355,906,4,232.88,60.5488,0.0,2017,12,False
CA-2016-169957,2016-09-26,2016-09-30,SN-20710,295,6,236.88,66.3264,0.0,2016,9,False
CA-2016-169957,2016-09-26,2016-09-30,SN-20710,1589,5,29.9,14.651,0.0,2016,9,False
CA-2016-169957,2016-09-26,2016-09-30,SN-20710,1083,4,100.0,21.0,0.0,2016,9,False
US-2016-108777,2016-12-12,2016-12-12,JM-15655,1625,3,18.693,-14.3313,0.7,2016,12,False
US-2016-108777,2016-12-12,2016-12-12,JM-15655,1004,6,383.952,76.7904,0.2,2016,12,False
CA-2015-148859,2015-12-28,2016-01-01,FH-14350,1542,2,24.816,1.551,0.2,2015,12,False
CA-2014-110786,2014-12-29,2015-01-02,AJ-10795,1488,5,24.9,8.217,0.0,2014,12,False
CA-2014-110786,2014-12-29,2015-01-02,AJ-10795,1772,4,21.12,9.504,0.0,2014,12,False
CA-2014-110786,2014-12-29,2015-01-02,AJ-10795,501,6,767.952,287.982,0.2,2014,12,True
CA-2014-110786,2014-12-29,2015-01-02,AJ-10795,246,3,14.352,4.6644,0.2,2014,12,False
CA-2014-110786,2014-12-29,2015-01-02,AJ-10795,1096,3,191.976,19.1976,0.2,2014,12,False
CA-2014-110786,2014-12-29,2015-01-02,AJ-10795,183,9,274.77,126.3942,0.0,2014,12,False
CA-2014-110786,2014-12-29,2015-01-02,AJ-10795,615,6,70.56,23.9904,0.0,2014,12,False
CA-2015-137750,2015-06-25,2015-06-30,JF-15565,503,5,204.85,57.358,0.0,2015,6,False
CA-2015-136378,2015-04-02,2015-04-07,CS-11845,136,3,9.156,-13.734,0.8,2015,4,False
CA-2017-100356,2017-10-21,2017-10-25,SP-20920,299,2,23.992,-62.3792,0.8,2017,10,False
US-2015-166520,2015-07-16,2015-07-19,KE-16420,1263,3,80.88,39.6312,0.0,2015,7,False
US-2015-166520,2015-07-16,2015-07-19,KE-16420,954,10,599.9,191.968,0.0,2015,7,True
CA-2017-136350,2017-06-24,2017-06-26,GA-14515,515,3,276.69,49.8042,0.0,2017,6,False
CA-2017-136350,2017-06-24,2017-06-26,GA-14515,745,2,172.764,32.6332,0.1,2017,6,False
CA-2014-122931,2014-09-29,2014-10-03,SM-20950,1166,3,4.224,1.4784,0.2,2014,9,False
CA-2014-122931,2014-09-29,2014-10-03,SM-20950,828,2,409.272,-81.8544,0.4,2014,9,False
CA-2014-122931,2014-09-29,2014-10-03,SM-20950,1258,11,55.44,18.018,0.2,2014,9,False
CA-2014-122931,2014-09-29,2014-10-03,SM-20950,1473,4,20.928,6.8016,0.2,2014,9,False
CA-2014-122931,2014-09-29,2014-10-03,SM-20950,1556,6,1801.632,-337.806,0.2,2014,9,True
CA-2014-122931,2014-09-29,2014-10-03,SM-20950,830,1,67.176,-20.1528,0.4,2014,9,False
CA-2014-163034,2014-11-24,2014-11-28,DK-12985,661,5,646.2,-8.0775,0.2,2014,11,True
CA-2015-124058,2015-11-20,2015-11-24,LC-16885,731,7,72.744,-15.4581,0.2,2015,11,False
CA-2015-124058,2015-11-20,2015-11-24,LC-16885,1378,3,572.16,35.76,0.2,2015,11,True
CA-2016-129196,2016-11-01,2016-11-07,XP-21865,1053,3,68.112,17.8794,0.2,2016,11,False
US-2015-138716,2015-09-17,2015-09-20,CS-11845,58,3,25.032,7.8225,0.2,2015,9,False
US-2016-122182,2016-03-10,2016-03-14,BD-11770,1266,1,39.992,7.4985,0.2,2016,3,False
US-2014-130358,2014-06-23,2014-06-26,DL-13330,1297,9,20.016,1.7514,0.2,2014,6,False
US-2014-130358,2014-06-23,2014-06-26,DL-13330,92,1,3.104,0.3492,0.2,2014,6,False
CA-2014-102673,2014-11-01,2014-11-05,KH-16630,1499,5,7.52,1.41,0.2,2014,11,False
CA-2014-102673,2014-11-01,2014-11-05,KH-16630,1127,3,10.272,0.8988,0.2,2014,11,False
CA-2014-102673,2014-11-01,2014-11-05,KH-16630,223,12,47.808,15.5376,0.2,2014,11,False
CA-2014-102673,2014-11-01,2014-11-05,KH-16630,435,9,978.84,110.1195,0.2,2014,11,True
CA-2016-145303,2016-08-28,2016-08-31,TP-21415,146,9,13.14,-21.681,0.8,2016,8,False
CA-2016-145303,2016-08-28,2016-08-31,TP-21415,704,4,10.024,-16.5396,0.8,2016,8,False
CA-2016-145303,2016-08-28,2016-08-31,TP-21415,1422,2,156.3728,-52.8908,0.32,2016,8,False
CA-2015-156104,2015-12-06,2015-12-08,NP-18685,804,2,999.98,449.991,0.0,2015,12,True
US-2015-164308,2015-09-24,2015-09-27,SC-20680,38,6,821.94,213.7044,0.0,2015,9,True
CA-2017-108112,2017-11-15,2017-11-20,DK-12895,880,4,220.064,55.016,0.2,2017,11,False
CA-2017-108112,2017-11-15,2017-11-20,DK-12895,1533,4,339.136,0.0,0.2,2017,11,False
CA-2015-100685,2015-12-19,2015-12-21,SM-20950,1436,2,7.04,3.3088,0.0,2015,12,False
CA-2015-100685,2015-12-19,2015-12-21,SM-20950,283,4,5.04,0.2016,0.0,2015,12,False
CA-2015-100685,2015-12-19,2015-12-21,SM-20950,1616,3,116.28,56.9772,0.0,2015,12,False
CA-2015-165414,2015-12-21,2015-12-24,LS-17245,149,3,47.976,4.7976,0.2,2015,12,False
CA-2016-140417,2016-09-25,2016-09-29,KE-16420,1325,9,60.048,22.518,0.2,2016,9,False
CA-2016-140417,2016-09-25,2016-09-29,KE-16420,697,1,5.022,-3.5154,0.7,2016,9,False
US-2017-151316,2017-06-24,2017-06-30,MC-17635,896,3,182.994,-320.2395,0.8,2017,6,False
US-2017-151316,2017-06-24,2017-06-30,MC-17635,1761,3,10.272,3.21,0.2,2017,6,False
CA-2017-163692,2017-09-07,2017-09-09,Dp-13240,1637,3,7.857,-6.0237,0.7,2017,9,False
CA-2016-111913,2016-08-04,2016-08-06,LC-16930,1092,2,302.384,30.2384,0.2,2016,8,False
CA-2016-111913,2016-08-04,2016-08-06,LC-16930,1637,3,20.952,7.0713,0.2,2016,8,False
CA-2016-111913,2016-08-04,2016-08-06,LC-16930,1305,3,11.784,3.9771,0.2,2016,8,False
US-2014-156559,2014-08-19,2014-08-26,LH-16900,845,9,638.82,172.4814,0.0,2014,8,True
CA-2016-161473,2016-04-01,2016-04-05,TB-21175,179,2,20.7,9.936,0.0,2016,4,False
CA-2016-161473,2016-04-01,2016-04-05,TB-21175,102,3,10.95,3.285,0.0,2016,4,False
CA-2016-161473,2016-04-01,2016-04-05,TB-21175,246,3,14.352,4.6644,0.2,2016,4,False
CA-2017-166576,2017-05-16,2017-05-18,JM-15865,1366,2,221.024,-55.256,0.2,2017,5,False
CA-2015-102491,2015-08-24,2015-08-28,KW-16435,431,7,3080.0,1416.8,0.0,2015,8,True
CA-2015-102491,2015-08-24,2015-08-28,KW-16435,152,4,79.96,18.3908,0.0,2015,8,False
CA-2015-102491,2015-08-24,2015-08-28,KW-16435,971,3,587.97,170.5113,0.0,2015,8,True
CA-2014-116904,2014-09-23,2014-09-28,SC-20095,1813,5,32.4,15.552,0.0,2014,9,False
CA-2014-116904,2014-09-23,2014-09-28,SC-20095,417,5,404.9,16.196,0.0,2014,9,False
CA-2014-116904,2014-09-23,2014-09-28,SC-20095,895,5,9449.95,4630.4755,0.0,2014,9,True
CA-2014-116904,2014-09-23,2014-09-28,SC-20095,691,2,12.94,6.47,0.0,2014,9,False
US-2017-102288,2017-06-19,2017-06-23,ZC-21910,823,1,2.264,-5.2072,0.8,2017,6,False
US-2017-102288,2017-06-19,2017-06-23,ZC-21910,867,1,0.444,-1.11,0.8,2017,6,False
US-2017-102288,2017-06-19,2017-06-23,ZC-21910,1773,8,146.176,47.5072,0.2,2017,6,False
CA-2017-137456,2017-12-21,2017-12-21,RB-19465,1497,2,15.92,7.0048,0.0,2017,12,False
US-2017-155999,2017-08-07,2017-08-13,JK-15370,728,5,159.96,17.9955,0.2,2017,8,False
US-2017-155999,2017-08-07,2017-08-13,JK-15370,264,2,13.76,4.644,0.2,2017,8,False
US-2016-148334,2016-08-22,2016-08-26,DD-13570,710,2,4.312,-6.8992,0.8,2016,8,False
CA-2015-105599,2015-09-07,2015-09-07,MC-17275,587,2,13.96,0.2792,0.0,2015,9,False
CA-2015-105599,2015-09-07,2015-09-07,MC-17275,145,3,27.414,-14.1639,0.4,2015,9,False
CA-2015-153717,2015-12-25,2016-01-01,DL-13495,994,2,73.98,19.9746,0.0,2015,12,False
CA-2015-153717,2015-12-25,2016-01-01,DL-13495,1362,1,160.98,20.9274,0.0,2015,12,False
CA-2015-153717,2015-12-25,2016-01-01,DL-13495,1768,3,17.34,8.4966,0.0,2015,12,False
CA-2015-153717,2015-12-25,2016-01-01,DL-13495,1161,1,3.28,0.9512,0.0,2015,12,False
CA-2015-116687,2015-05-02,2015-05-07,NC-18625,211,3,8.856,2.9889,0.2,2015,5,False
CA-2015-116687,2015-05-02,2015-05-07,NC-18625,1397,3,158.376,13.8579,0.2,2015,5,False
CA-2016-163573,2016-11-24,2016-11-27,AC-10450,896,5,1219.96,381.2375,0.2,2016,11,True
CA-2015-153416,2015-11-24,2015-11-29,TS-21340,266,2,3.168,0.99,0.2,2015,11,False
CA-2015-153416,2015-11-24,2015-11-29,TS-21340,1822,3,19.44,9.3312,0.0,2015,11,False
CA-2015-153416,2015-11-24,2015-11-29,TS-21340,634,7,454.86,54.5832,0.0,2015,11,False
CA-2015-153416,2015-11-24,2015-11-29,TS-21340,263,8,91.392,29.7024,0.2,2015,11,False
CA-2017-117394,2017-09-04,2017-09-10,MM-17920,963,4,19.04,-1.428,0.2,2017,9,False
CA-2017-133823,2017-05-11,2017-05-12,LP-17080,143,6,37.44,16.848,0.0,2017,5,False
CA-2017-133823,2017-05-11,2017-05-12,LP-17080,209,3,37.59,17.6673,0.0,2017,5,False
CA-2017-133823,2017-05-11,2017-05-12,LP-17080,61,2,26.032,9.4366,0.2,2017,5,False
CA-2014-127523,2014-05-11,2014-05-18,BG-11695,1494,3,35.91,9.6957,0.0,2014,5,False
CA-2017-123239,2017-07-27,2017-07-31,MG-18145,560,3,91.032,-2.2758,0.2,2017,7,False
CA-2017-156769,2017-05-06,2017-05-09,GZ-14470,528,6,54.66,18.0378,0.0,2017,5,False
CA-2014-127299,2014-09-19,2014-09-24,JL-15835,1312,6,67.344,7.5762,0.2,2014,9,False
CA-2014-127299,2014-09-19,2014-09-24,JL-15835,787,3,2624.985,-944.9946,0.5,2014,9,True
CA-2015-121272,2015-03-29,2015-04-04,DO-13435,51,4,73.28,21.2512,0.0,2015,3,False
CA-2014-115336,2014-11-18,2014-11-25,AB-10600,720,5,14.48,-23.892,0.8,2014,11,False
CA-2015-111703,2015-07-02,2015-07-09,KB-16315,537,3,11.952,4.0338,0.2,2015,7,False
CA-2015-111703,2015-07-02,2015-07-09,KB-16315,1746,3,15.552,5.6376,0.2,2015,7,False
CA-2014-128839,2014-09-08,2014-09-13,TT-21070,121,9,45.0,21.6,0.0,2014,9,False
CA-2014-128839,2014-09-08,2014-09-13,TT-21070,604,3,209.97,90.2871,0.0,2014,9,False
CA-2017-105914,2017-10-02,2017-10-08,PV-18985,1254,5,112.12,42.045,0.2,2017,10,False
CA-2017-105914,2017-10-02,2017-10-08,PV-18985,1551,7,1575.14,204.7682,0.0,2017,10,True
CA-2017-110926,2017-11-19,2017-11-23,DD-13570,1194,7,25.06,12.53,0.0,2017,11,False
CA-2016-117226,2016-12-30,2017-01-01,KD-16495,235,6,6.924,-10.386,0.8,2016,12,False
CA-2017-127313,2017-12-01,2017-12-04,RA-19285,1260,3,37.392,2.337,0.2,2017,12,False
CA-2017-127313,2017-12-01,2017-12-04,RA-19285,1585,5,79.12,13.846,0.2,2017,12,False
CA-2016-136287,2016-06-13,2016-06-17,SS-20590,219,3,18.9,8.694,0.0,2016,6,False
US-2014-107699,2014-05-19,2014-05-23,JH-15820,248,9,57.42,26.4132,0.0,2014,5,False
CA-2017-112725,2017-01-30,2017-02-06,EH-14125,473,7,12.74,5.733,0.0,2017,1,False
CA-2017-112725,2017-01-30,2017-02-06,EH-14125,1146,3,8.82,2.3814,0.0,2017,1,False
CA-2017-112725,2017-01-30,2017-02-06,EH-14125,1173,1,120.784,-13.5882,0.2,2017,1,False
CA-2015-136196,2015-11-28,2015-12-04,TP-21415,1540,3,322.59,64.518,0.0,2015,11,False
CA-2017-106068,2017-10-23,2017-10-28,RB-19330,61,3,9.762,-15.1311,0.8,2017,10,False
CA-2017-106068,2017-10-23,2017-10-28,RB-19330,125,1,13.72,1.2005,0.2,2017,10,False
CA-2017-106068,2017-10-23,2017-10-28,RB-19330,1605,1,55.2,-2.07,0.2,2017,10,False
CA-2017-106068,2017-10-23,2017-10-28,RB-19330,416,4,259.136,-58.3056,0.2,2017,10,False
CA-2017-100160,2017-09-07,2017-09-11,CB-12025,229,5,29.24,9.8685,0.2,2017,9,False
CA-2017-100160,2017-09-07,2017-09-11,CB-12025,607,3,15.552,5.4432,0.2,2017,9,False
CA-2017-100160,2017-09-07,2017-09-11,CB-12025,1284,3,4.896,1.6524,0.2,2017,9,False
CA-2016-139689,2016-12-29,2017-01-03,MP-17965,722,4,38.088,-27.9312,0.7,2016,12,False
CA-2016-139689,2016-12-29,2017-01-03,MP-17965,1842,3,2.808,-1.9656,0.7,2016,12,False
CA-2015-101091,2015-12-05,2015-12-09,SW-20245,303,2,47.984,0.5998,0.2,2015,12,False
CA-2015-101091,2015-12-05,2015-12-09,SW-20245,720,6,26.064,-19.9824,0.7,2015,12,False
CA-2014-126907,2014-11-01,2014-11-08,SM-20950,1473,3,15.696,5.1012,0.2,2014,11,False
US-2016-164588,2016-04-16,2016-04-23,AP-10915,1150,3,12.84,3.7236,0.0,2016,4,False
CA-2017-115546,2017-05-14,2017-05-18,AH-10465,774,3,539.97,134.9925,0.0,2017,5,True
CA-2017-115546,2017-05-14,2017-05-18,AH-10465,1659,2,22.58,5.8708,0.0,2017,5,False
CA-2015-163587,2015-03-14,2015-03-18,EP-13915,182,4,16.52,7.5992,0.0,2015,3,False
CA-2015-163587,2015-03-14,2015-03-18,EP-13915,685,3,671.94,315.8118,0.0,2015,3,True
US-2017-106131,2017-01-14,2017-01-16,TP-21565,914,7,169.064,-14.7931,0.2,2017,1,False
US-2017-106131,2017-01-14,2017-01-16,TP-21565,1094,9,168.624,14.7546,0.2,2017,1,False
CA-2015-160213,2015-03-08,2015-03-13,AR-10825,1789,3,19.44,9.3312,0.0,2015,3,False
CA-2014-157924,2014-10-11,2014-10-13,HA-14920,928,4,31.92,8.2992,0.0,2014,10,False
CA-2014-157924,2014-10-11,2014-10-13,HA-14920,748,2,433.568,-65.0352,0.2,2014,10,False
CA-2015-100216,2015-04-13,2015-04-14,HJ-14875,1806,6,31.104,10.8864,0.2,2015,4,False
CA-2015-100216,2015-04-13,2015-04-14,HJ-14875,1763,3,54.816,17.8152,0.2,2015,4,False
CA-2017-100601,2017-11-16,2017-11-20,JK-15370,587,7,48.86,0.9772,0.0,2017,11,False
CA-2016-152163,2016-07-01,2016-07-01,JF-15355,1633,2,14.2,6.532,0.0,2016,7,False
CA-2016-152163,2016-07-01,2016-07-01,JF-15355,1806,2,12.96,6.2208,0.0,2016,7,False
CA-2016-152163,2016-07-01,2016-07-01,JF-15355,330,2,58.34,28.0032,0.0,2016,7,False
CA-2015-154340,2015-11-29,2015-11-30,EK-13795,358,2,56.3,15.764,0.0,2015,11,False
CA-2014-128846,2014-04-07,2014-04-12,RS-19765,46,5,629.95,163.787,0.0,2014,4,True
CA-2014-128846,2014-04-07,2014-04-12,RS-19765,1733,3,122.97,60.2553,0.0,2014,4,False
CA-2016-148593,2016-06-16,2016-06-18,BD-11320,1652,5,46.35,21.7845,0.0,2016,6,False
US-2017-119039,2017-03-06,2017-03-10,BF-11170,542,9,14.976,5.4288,0.2,2017,3,False
CA-2017-128426,2017-10-07,2017-10-11,JK-15730,1512,5,4.24,-6.36,0.8,2017,10,False
US-2017-136868,2017-10-06,2017-10-12,CR-12820,1001,4,319.96,115.1856,0.0,2017,10,False
US-2017-136868,2017-10-06,2017-10-12,CR-12820,107,3,17.04,7.668,0.0,2017,10,False
US-2017-136868,2017-10-06,2017-10-12,CR-12820,1476,3,344.91,10.3473,0.0,2017,10,False
CA-2016-143749,2016-12-05,2016-12-07,AG-10300,1184,1,81.94,20.485,0.0,2016,12,False
CA-2016-111493,2016-10-21,2016-10-22,CM-12160,996,6,98.16,9.816,0.0,2016,10,False
CA-2017-112536,2017-05-18,2017-05-23,SG-20890,74,7,6.874,-10.6547,0.8,2017,5,False
CA-2017-112536,2017-05-18,2017-05-23,SG-20890,245,1,1.996,-3.2934,0.8,2017,5,False
CA-2017-112536,2017-05-18,2017-05-23,SG-20890,1281,2,8.928,0.6696,0.2,2017,5,False
CA-2016-157714,2016-09-26,2016-10-01,CS-12175,794,1,9.99,4.4955,0.0,2016,9,False
CA-2017-166709,2017-11-17,2017-11-22,HL-15040,404,3,10499.97,5039.9856,0.0,2017,11,True
CA-2015-129392,2015-07-08,2015-07-08,DM-13015,1782,5,21.12,6.6,0.2,2015,7,False
CA-2015-150875,2015-11-16,2015-11-20,HK-14890,366,2,696.42,160.1766,0.0,2015,11,True
CA-2015-150875,2015-11-16,2015-11-20,HK-14890,932,3,304.776,22.8582,0.2,2015,11,False
CA-2015-154200,2015-06-18,2015-06-22,BG-11740,280,2,51.98,15.0742,0.0,2015,6,False
CA-2016-124233,2016-04-08,2016-04-14,CK-12595,393,5,24.7,10.374,0.0,2016,4,False
US-2015-134271,2015-04-18,2015-04-23,RF-19735,193,3,21.93,10.3071,0.0,2015,4,False
US-2016-161683,2016-12-03,2016-12-08,CJ-12010,860,4,394.816,93.7688,0.2,2016,12,False
US-2016-161683,2016-12-03,2016-12-08,CJ-12010,679,4,18.192,-14.5536,0.7,2016,12,False
CA-2015-143105,2015-12-10,2015-12-10,MA-17560,193,1,7.31,3.4357,0.0,2015,12,False
CA-2015-143105,2015-12-10,2015-12-10,MA-17560,804,2,799.984,249.995,0.2,2015,12,True
CA-2015-143105,2015-12-10,2015-12-10,MA-17560,105,6,41.28,18.9888,0.0,2015,12,False
CA-2015-143105,2015-12-10,2015-12-10,MA-17560,1665,7,184.66,84.9436,0.0,2015,12,False
CA-2014-145387,2014-10-31,2014-11-02,AM-10705,1031,5,49.25,18.715,0.0,2014,10,False
CA-2014-145387,2014-10-31,2014-11-02,AM-10705,1326,2,10.16,4.7752,0.0,2014,10,False
CA-2014-145387,2014-10-31,2014-11-02,AM-10705,569,2,14.76,4.2804,0.0,2014,10,False
CA-2014-145387,2014-10-31,2014-11-02,AM-10705,707,2,34.08,15.6768,0.0,2014,10,False
CA-2014-145387,2014-10-31,2014-11-02,AM-10705,591,3,17.67,7.7748,0.0,2014,10,False
CA-2014-145387,2014-10-31,2014-11-02,AM-10705,852,5,1604.9,481.47,0.0,2014,10,True
CA-2014-145387,2014-10-31,2014-11-02,AM-10705,424,1,385.686,-60.6078,0.3,2014,10,False
CA-2017-109715,2017-12-09,2017-12-14,AH-10585,1707,2,15.984,4.995,0.2,2017,12,False
CA-2014-166457,2014-05-05,2014-05-09,PF-19120,104,3,9.42,4.239,0.0,2014,5,False
CA-2014-166457,2014-05-05,2014-05-09,PF-19120,1160,2,6.56,1.9024,0.0,2014,5,False
CA-2014-166457,2014-05-05,2014-05-09,PF-19120,1720,2,24.56,11.5432,0.0,2014,5,False
CA-2016-164637,2016-03-04,2016-03-08,RD-19480,781,3,128.4,64.2,0.0,2016,3,False
CA-2014-103590,2014-11-30,2014-12-04,JL-15505,1245,4,62.28,29.2716,0.0,2014,11,False
CA-2015-111234,2015-02-18,2015-02-22,AB-10600,1455,3,9.24,4.4352,0.0,2015,2,False
CA-2017-149881,2017-04-01,2017-04-03,NC-18535,1385,8,482.664,85.176,0.15,2017,4,False
CA-2017-149881,2017-04-01,2017-04-03,NC-18535,475,2,4799.984,359.9988,0.2,2017,4,True
CA-2017-134565,2017-06-11,2017-06-13,TB-21400,1726,2,37.94,18.2112,0.0,2017,6,False
CA-2017-134565,2017-06-11,2017-06-13,TB-21400,72,6,18.288,6.6294,0.2,2017,6,False
CA-2017-134565,2017-06-11,2017-06-13,TB-21400,433,5,385.8,130.2075,0.2,2017,6,False
CA-2017-134565,2017-06-11,2017-06-13,TB-21400,291,2,102.96,1.0296,0.0,2017,6,False
CA-2017-134565,2017-06-11,2017-06-13,TB-21400,1182,3,174.42,41.8608,0.0,2017,6,False
CA-2016-108644,2016-09-30,2016-10-03,SJ-20215,1305,2,1.964,-3.2406,0.8,2016,9,False
US-2014-102631,2014-12-13,2014-12-17,EB-13840,877,3,94.428,-42.4926,0.6,2014,12,False
CA-2017-120327,2017-11-11,2017-11-16,WB-21850,1601,4,45.92,21.5824,0.0,2017,11,False
CA-2015-154970,2015-01-05,2015-01-10,SR-20740,747,1,61.584,-6.9282,0.2,2015,1,False
CA-2016-113803,2016-03-24,2016-03-26,VG-21805,922,1,22.48,10.3408,0.0,2016,3,False
CA-2017-100223,2017-07-05,2017-07-10,LS-16945,515,9,332.028,-348.6294,0.6,2017,7,False
CA-2017-100223,2017-07-05,2017-07-10,LS-16945,408,9,11.394,-17.6607,0.8,2017,7,False
CA-2017-100223,2017-07-05,2017-07-10,LS-16945,1765,3,15.552,5.6376,0.2,2017,7,False
CA-2017-100223,2017-07-05,2017-07-10,LS-16945,1755,6,31.104,11.2752,0.2,2017,7,False
CA-2017-100223,2017-07-05,2017-07-10,LS-16945,1577,1,6.316,-10.4214,0.8,2017,7,False
CA-2014-168823,2014-09-21,2014-09-24,MA-17560,1614,3,11.352,4.1151,0.2,2014,9,False
CA-2014-168823,2014-09-21,2014-09-24,MA-17560,1498,9,20.808,7.0227,0.2,2014,9,False
CA-2016-162404,2016-07-23,2016-07-27,NF-18475,692,4,11.416,-18.8364,0.8,2016,7,False
CA-2017-104024,2017-08-29,2017-09-03,MD-17860,1130,7,9.408,0.7056,0.2,2017,8,False
CA-2017-147144,2017-03-26,2017-03-28,MZ-17335,355,1,19.83,5.949,0.0,2017,3,False
CA-2017-158673,2017-12-29,2018-01-04,KB-16600,1700,2,209.7,100.656,0.0,2017,12,False
CA-2014-133704,2014-09-20,2014-09-26,MA-17995,1494,4,43.92,11.8584,0.0,2014,9,False
CA-2014-133704,2014-09-20,2014-09-26,MA-17995,900,3,20.232,6.5754,0.2,2014,9,False
CA-2016-159142,2016-04-04,2016-04-05,ME-17320,150,3,149.97,5.9988,0.0,2016,4,False
CA-2016-159142,2016-04-04,2016-04-05,ME-17320,1652,3,27.81,13.0707,0.0,2016,4,False
CA-2014-138436,2014-03-26,2014-03-30,JD-15895,1404,3,66.3,8.619,0.0,2014,3,False
CA-2017-117702,2017-11-28,2017-12-04,LS-16975,274,1,1.64,0.738,0.0,2017,11,False
CA-2017-117702,2017-11-28,2017-12-04,LS-16975,1036,5,1049.2,272.792,0.0,2017,11,True
CA-2017-117702,2017-11-28,2017-12-04,LS-16975,576,5,20.9,7.524,0.0,2017,11,False
CA-2016-157336,2016-12-01,2016-12-05,SJ-20500,1836,6,88.08,40.5168,0.0,2016,12,False
CA-2016-157336,2016-12-01,2016-12-05,SJ-20500,842,4,751.92,150.384,0.0,2016,12,True
CA-2014-168130,2014-09-19,2014-09-19,BS-11365,851,7,887.103,177.4206,0.1,2014,9,True
CA-2015-155068,2015-10-23,2015-10-23,RA-19285,1064,7,55.944,-13.2867,0.2,2015,10,False
CA-2015-155068,2015-10-23,2015-10-23,RA-19285,1411,2,10.688,2.2712,0.2,2015,10,False
CA-2015-155068,2015-10-23,2015-10-23,RA-19285,1374,2,11.824,1.0346,0.2,2015,10,False
CA-2017-163160,2017-10-13,2017-10-16,TS-21610,537,3,63.312,20.5764,0.2,2017,10,False
CA-2017-163160,2017-10-13,2017-10-16,TS-21610,716,4,96.784,-145.176,0.8,2017,10,False
CA-2017-163160,2017-10-13,2017-10-16,TS-21610,506,3,10.476,-6.8094,0.6,2017,10,False
CA-2015-101924,2015-09-04,2015-09-09,KB-16585,61,2,9.762,-6.8334,0.7,2015,9,False
CA-2016-124793,2016-03-14,2016-03-16,MM-18280,754,2,196.784,-22.1382,0.2,2016,3,False
CA-2017-118367,2017-10-28,2017-11-02,LO-17170,1335,2,47.98,23.99,0.0,2017,10,False
CA-2017-164819,2017-10-15,2017-10-19,RS-19420,1257,5,13.05,6.003,0.0,2017,10,False
CA-2017-158344,2017-08-07,2017-08-11,CC-12475,1070,4,63.96,19.8276,0.0,2017,8,False
CA-2017-123351,2017-09-21,2017-09-25,KT-16480,34,1,80.48,24.144,0.0,2017,9,False
CA-2017-110429,2017-11-03,2017-11-08,DM-13015,1063,3,11.673,-7.782,0.7,2017,11,False
US-2016-131611,2016-11-05,2016-11-09,EP-13915,972,8,863.128,-160.2952,0.3,2016,11,True
US-2016-131611,2016-11-05,2016-11-09,EP-13915,1511,3,3.564,-6.237,0.8,2016,11,False
US-2016-131611,2016-11-05,2016-11-09,EP-13915,1192,7,956.6648,-225.0976,0.32,2016,11,True
US-2016-131611,2016-11-05,2016-11-09,EP-13915,1302,3,12.588,-20.1408,0.8,2016,11,False
US-2016-131611,2016-11-05,2016-11-09,EP-13915,1015,5,171.96,45.1395,0.2,2016,11,False
US-2017-124821,2017-06-25,2017-06-29,AM-10705,426,4,871.4,148.138,0.0,2017,6,True
CA-2015-166975,2015-11-26,2015-11-30,SH-20635,877,11,692.472,190.4298,0.2,2015,11,True
CA-2016-123806,2016-11-24,2016-11-27,LA-16780,875,4,207.76,85.1816,0.0,2016,11,False
US-2017-158505,2017-07-21,2017-07-21,SF-20200,1247,9,71.928,6.2937,0.2,2017,7,False
US-2017-158505,2017-07-21,2017-07-21,SF-20200,280,1,25.99,7.5371,0.0,2017,7,False
CA-2015-142692,2015-10-23,2015-10-28,AG-10495,259,1,3.592,1.1225,0.2,2015,10,False
CA-2015-123456,2015-07-09,2015-07-13,KN-16450,54,2,48.632,-121.58,0.8,2015,7,False
CA-2017-151358,2017-08-18,2017-08-22,NF-18595,661,2,323.1,61.389,0.0,2017,8,False
US-2016-107440,2016-04-16,2016-04-20,BS-11365,19,7,9099.93,2365.9818,0.0,2016,4,True
US-2016-107440,2016-04-16,2016-04-20,BS-11365,1488,2,9.96,3.2868,0.0,2016,4,False
US-2016-107440,2016-04-16,2016-04-20,BS-11365,1640,5,25.3,11.891,0.0,2016,4,False
CA-2014-166989,2014-11-14,2014-11-18,RM-19675,111,2,11.36,5.2256,0.0,2014,11,False
CA-2014-166989,2014-11-14,2014-11-18,RM-19675,1376,2,69.264,14.6224,0.1,2014,11,False
CA-2014-103100,2014-12-20,2014-12-23,AB-10105,194,1,3.69,1.7343,0.0,2014,12,False
CA-2014-103100,2014-12-20,2014-12-23,AB-10105,897,3,1103.97,496.7865,0.0,2014,12,True
CA-2015-105690,2015-11-21,2015-11-26,CA-11965,1191,2,246.1328,-76.0116,0.32,2015,11,False
CA-2015-105690,2015-11-21,2015-11-26,CA-11965,1433,2,11.696,3.9474,0.2,2015,11,False
CA-2015-105690,2015-11-21,2015-11-26,CA-11965,1445,1,439.992,164.997,0.2,2015,11,False
CA-2017-127516,2017-12-28,2018-01-03,EH-14005,417,1,64.784,-12.9568,0.2,2017,12,False
US-2015-117184,2015-05-17,2015-05-21,ON-18715,713,5,33.28,-49.92,0.8,2015,5,False
US-2015-117184,2015-05-17,2015-05-21,ON-18715,1565,3,14.088,4.9308,0.2,2015,5,False
CA-2017-102407,2017-12-09,2017-12-13,AT-10435,1120,2,11.16,2.79,0.0,2017,12,False
CA-2017-102407,2017-12-09,2017-12-13,AT-10435,317,9,896.328,22.4082,0.2,2017,12,True
CA-2017-102407,2017-12-09,2017-12-13,AT-10435,800,1,189.0,68.04,0.0,2017,12,False
CA-2017-130967,2017-03-10,2017-03-16,EB-13870,1164,3,53.982,-10.7964,0.4,2017,3,False
CA-2017-101581,2017-10-22,2017-10-27,DW-13195,943,5,177.225,-120.513,0.5,2017,10,False
CA-2017-169124,2017-07-03,2017-07-10,MB-17305,873,3,129.39,54.3438,0.0,2017,7,False
CA-2017-117261,2017-09-04,2017-09-10,TH-21235,1354,4,54.32,0.5432,0.0,2017,9,False
CA-2017-129021,2017-08-23,2017-08-26,PO-18850,1388,13,4367.896,327.5922,0.2,2017,8,True
CA-2017-129021,2017-08-23,2017-08-26,PO-18850,892,2,49.568,15.49,0.2,2017,8,False
CA-2017-129021,2017-08-23,2017-08-26,PO-18850,630,6,161.376,12.1032,0.2,2017,8,False
CA-2017-129021,2017-08-23,2017-08-26,PO-18850,586,2,2.784,0.4176,0.2,2017,8,False
CA-2017-129021,2017-08-23,2017-08-26,PO-18850,141,5,8.72,2.943,0.2,2017,8,False
CA-2014-123253,2014-08-22,2014-08-25,DE-13255,627,1,3.912,1.0269,0.2,2014,8,False
CA-2016-121601,2016-10-04,2016-10-04,MO-17500,974,7,59.752,19.4194,0.2,2016,10,False
CA-2014-162278,2014-10-26,2014-10-30,AH-10585,1538,4,63.92,3.196,0.0,2014,10,False
CA-2014-162278,2014-10-26,2014-10-30,AH-10585,1604,5,383.96,38.396,0.2,2014,10,False
CA-2016-161095,2016-06-28,2016-06-28,CS-12250,1337,3,7.752,2.8101,0.2,2016,6,False
CA-2016-161095,2016-06-28,2016-06-28,CS-12250,699,2,33.568,11.7488,0.2,2016,6,False
CA-2014-125829,2014-11-04,2014-11-11,WB-21850,1288,7,666.344,66.6344,0.2,2014,11,True
CA-2014-125829,2014-11-04,2014-11-11,WB-21850,325,4,573.728,-64.5444,0.2,2014,11,True
CA-2014-125829,2014-11-04,2014-11-11,WB-21850,407,3,21.936,8.226,0.2,2014,11,False
CA-2014-125829,2014-11-04,2014-11-11,WB-21850,1795,3,19.44,9.3312,0.0,2014,11,False
CA-2014-125829,2014-11-04,2014-11-11,WB-21850,810,4,447.968,139.99,0.2,2014,11,False
CA-2014-123127,2014-09-08,2014-09-12,SP-20620,338,2,16.78,4.195,0.0,2014,9,False
CA-2015-115945,2015-06-25,2015-07-01,AB-10165,1500,2,20.96,5.24,0.0,2015,6,False
CA-2015-115945,2015-06-25,2015-07-01,AB-10165,719,3,88.752,27.735,0.2,2015,6,False
CA-2015-115945,2015-06-25,2015-07-01,AB-10165,1555,3,304.23,9.1269,0.0,2015,6,False
CA-2015-136735,2015-07-26,2015-08-02,HA-14920,128,2,167.86,78.8942,0.0,2015,7,False
US-2017-136189,2017-12-07,2017-12-11,DC-13285,494,6,82.38,25.5378,0.0,2017,12,False
CA-2014-152345,2014-12-29,2015-01-03,ST-20530,1064,3,23.976,-5.6943,0.2,2014,12,False
CA-2014-152345,2014-12-29,2015-01-03,ST-20530,636,1,33.29,7.9896,0.0,2014,12,False
US-2015-147662,2015-02-14,2015-02-19,KB-16315,711,2,14.952,-11.9616,0.7,2015,2,False
US-2015-147662,2015-02-14,2015-02-19,KB-16315,774,3,323.982,-80.9955,0.4,2015,2,False
US-2015-147662,2015-02-14,2015-02-19,KB-16315,64,2,2.286,-1.6764,0.7,2015,2,False
US-2015-147662,2015-02-14,2015-02-19,KB-16315,1121,3,14.352,0.897,0.2,2015,2,False
US-2015-147662,2015-02-14,2015-02-19,KB-16315,303,3,71.976,0.8997,0.2,2015,2,False
CA-2016-153346,2016-01-25,2016-01-27,TB-21355,531,3,9.21,2.3025,0.0,2016,1,False
CA-2016-153346,2016-01-25,2016-01-27,TB-21355,1529,5,18.0,8.28,0.0,2016,1,False
CA-2017-118360,2017-04-01,2017-04-07,JC-15775,1650,9,42.93,19.3185,0.0,2017,4,False
CA-2017-149853,2017-10-03,2017-10-09,PO-18850,1803,3,15.552,5.4432,0.2,2017,10,False
CA-2017-149853,2017-10-03,2017-10-09,PO-18850,866,5,17.92,1.12,0.2,2017,10,False
CA-2017-107909,2017-09-01,2017-09-06,SS-20875,1023,1,19.99,6.7966,0.0,2017,9,False
CA-2017-107909,2017-09-01,2017-09-06,SS-20875,258,5,22.92,8.022,0.2,2017,9,False
CA-2015-112375,2015-12-21,2015-12-27,RD-19720,1072,6,50.88,14.628,0.2,2015,12,False
CA-2015-112375,2015-12-21,2015-12-27,RD-19720,1334,2,27.312,9.2178,0.2,2015,12,False
CA-2015-154795,2015-12-20,2015-12-24,GZ-14470,7,1,7.92,2.772,0.2,2015,12,False
CA-2015-154795,2015-12-20,2015-12-24,GZ-14470,1177,2,14.368,3.9512,0.2,2015,12,False
CA-2015-125234,2015-11-27,2015-12-01,SN-20710,1461,3,107.97,22.6737,0.0,2015,11,False
CA-2015-125234,2015-11-27,2015-12-01,SN-20710,1456,3,113.82,53.4954,0.0,2015,11,False
CA-2017-133501,2017-08-27,2017-09-01,DK-12895,1813,1,5.184,1.8144,0.2,2017,8,False
US-2014-129609,2014-03-22,2014-03-22,VM-21835,250,2,16.28,6.512,0.0,2014,3,False
CA-2017-130309,2017-12-17,2017-12-21,GB-14575,112,3,544.38,157.8702,0.0,2017,12,True
CA-2017-105410,2017-03-19,2017-03-22,ND-18370,32,6,19.824,6.6906,0.2,2017,3,False
CA-2017-105410,2017-03-19,2017-03-22,ND-18370,938,6,657.504,-131.5008,0.2,2017,3,True
CA-2017-105410,2017-03-19,2017-03-22,ND-18370,1007,2,99.54,10.9494,0.0,2017,3,False
CA-2017-105410,2017-03-19,2017-03-22,ND-18370,1017,4,199.96,85.9828,0.0,2017,3,False
CA-2016-120355,2016-09-18,2016-09-25,MM-17260,758,2,631.782,140.396,0.1,2016,9,True
CA-2016-120355,2016-09-18,2016-09-25,MM-17260,491,3,60.72,26.1096,0.0,2016,9,False
CA-2017-169894,2017-11-24,2017-11-29,MV-17485,705,2,20.724,-15.1976,0.7,2017,11,False
CA-2017-169894,2017-11-24,2017-11-29,MV-17485,634,8,415.872,-41.5872,0.2,2017,11,False
US-2017-100482,2017-04-11,2017-04-15,JL-15130,1505,2,16.768,1.4672,0.2,2017,4,False
US-2017-100482,2017-04-11,2017-04-15,JL-15130,961,2,27.12,-4.746,0.2,2017,4,False
CA-2017-107748,2017-12-10,2017-12-12,AG-10330,936,4,95.84,34.742,0.2,2017,12,False
CA-2017-107748,2017-12-10,2017-12-12,AG-10330,1822,2,12.96,6.2208,0.0,2017,12,False
CA-2017-153654,2017-11-24,2017-11-26,MD-17860,239,8,19.008,-12.672,0.7,2017,11,False
CA-2015-155600,2015-12-04,2015-12-07,RO-19780,688,7,1598.058,-1065.372,0.7,2015,12,True
CA-2015-155600,2015-12-04,2015-12-07,RO-19780,518,4,36.96,12.012,0.2,2015,12,False
CA-2017-162565,2017-12-11,2017-12-11,RR-19315,1805,2,10.368,3.6288,0.2,2017,12,False
CA-2017-162565,2017-12-11,2017-12-11,RR-19315,595,1,77.72,-66.062,0.6,2017,12,False
CA-2017-162565,2017-12-11,2017-12-11,RR-19315,785,2,520.464,-14.8704,0.3,2017,12,True
CA-2016-127642,2016-05-21,2016-05-23,CP-12340,537,2,111.96,54.8604,0.0,2016,5,False
US-2017-163195,2017-02-17,2017-02-21,LL-16840,944,3,29.16,8.4564,0.0,2017,2,False
CA-2017-111332,2017-05-20,2017-05-22,NC-18340,348,3,131.94,35.6238,0.0,2017,5,False
CA-2017-111332,2017-05-20,2017-05-22,NC-18340,277,4,25.92,8.2944,0.0,2017,5,False
CA-2017-111332,2017-05-20,2017-05-22,NC-18340,643,4,704.76,162.0948,0.0,2017,5,True
CA-2017-111332,2017-05-20,2017-05-22,NC-18340,1499,3,7.41,3.4827,0.0,2017,5,False
CA-2017-111332,2017-05-20,2017-05-22,NC-18340,333,10,21.5,7.095,0.0,2017,5,False
CA-2017-117044,2017-09-11,2017-09-13,HA-14920,65,4,10.528,3.29,0.2,2017,9,False
CA-2017-117044,2017-09-11,2017-09-13,HA-14920,1713,6,20.544,6.42,0.2,2017,9,False
US-2016-165078,2016-11-05,2016-11-10,MA-17995,1302,5,104.9,50.352,0.0,2016,11,False
US-2016-165078,2016-11-05,2016-11-10,MA-17995,1311,2,39.68,16.2688,0.0,2016,11,False
US-2016-165078,2016-11-05,2016-11-10,MA-17995,213,5,51.75,24.84,0.0,2016,11,False
US-2017-169320,2017-07-23,2017-07-25,LH-16900,1319,2,11.68,5.4896,0.0,2017,7,False
US-2017-169320,2017-07-23,2017-07-25,LH-16900,1067,5,159.75,11.1825,0.0,2017,7,False
CA-2016-158575,2016-11-18,2016-11-24,SB-20290,815,6,103.968,16.8948,0.2,2016,11,False
CA-2014-166954,2014-04-25,2014-04-30,BT-11305,1546,5,303.25,63.6825,0.0,2014,4,False
CA-2014-166954,2014-04-25,2014-04-30,BT-11305,947,3,270.72,78.5088,0.0,2014,4,False
CA-2014-166954,2014-04-25,2014-04-30,BT-11305,785,5,1487.04,148.704,0.2,2014,4,True
CA-2015-140830,2015-11-30,2015-12-02,PS-18970,4,2,17.48,8.2156,0.0,2015,11,False
CA-2015-140830,2015-11-30,2015-12-02,PS-18970,1580,2,71.88,32.346,0.0,2015,11,False
CA-2015-152891,2015-10-25,2015-10-30,TB-21625,357,3,60.45,16.3215,0.0,2015,10,False
CA-2015-152891,2015-10-25,2015-10-30,TB-21625,284,3,253.176,-31.647,0.2,2015,10,False
US-2015-122784,2015-07-20,2015-07-27,RA-19915,236,5,2.88,-4.464,0.8,2015,7,False
US-2015-122784,2015-07-20,2015-07-27,RA-19915,1185,4,384.944,-126.4816,0.3,2015,7,False
US-2015-122784,2015-07-20,2015-07-27,RA-19915,1314,2,153.584,13.4386,0.2,2015,7,False
US-2015-122784,2015-07-20,2015-07-27,RA-19915,167,5,913.43,-52.196,0.3,2015,7,True
CA-2016-156811,2016-10-27,2016-11-02,BP-11095,1494,4,43.92,11.8584,0.0,2016,10,False
CA-2016-156811,2016-10-27,2016-11-02,BP-11095,58,3,25.032,7.8225,0.2,2016,10,False
CA-2017-111556,2017-11-20,2017-11-22,CD-11920,1757,7,46.76,22.4448,0.0,2017,11,False
CA-2017-111556,2017-11-20,2017-11-22,CD-11920,1422,2,183.968,-25.2956,0.2,2017,11,False
CA-2017-111556,2017-11-20,2017-11-22,CD-11920,1388,3,1259.97,327.5922,0.0,2017,11,True
CA-2017-111556,2017-11-20,2017-11-22,CD-11920,361,3,68.97,19.3116,0.0,2017,11,False
CA-2016-108868,2016-09-08,2016-09-12,KB-16585,348,2,70.368,6.1572,0.2,2016,9,False
CA-2016-108868,2016-09-08,2016-09-12,KB-16585,312,5,59.96,21.7355,0.2,2016,9,False
CA-2014-142965,2014-07-20,2014-07-20,SW-20245,646,1,25.984,-5.1968,0.2,2014,7,False
CA-2014-142965,2014-07-20,2014-07-20,SW-20245,899,3,27.36,-21.888,0.7,2014,7,False
CA-2016-148740,2016-11-15,2016-11-19,AH-10690,1287,2,361.376,27.1032,0.2,2016,11,False
US-2014-138758,2014-07-07,2014-07-11,JL-15835,754,2,172.186,-46.7362,0.3,2014,7,False
US-2014-138758,2014-07-07,2014-07-11,JL-15835,874,2,69.008,12.0764,0.2,2014,7,False
CA-2016-131737,2016-03-17,2016-03-17,GZ-14470,345,5,199.9,89.955,0.0,2016,3,False
CA-2016-131737,2016-03-17,2016-03-17,GZ-14470,859,3,901.95,297.6435,0.0,2016,3,True
CA-2016-131737,2016-03-17,2016-03-17,GZ-14470,595,5,971.5,252.59,0.0,2016,3,True
CA-2016-114538,2016-12-26,2016-12-27,RC-19825,1373,2,11.328,2.5488,0.2,2016,12,False
CA-2014-127936,2014-09-02,2014-09-04,CL-12565,1373,3,21.24,8.0712,0.0,2014,9,False
CA-2015-164336,2015-07-05,2015-07-10,MW-18220,791,3,34.8,2.175,0.2,2015,7,False
CA-2015-164336,2015-07-05,2015-07-10,MW-18220,71,3,38.976,-2.436,0.2,2015,7,False
CA-2016-100041,2016-11-20,2016-11-25,BF-10975,144,2,9.08,4.086,0.0,2016,11,False
CA-2016-100041,2016-11-20,2016-11-25,BF-10975,1672,3,314.55,150.984,0.0,2016,11,False
CA-2016-100041,2016-11-20,2016-11-25,BF-10975,1305,1,4.91,2.3077,0.0,2016,11,False
US-2014-154879,2014-05-06,2014-05-11,SN-20710,1498,2,5.78,2.7166,0.0,2014,5,False
US-2014-154879,2014-05-06,2014-05-11,SN-20710,1095,6,107.94,30.2232,0.0,2014,5,False
CA-2014-130624,2014-06-21,2014-06-24,TB-21280,1079,3,19.65,9.039,0.0,2014,6,False
CA-2014-130624,2014-06-21,2014-06-24,TB-21280,723,3,617.97,160.6722,0.0,2014,6,True
CA-2014-130624,2014-06-21,2014-06-24,TB-21280,816,3,59.7,26.865,0.0,2014,6,False
CA-2017-132339,2017-08-19,2017-08-23,JB-15400,649,1,387.99,182.3553,0.0,2017,8,False
CA-2014-153983,2014-11-29,2014-12-06,AH-10210,1645,2,575.92,71.99,0.2,2014,11,True
CA-2014-153983,2014-11-29,2014-12-06,AH-10210,1499,5,30.4,15.2,0.0,2014,11,False
CA-2017-112900,2017-04-09,2017-04-12,KL-16645,706,8,478.24,219.9904,0.0,2017,4,False
CA-2014-160157,2014-12-20,2014-12-27,MH-17455,558,3,190.848,-21.4704,0.2,2014,12,False
CA-2014-139633,2014-12-17,2014-12-24,EC-14050,1111,4,5.484,-4.0216,0.7,2014,12,False
CA-2015-163090,2015-11-17,2015-11-21,GH-14665,85,5,40.92,3.069,0.2,2015,11,False
CA-2014-117016,2014-03-04,2014-03-09,SC-20095,277,3,15.552,2.3328,0.2,2014,3,False
CA-2017-159464,2017-05-18,2017-05-19,TB-21355,78,2,17.24,4.4824,0.0,2017,5,False
CA-2017-159464,2017-05-18,2017-05-19,TB-21355,829,3,302.94,75.735,0.0,2017,5,False
CA-2017-159464,2017-05-18,2017-05-19,TB-21355,1316,5,34.75,15.6375,0.0,2017,5,False
CA-2017-159464,2017-05-18,2017-05-19,TB-21355,1283,6,113.94,54.6912,0.0,2017,5,False
CA-2017-159464,2017-05-18,2017-05-19,TB-21355,154,2,55.98,15.6744,0.0,2017,5,False
US-2017-103226,2017-09-22,2017-09-28,DW-13195,1471,3,27.18,12.231,0.0,2017,9,False
CA-2017-119452,2017-03-21,2017-03-27,CL-12565,761,6,1805.88,523.7052,0.0,2017,3,True
CA-2017-147725,2017-09-14,2017-09-14,LT-17110,360,3,70.95,18.447,0.0,2017,9,False
CA-2016-168893,2016-11-03,2016-11-08,AP-10915,121,4,20.0,9.6,0.0,2016,11,False
CA-2016-168893,2016-11-03,2016-11-08,AP-10915,541,3,7.98,2.0748,0.0,2016,11,False
CA-2016-168893,2016-11-03,2016-11-08,AP-10915,1039,5,24.1,9.158,0.0,2016,11,False
CA-2016-168893,2016-11-03,2016-11-08,AP-10915,350,1,8.75,2.625,0.0,2016,11,False
CA-2016-168893,2016-11-03,2016-11-08,AP-10915,735,3,842.94,160.1586,0.0,2016,11,True
CA-2016-163398,2016-05-03,2016-05-08,CB-12415,802,1,2.182,-3.6003,0.8,2016,5,False
CA-2016-163398,2016-05-03,2016-05-08,CB-12415,1122,7,27.384,2.7384,0.2,2016,5,False
CA-2016-163398,2016-05-03,2016-05-08,CB-12415,79,3,26.406,-71.2962,0.8,2016,5,False
CA-2016-162726,2016-12-27,2017-01-02,MT-17815,1810,2,10.368,3.6288,0.2,2016,12,False
CA-2016-162726,2016-12-27,2017-01-02,MT-17815,929,4,23.68,7.4,0.2,2016,12,False
US-2016-111290,2016-07-22,2016-07-26,DK-13375,1267,1,109.95,36.2835,0.0,2016,7,False
US-2016-111290,2016-07-22,2016-07-26,DK-13375,657,5,965.85,135.219,0.0,2016,7,True
US-2016-111290,2016-07-22,2016-07-26,DK-13375,254,5,29.2,10.512,0.0,2016,7,False
US-2016-111290,2016-07-22,2016-07-26,DK-13375,1705,5,32.4,15.552,0.0,2016,7,False
US-2014-147704,2014-11-16,2014-11-21,SR-20740,3,5,78.35,36.8245,0.0,2014,11,False
US-2014-147704,2014-11-16,2014-11-21,SR-20740,1743,6,31.68,14.256,0.0,2014,11,False
US-2014-147704,2014-11-16,2014-11-21,SR-20740,1624,4,29.12,14.2688,0.0,2014,11,False
US-2014-147704,2014-11-16,2014-11-21,SR-20740,665,5,169.45,42.3625,0.0,2014,11,False
CA-2015-121965,2015-06-19,2015-06-23,LH-17155,546,2,12.56,4.0192,0.0,2015,6,False
CA-2015-121965,2015-06-19,2015-06-23,LH-17155,1829,1,6.48,3.1104,0.0,2015,6,False
CA-2015-121965,2015-06-19,2015-06-23,LH-17155,395,3,186.69,87.7443,0.0,2015,6,False
CA-2016-147137,2016-07-04,2016-07-06,AA-10645,1046,5,25.4,8.636,0.0,2016,7,False
CA-2016-147137,2016-07-04,2016-07-06,AA-10645,926,2,43.96,20.6612,0.0,2016,7,False
CA-2016-147137,2016-07-04,2016-07-06,AA-10645,169,5,1279.165,225.735,0.15,2016,7,True
CA-2016-147137,2016-07-04,2016-07-06,AA-10645,587,4,27.92,0.5584,0.0,2016,7,False
US-2015-146745,2015-09-03,2015-09-08,AS-10630,1207,2,129.568,-12.9568,0.2,2015,9,False
US-2015-146745,2015-09-03,2015-09-08,AS-10630,241,2,6.368,2.1492,0.2,2015,9,False
CA-2017-115175,2017-08-07,2017-08-12,MC-17575,1674,5,244.55,114.9385,0.0,2017,8,False
CA-2017-105851,2017-03-13,2017-03-20,SE-20110,1043,2,1332.496,-299.8116,0.2,2017,3,True
US-2017-125717,2017-09-28,2017-10-01,DS-13030,503,1,32.776,3.2776,0.2,2017,9,False
US-2017-125717,2017-09-28,2017-10-01,DS-13030,775,2,147.184,-29.4368,0.2,2017,9,False
US-2017-125717,2017-09-28,2017-10-01,DS-13030,976,2,54.384,1.3596,0.2,2017,9,False
US-2017-125717,2017-09-28,2017-10-01,DS-13030,684,4,76.776,-58.8616,0.7,2017,9,False
US-2017-125717,2017-09-28,2017-10-01,DS-13030,1784,3,14.352,5.2026,0.2,2017,9,False
US-2017-125717,2017-09-28,2017-10-01,DS-13030,949,2,209.792,26.224,0.2,2017,9,False
CA-2015-163895,2015-08-07,2015-08-11,NS-18640,32,1,3.304,1.1151,0.2,2015,8,False
CA-2017-168641,2017-11-24,2017-12-01,KA-16525,473,9,16.38,7.371,0.0,2017,11,False
CA-2017-168641,2017-11-24,2017-12-01,KA-16525,139,2,167.96,78.9412,0.0,2017,11,False
CA-2017-168641,2017-11-24,2017-12-01,KA-16525,1192,2,321.568,-16.0784,0.2,2017,11,False
CA-2017-168641,2017-11-24,2017-12-01,KA-16525,1810,2,12.96,6.2208,0.0,2017,11,False
CA-2017-156895,2017-05-08,2017-05-12,DJ-13510,737,3,128.058,-23.7822,0.3,2017,5,False
CA-2017-121300,2017-09-29,2017-09-29,MG-17680,772,1,63.686,-15.4666,0.3,2017,9,False
CA-2017-121300,2017-09-29,2017-09-29,MG-17680,1005,3,239.976,65.9934,0.2,2017,9,False
CA-2017-121300,2017-09-29,2017-09-29,MG-17680,1350,2,344.22,-189.321,0.4,2017,9,False
CA-2017-121300,2017-09-29,2017-09-29,MG-17680,1824,3,15.552,5.4432,0.2,2017,9,False
CA-2017-121300,2017-09-29,2017-09-29,MG-17680,677,4,21.248,7.4368,0.2,2017,9,False
CA-2017-121300,2017-09-29,2017-09-29,MG-17680,1714,2,8.448,2.64,0.2,2017,9,False
CA-2017-130211,2017-10-22,2017-10-22,BD-11620,655,3,333.09,23.3163,0.0,2017,10,False
CA-2017-130211,2017-10-22,2017-10-22,BD-11620,317,2,248.98,54.7756,0.0,2017,10,False
CA-2014-147235,2014-03-24,2014-03-28,CD-11920,1684,5,24.9,11.703,0.0,2014,3,False
CA-2016-109365,2016-11-03,2016-11-08,XP-21865,1510,7,15.26,5.0358,0.0,2016,11,False
CA-2016-109365,2016-11-03,2016-11-08,XP-21865,815,2,43.32,14.2956,0.0,2016,11,False
CA-2016-109365,2016-11-03,2016-11-08,XP-21865,237,12,43.584,15.7992,0.2,2016,11,False
CA-2016-109365,2016-11-03,2016-11-08,XP-21865,1675,3,116.28,56.9772,0.0,2016,11,False
CA-2016-109365,2016-11-03,2016-11-08,XP-21865,639,2,9.296,3.0212,0.2,2016,11,False
CA-2016-109365,2016-11-03,2016-11-08,XP-21865,1816,3,19.44,9.3312,0.0,2016,11,False
CA-2016-109365,2016-11-03,2016-11-08,XP-21865,1104,3,314.55,150.984,0.0,2016,11,False
CA-2015-162621,2015-09-05,2015-09-11,CA-12055,61,5,16.27,-25.2185,0.8,2015,9,False
CA-2015-162621,2015-09-05,2015-09-11,CA-12055,1508,9,69.12,-14.688,0.2,2015,9,False
CA-2015-162621,2015-09-05,2015-09-11,CA-12055,62,3,4.47,-7.8225,0.8,2015,9,False
CA-2017-105921,2017-08-14,2017-08-21,JM-15250,428,3,418.296,5.2287,0.2,2017,8,False
CA-2014-150798,2014-12-01,2014-12-03,JK-15730,1445,2,659.988,109.998,0.4,2014,12,True
CA-2014-150798,2014-12-01,2014-12-03,JK-15730,1046,2,8.128,1.4224,0.2,2014,12,False
CA-2014-150798,2014-12-01,2014-12-03,JK-15730,1810,7,36.288,12.7008,0.2,2014,12,False
CA-2014-150798,2014-12-01,2014-12-03,JK-15730,848,6,909.72,-51.984,0.3,2014,12,True
CA-2017-112753,2017-06-18,2017-06-23,CC-12670,378,9,917.9235,75.5937,0.15,2017,6,True
CA-2017-112753,2017-06-18,2017-06-23,CC-12670,1717,6,38.88,19.0512,0.0,2017,6,False
CA-2017-155075,2017-12-02,2017-12-09,GW-14605,681,4,631.176,-462.8624,0.7,2017,12,True
CA-2014-103401,2014-11-21,2014-11-26,GR-14560,1807,2,12.96,6.2208,0.0,2014,11,False
CA-2016-124814,2016-04-10,2016-04-16,FM-14215,1824,2,12.96,6.2208,0.0,2016,4,False
CA-2016-124814,2016-04-10,2016-04-16,FM-14215,1626,5,23.2,8.12,0.2,2016,4,False
CA-2014-116757,2014-06-30,2014-07-04,MS-17980,1822,5,25.92,9.072,0.2,2014,6,False
CA-2014-116757,2014-06-30,2014-07-04,MS-17980,1499,6,21.312,7.1928,0.2,2014,6,False
US-2014-138247,2014-12-24,2014-12-29,BF-11170,1432,7,173.656,17.3656,0.2,2014,12,False
US-2014-138247,2014-12-24,2014-12-29,BF-11170,171,2,361.96,101.3488,0.0,2014,12,False
US-2014-138247,2014-12-24,2014-12-29,BF-11170,1460,3,62.85,13.1985,0.0,2014,12,False
US-2014-138247,2014-12-24,2014-12-29,BF-11170,445,3,818.376,51.1485,0.2,2014,12,True
US-2014-138247,2014-12-24,2014-12-29,BF-11170,1550,1,20.34,0.2034,0.0,2014,12,False
US-2014-138247,2014-12-24,2014-12-29,BF-11170,1611,1,23.99,5.5177,0.0,2014,12,False
CA-2017-167003,2017-05-23,2017-05-29,VS-21820,978,3,171.288,-6.4233,0.2,2017,5,False
CA-2016-119935,2016-11-10,2016-11-14,KM-16225,24,2,37.3,17.158,0.0,2016,11,False
CA-2016-119935,2016-11-10,2016-11-14,KM-16225,1638,2,81.96,39.3408,0.0,2016,11,False
CA-2016-118969,2016-10-02,2016-10-03,LP-17095,1301,6,54.792,-40.1808,0.7,2016,10,False
CA-2016-145240,2016-09-06,2016-09-08,BG-11740,1543,1,10.784,0.8088,0.2,2016,9,False
CA-2016-120873,2016-10-27,2016-11-01,BW-11200,751,1,290.98,75.6548,0.0,2016,10,False
US-2017-111920,2017-10-22,2017-10-26,PS-18970,528,4,36.44,12.0252,0.0,2017,10,False
US-2016-128678,2016-09-15,2016-09-20,RB-19570,1523,5,21.4,10.058,0.0,2016,9,False
US-2016-128678,2016-09-15,2016-09-20,RB-19570,413,7,48.664,15.8158,0.2,2016,9,False
CA-2016-101385,2016-09-25,2016-10-01,JW-16075,276,4,16.56,6.9552,0.0,2016,9,False
CA-2017-107167,2017-06-10,2017-06-14,ND-18460,14,8,1347.52,84.22,0.2,2017,6,True
CA-2014-109491,2014-02-20,2014-02-26,LC-16930,601,3,62.31,22.4316,0.0,2014,2,False
CA-2014-109491,2014-02-20,2014-02-26,LC-16930,1046,4,20.32,6.9088,0.0,2014,2,False
CA-2017-105445,2017-02-20,2017-02-25,BP-11095,1499,3,9.432,3.0654,0.2,2017,2,False
CA-2014-107454,2014-11-02,2014-11-06,RD-19720,207,7,34.86,16.0356,0.0,2014,11,False
CA-2014-107454,2014-11-02,2014-11-06,RD-19720,1561,6,89.34,24.1218,0.0,2014,11,False
US-2017-105046,2017-07-17,2017-07-23,BE-11335,174,2,269.98,67.495,0.0,2017,7,False
US-2017-105046,2017-07-17,2017-07-23,BE-11335,1472,5,99.9,47.952,0.0,2017,7,False
US-2017-105046,2017-07-17,2017-07-23,BE-11335,489,4,39.08,14.4596,0.0,2017,7,False
CA-2017-152856,2017-09-08,2017-09-10,RS-19765,1071,4,116.832,33.5892,0.2,2017,9,False
CA-2016-134691,2016-11-14,2016-11-18,KC-16540,329,2,2.296,-3.9032,0.8,2016,11,False
CA-2016-118759,2016-11-14,2016-11-17,MB-17305,843,2,408.006,72.5344,0.1,2016,11,False
CA-2016-118759,2016-11-14,2016-11-17,MB-17305,1543,3,40.44,10.5144,0.0,2016,11,False
CA-2014-140403,2014-10-10,2014-10-10,TN-21040,746,3,122.352,13.7646,0.2,2014,10,False
CA-2014-140403,2014-10-10,2014-10-10,TN-21040,5,2,15.28,7.4872,0.0,2014,10,False
CA-2015-163104,2015-03-19,2015-03-26,MC-18130,1764,2,11.96,5.8604,0.0,2015,3,False
CA-2017-138464,2017-07-08,2017-07-12,VF-21715,1045,3,15.84,4.9104,0.0,2017,7,False
CA-2017-138464,2017-07-08,2017-07-12,VF-21715,717,3,86.376,30.2316,0.2,2017,7,False
CA-2017-138464,2017-07-08,2017-07-12,VF-21715,1841,3,18.24,6.2016,0.0,2017,7,False
CA-2017-138464,2017-07-08,2017-07-12,VF-21715,474,4,13.12,4.3296,0.0,2017,7,False
CA-2015-104129,2015-02-27,2015-03-02,ES-14080,1843,2,105.98,1.0598,0.0,2015,2,False
CA-2015-104129,2015-02-27,2015-03-02,ES-14080,288,7,493.92,-28.224,0.3,2015,2,False
US-2017-132206,2017-06-16,2017-06-21,MK-17905,1512,7,5.936,-8.904,0.8,2017,6,False
CA-2017-113474,2017-03-30,2017-03-31,TM-21490,1105,2,325.86,149.8956,0.0,2017,3,False
CA-2015-126557,2015-07-12,2015-07-17,RL-19615,764,9,383.607,-5.4801,0.3,2015,7,False
CA-2015-126557,2015-07-12,2015-07-17,RL-19615,732,2,148.48,16.704,0.2,2015,7,False
CA-2015-126557,2015-07-12,2015-07-17,RL-19615,1604,7,537.544,53.7544,0.2,2015,7,True
CA-2015-126557,2015-07-12,2015-07-17,RL-19615,1578,2,1.928,-2.9884,0.8,2015,7,False
CA-2015-126557,2015-07-12,2015-07-17,RL-19615,1126,3,6.912,0.6912,0.2,2015,7,False
CA-2015-126557,2015-07-12,2015-07-17,RL-19615,674,1,7.76,-2.134,0.6,2015,7,False
CA-2015-126557,2015-07-12,2015-07-17,RL-19615,723,4,659.168,49.4376,0.2,2015,7,True
US-2017-107636,2017-04-30,2017-05-02,NM-18520,208,2,5.76,2.8224,0.0,2017,4,False
US-2014-165862,2014-07-13,2014-07-17,GK-14620,324,3,351.216,4.3902,0.2,2014,7,False
US-2014-106334,2014-12-27,2015-01-02,JF-15490,326,3,230.28,23.028,0.2,2014,12,False
US-2014-106334,2014-12-27,2015-01-02,JF-15490,1713,3,12.84,5.778,0.0,2014,12,False
CA-2016-101448,2016-02-27,2016-03-01,EB-13930,673,3,56.82,28.41,0.0,2016,2,False
CA-2015-130218,2015-03-23,2015-03-26,SG-20470,1499,4,31.56,14.202,0.0,2015,3,False
CA-2015-130218,2015-03-23,2015-03-26,SG-20470,587,4,27.92,0.5584,0.0,2015,3,False
US-2017-117331,2017-10-21,2017-10-28,ND-18370,992,1,8.559,-6.5619,0.7,2017,10,False
CA-2014-127383,2014-12-31,2015-01-05,CM-11815,1493,2,49.568,17.9684,0.2,2014,12,False
CA-2014-110219,2014-05-05,2014-05-08,EB-13870,770,3,127.869,-9.1335,0.3,2014,5,False
CA-2015-118871,2015-12-04,2015-12-09,HM-14860,1583,3,271.44,122.148,0.0,2015,12,False
CA-2015-118871,2015-12-04,2015-12-09,HM-14860,939,3,110.352,8.2764,0.2,2015,12,False
CA-2015-118871,2015-12-04,2015-12-09,HM-14860,1048,5,36.4,13.832,0.0,2015,12,False
CA-2017-129490,2017-09-26,2017-09-30,SJ-20125,1205,4,419.136,-57.6312,0.2,2017,9,False
CA-2014-101175,2014-12-09,2014-12-14,DM-12955,70,6,100.704,-1.2588,0.2,2014,12,False
US-2017-149510,2017-12-03,2017-12-10,MC-17575,305,3,45.216,4.5216,0.2,2017,12,False
US-2017-149510,2017-12-03,2017-12-10,MC-17575,698,6,28.782,-21.1068,0.7,2017,12,False
US-2017-149510,2017-12-03,2017-12-10,MC-17575,1344,4,24.448,8.8624,0.2,2017,12,False
CA-2015-111990,2015-11-08,2015-11-13,DB-13660,1637,6,10.476,-17.2854,0.8,2015,11,False
CA-2014-169460,2014-04-19,2014-04-21,NF-18595,617,3,76.14,26.649,0.0,2014,4,False
US-2015-152128,2015-05-25,2015-05-27,NM-18445,1373,3,21.24,8.0712,0.0,2015,5,False
US-2015-152128,2015-05-25,2015-05-27,NM-18445,684,2,127.96,60.1412,0.0,2015,5,False
CA-2017-126662,2017-07-17,2017-07-21,AB-10255,371,2,479.984,89.997,0.2,2017,7,False
CA-2016-139395,2016-12-12,2016-12-18,MG-17650,933,7,657.93,184.2204,0.0,2016,12,True
CA-2016-139395,2016-12-12,2016-12-18,MG-17650,1610,4,33.48,8.7048,0.0,2016,12,False
CA-2016-139395,2016-12-12,2016-12-18,MG-17650,1141,5,13.9,3.614,0.0,2016,12,False
CA-2016-139395,2016-12-12,2016-12-18,MG-17650,641,2,26.86,6.715,0.0,2016,12,False
US-2014-121734,2014-04-11,2014-04-16,SE-20110,694,1,9.584,3.3544,0.2,2014,4,False
CA-2015-110947,2015-06-09,2015-06-15,AG-10765,1602,3,113.1,56.55,0.0,2015,6,False
US-2014-150126,2014-07-27,2014-08-02,AS-10045,1745,11,65.78,32.2322,0.0,2014,7,False
CA-2015-164427,2015-07-31,2015-08-06,AR-10405,1089,6,239.7,105.468,0.0,2015,7,False
CA-2016-120250,2016-09-19,2016-09-22,AP-10720,1179,3,25.632,3.8448,0.2,2016,9,False
CA-2016-121993,2016-06-10,2016-06-12,JB-16000,194,8,23.616,7.9704,0.2,2016,6,False
US-2016-100405,2016-08-26,2016-08-28,TS-21430,1162,2,8.26,3.7996,0.0,2016,8,False
US-2017-163790,2017-11-02,2017-11-04,NL-18310,1615,7,76.58,38.29,0.0,2017,11,False
US-2017-163790,2017-11-02,2017-11-04,NL-18310,1166,5,8.8,4.224,0.0,2017,11,False
US-2017-163790,2017-11-02,2017-11-04,NL-18310,712,6,590.352,206.6232,0.2,2017,11,True
US-2017-163790,2017-11-02,2017-11-04,NL-18310,1519,3,5.58,0.1674,0.0,2017,11,False
US-2017-163790,2017-11-02,2017-11-04,NL-18310,533,3,25.02,10.5084,0.0,2017,11,False
US-2017-163790,2017-11-02,2017-11-04,NL-18310,1475,7,452.55,22.6275,0.0,2017,11,False
CA-2016-129868,2016-12-26,2016-12-31,MC-18130,669,2,17.76,4.9728,0.0,2016,12,False
CA-2016-129868,2016-12-26,2016-12-31,MC-18130,1092,2,302.384,30.2384,0.2,2016,12,False
CA-2016-129868,2016-12-26,2016-12-31,MC-18130,737,3,146.352,-5.4882,0.2,2016,12,False
CA-2016-129868,2016-12-26,2016-12-31,MC-18130,868,2,7.9,2.054,0.0,2016,12,False
CA-2016-129868,2016-12-26,2016-12-31,MC-18130,368,3,902.712,33.8517,0.2,2016,12,True
CA-2016-129868,2016-12-26,2016-12-31,MC-18130,1095,3,53.97,15.1116,0.0,2016,12,False
CA-2016-140564,2016-12-05,2016-12-10,TC-21475,275,8,33.92,13.2288,0.0,2016,12,False
US-2017-169502,2017-08-28,2017-09-01,MG-17650,99,3,21.81,5.8887,0.0,2017,8,False
US-2017-169502,2017-08-28,2017-09-01,MG-17650,51,5,91.6,26.564,0.0,2017,8,False
CA-2015-146948,2015-07-16,2015-07-20,MG-17890,763,1,150.98,43.7842,0.0,2015,7,False
CA-2015-146948,2015-07-16,2015-07-20,MG-17890,1618,9,137.25,63.135,0.0,2015,7,False
CA-2015-146948,2015-07-16,2015-07-20,MG-17890,55,4,11.52,5.4144,0.0,2015,7,False
US-2015-113327,2015-05-26,2015-05-29,BF-11170,1783,1,18.272,5.9384,0.2,2015,5,False
US-2015-113327,2015-05-26,2015-05-29,BF-11170,1724,4,153.728,53.8048,0.2,2015,5,False
US-2015-113327,2015-05-26,2015-05-29,BF-11170,1431,2,12.224,4.4312,0.2,2015,5,False
US-2015-113327,2015-05-26,2015-05-29,BF-11170,993,7,167.944,50.3832,0.2,2015,5,False
CA-2015-135020,2015-05-28,2015-06-02,MS-17770,1244,1,45.99,13.3371,0.0,2015,5,False
CA-2015-135020,2015-05-28,2015-06-02,MS-17770,872,3,535.41,160.623,0.0,2015,5,True
CA-2015-135020,2015-05-28,2015-06-02,MS-17770,75,2,6.096,2.0574,0.2,2015,5,False
CA-2015-135020,2015-05-28,2015-06-02,MS-17770,1815,7,45.36,21.7728,0.0,2015,5,False
US-2017-141852,2017-11-09,2017-11-14,JE-15745,591,8,47.12,20.7328,0.0,2017,11,False
CA-2016-109407,2016-01-24,2016-01-26,HG-14965,1837,4,31.36,15.68,0.0,2016,1,False
US-2017-165953,2016-12-31,2017-01-06,EP-13915,1154,3,47.616,3.5712,0.2,2016,12,False
US-2017-165953,2016-12-31,2017-01-06,EP-13915,1565,5,23.48,8.218,0.2,2016,12,False
CA-2016-144540,2016-09-05,2016-09-10,GH-14410,612,3,62.79,-166.3935,0.8,2016,9,False
CA-2016-144540,2016-09-05,2016-09-10,GH-14410,117,9,28.44,4.266,0.2,2016,9,False
CA-2015-159863,2015-09-04,2015-09-07,DS-13180,1463,3,134.376,6.7188,0.2,2015,9,False
CA-2015-117800,2015-09-21,2015-09-26,TH-21550,1291,2,589.9,147.475,0.0,2015,9,True
CA-2015-117800,2015-09-21,2015-09-26,TH-21550,750,3,542.94,141.1644,0.0,2015,9,True
CA-2017-145219,2017-12-24,2017-12-25,RM-19675,805,6,2879.952,1007.9832,0.2,2017,12,True
CA-2017-145219,2017-12-24,2017-12-25,RM-19675,1602,3,90.48,33.93,0.2,2017,12,False
CA-2015-161214,2015-10-05,2015-10-08,SF-20965,1261,5,77.55,21.714,0.0,2015,10,False
CA-2017-147228,2017-09-09,2017-09-14,SO-20335,1496,3,8.832,-1.9872,0.2,2017,9,False
CA-2017-147228,2017-09-09,2017-09-14,SO-20335,1670,4,177.536,62.1376,0.2,2017,9,False
CA-2017-147228,2017-09-09,2017-09-14,SO-20335,661,2,258.48,-3.231,0.2,2017,9,False
CA-2017-147228,2017-09-09,2017-09-14,SO-20335,591,3,14.136,4.2408,0.2,2017,9,False
CA-2016-101336,2016-11-13,2016-11-18,CK-12760,1541,5,77.55,20.163,0.0,2016,11,False
CA-2016-101336,2016-11-13,2016-11-18,CK-12760,588,2,24.88,6.9664,0.0,2016,11,False
CA-2016-101336,2016-11-13,2016-11-18,CK-12760,358,5,140.75,39.41,0.0,2016,11,False
CA-2016-101336,2016-11-13,2016-11-18,CK-12760,1292,3,36.63,9.8901,0.0,2016,11,False
US-2015-126235,2015-10-15,2015-10-15,GA-14725,485,2,17.14,6.1704,0.0,2015,10,False
CA-2017-168396,2017-08-03,2017-08-08,BD-11725,179,5,51.75,24.84,0.0,2017,8,False
CA-2017-168396,2017-08-03,2017-08-08,BD-11725,513,3,123.96,11.1564,0.0,2017,8,False
CA-2015-130456,2015-08-21,2015-08-26,DS-13180,1423,6,586.398,34.494,0.15,2015,8,True
CA-2015-130456,2015-08-21,2015-08-26,DS-13180,417,1,80.98,3.2392,0.0,2015,8,False
CA-2017-116288,2017-03-12,2017-03-17,BS-11380,417,3,242.94,9.7176,0.0,2017,3,False
CA-2017-168228,2017-04-27,2017-04-29,AP-10915,363,4,123.92,33.4584,0.0,2017,4,False
CA-2017-168228,2017-04-27,2017-04-29,AP-10915,1162,3,12.39,5.6994,0.0,2017,4,False
CA-2017-168228,2017-04-27,2017-04-29,AP-10915,360,2,47.3,12.298,0.0,2017,4,False
CA-2016-102162,2016-09-11,2016-09-16,JF-15565,399,8,1599.92,751.9624,0.0,2016,9,True
CA-2016-102162,2016-09-11,2016-09-16,JF-15565,2,1,11.09,5.4341,0.0,2016,9,False
CA-2017-130141,2017-10-22,2017-10-24,HA-14905,1513,4,3.168,-2.5344,0.7,2017,10,False
CA-2017-130141,2017-10-22,2017-10-24,HA-14905,1206,4,579.136,-28.9568,0.2,2017,10,True
CA-2015-147501,2015-08-02,2015-08-06,Co-12640,901,2,6.368,2.1492,0.2,2015,8,False
CA-2015-147501,2015-08-02,2015-08-06,Co-12640,1216,2,558.4,41.88,0.2,2015,8,True
CA-2016-143910,2016-08-12,2016-08-16,BC-11125,753,2,145.764,-8.098,0.1,2016,8,False
CA-2014-146885,2014-05-30,2014-06-05,EB-13840,144,3,13.62,6.129,0.0,2014,5,False
CA-2016-139556,2016-04-26,2016-05-01,DB-13360,1209,3,434.646,62.7822,0.1,2016,4,False
CA-2017-129357,2017-05-14,2017-05-19,KB-16585,1702,9,440.19,206.8893,0.0,2017,5,False
CA-2017-129357,2017-05-14,2017-05-19,KB-16585,1044,5,64.4,1.932,0.0,2017,5,False
CA-2017-150987,2017-04-08,2017-04-12,AH-10120,1674,5,244.55,114.9385,0.0,2017,4,False
CA-2017-150987,2017-04-08,2017-04-12,AH-10120,1730,4,195.76,97.88,0.0,2017,4,False
CA-2017-132647,2017-02-17,2017-02-23,GH-14410,108,2,11.76,5.7624,0.0,2017,2,False
CA-2017-132647,2017-02-17,2017-02-23,GH-14410,636,5,166.45,39.948,0.0,2017,2,False
CA-2017-159107,2017-06-24,2017-06-26,KT-16480,55,1,2.88,1.3536,0.0,2017,6,False
CA-2014-160738,2014-05-05,2014-05-10,KH-16330,582,2,45.248,3.9592,0.2,2014,5,False
CA-2015-112130,2015-05-03,2015-05-07,SV-20785,1413,2,59.904,14.2272,0.2,2015,5,False
CA-2015-112130,2015-05-03,2015-05-07,SV-20785,820,2,23.696,6.5164,0.2,2015,5,False
CA-2015-112130,2015-05-03,2015-05-07,SV-20785,1680,2,7.968,2.8884,0.2,2015,5,False
CA-2015-112130,2015-05-03,2015-05-07,SV-20785,365,7,18.2,2.0475,0.2,2015,5,False
CA-2015-112130,2015-05-03,2015-05-07,SV-20785,1398,3,27.552,-0.3444,0.2,2015,5,False
CA-2015-112130,2015-05-03,2015-05-07,SV-20785,759,6,844.116,-36.1764,0.3,2015,5,True
CA-2015-112130,2015-05-03,2015-05-07,SV-20785,635,3,76.752,-9.594,0.2,2015,5,False
CA-2016-111409,2016-09-18,2016-09-22,PO-18850,187,1,3.0,1.05,0.2,2016,9,False
CA-2016-116232,2016-09-22,2016-09-26,AC-10450,81,9,7.506,-6.0048,0.7,2016,9,False
CA-2016-116232,2016-09-22,2016-09-26,AC-10450,232,2,16.56,5.796,0.2,2016,9,False
CA-2016-116547,2016-01-10,2016-01-17,KB-16585,15,4,79.92,34.3656,0.0,2016,1,False
CA-2016-116547,2016-01-10,2016-01-17,KB-16585,1010,2,69.98,13.2962,0.0,2016,1,False
US-2017-133200,2017-05-06,2017-05-11,DB-13555,238,10,11.06,-18.802,0.8,2017,5,False
US-2017-133200,2017-05-06,2017-05-11,DB-13555,1430,7,623.4648,-119.1918,0.32,2017,5,True
US-2017-133200,2017-05-06,2017-05-11,DB-13555,657,5,772.68,-57.951,0.2,2017,5,True
CA-2016-133550,2016-07-31,2016-08-06,KL-16645,861,4,283.14,72.358,0.1,2016,7,False
CA-2016-133550,2016-07-31,2016-08-06,KL-16645,450,4,635.96,165.3496,0.0,2016,7,True
CA-2016-133550,2016-07-31,2016-08-06,KL-16645,1288,1,118.99,33.3172,0.0,2016,7,False
CA-2016-133550,2016-07-31,2016-08-06,KL-16645,559,3,272.94,30.0234,0.0,2016,7,False
CA-2017-139416,2017-03-27,2017-03-29,AG-10270,567,2,15.008,1.5008,0.2,2017,3,False
CA-2014-114510,2014-03-14,2014-03-19,JF-15295,721,4,33.088,11.1672,0.2,2014,3,False
CA-2014-114510,2014-03-14,2014-03-19,JF-15295,417,1,80.98,3.2392,0.0,2014,3,False
CA-2014-114510,2014-03-14,2014-03-19,JF-15295,912,12,82.8,6.624,0.0,2014,3,False
CA-2014-114510,2014-03-14,2014-03-19,JF-15295,1495,2,21.36,5.7672,0.0,2014,3,False
CA-2014-114510,2014-03-14,2014-03-19,JF-15295,1303,2,62.048,20.1656,0.2,2014,3,False
CA-2016-169215,2016-07-14,2016-07-18,RE-19450,65,9,29.61,13.3245,0.0,2016,7,False
CA-2016-127698,2016-12-01,2016-12-01,MV-18190,935,9,863.928,86.3928,0.2,2016,12,True
CA-2016-159912,2016-08-29,2016-09-03,GB-14530,288,4,241.92,-56.448,0.4,2016,8,False
CA-2016-159912,2016-08-29,2016-09-03,GB-14530,1184,4,163.88,-81.94,0.5,2016,8,False
CA-2016-159912,2016-08-29,2016-09-03,GB-14530,639,2,3.486,-2.7888,0.7,2016,8,False
CA-2016-159912,2016-08-29,2016-09-03,GB-14530,1346,7,10.584,-2.3814,0.2,2016,8,False
CA-2016-101987,2016-06-24,2016-06-30,HL-15040,1238,9,440.91,123.4548,0.0,2016,6,False
US-2017-154851,2017-03-30,2017-04-03,BP-11155,73,5,5.715,-4.7625,0.7,2017,3,False
CA-2014-138681,2014-12-20,2014-12-22,CT-11995,465,2,51.968,10.3936,0.2,2014,12,False
CA-2014-138681,2014-12-20,2014-12-22,CT-11995,993,3,71.976,21.5928,0.2,2014,12,False
CA-2014-138681,2014-12-20,2014-12-22,CT-11995,762,3,242.352,-42.4116,0.2,2014,12,False
CA-2014-138681,2014-12-20,2014-12-22,CT-11995,1670,5,221.92,77.672,0.2,2014,12,False
CA-2014-138681,2014-12-20,2014-12-22,CT-11995,1743,2,8.448,2.64,0.2,2014,12,False
US-2015-138121,2015-12-17,2015-12-17,JL-15835,695,4,29.52,14.4648,0.0,2015,12,False
US-2015-138121,2015-12-17,2015-12-17,JL-15835,856,3,302.94,48.4704,0.0,2015,12,False
US-2015-138121,2015-12-17,2015-12-17,JL-15835,798,2,142.36,38.4372,0.0,2015,12,False
US-2015-138121,2015-12-17,2015-12-17,JL-15835,771,9,546.66,136.665,0.0,2015,12,True
US-2015-138121,2015-12-17,2015-12-17,JL-15835,1536,3,212.13,14.8491,0.0,2015,12,False
CA-2017-140298,2017-05-11,2017-05-17,JK-16120,1157,2,5.248,0.5904,0.2,2017,5,False
CA-2017-140298,2017-05-11,2017-05-17,JK-16120,1377,2,74.416,-14.8832,0.2,2017,5,False
CA-2017-140298,2017-05-11,2017-05-17,JK-16120,1713,2,6.848,2.14,0.2,2017,5,False
CA-2017-140298,2017-05-11,2017-05-17,JK-16120,1531,1,7.996,-6.9965,0.6,2017,5,False
CA-2016-166240,2016-06-24,2016-06-28,DH-13075,817,2,8.712,-19.602,0.8,2016,6,False
CA-2016-158435,2016-05-17,2016-05-18,AG-10900,89,7,65.17,18.8993,0.0,2016,5,False
CA-2016-158435,2016-05-17,2016-05-18,AG-10900,229,2,14.62,6.8714,0.0,2016,5,False
CA-2016-158435,2016-05-17,2016-05-18,AG-10900,553,4,173.24,17.324,0.0,2016,5,False
CA-2017-138149,2017-06-29,2017-06-30,WB-21850,685,5,895.92,302.373,0.2,2017,6,True
CA-2017-138149,2017-06-29,2017-06-30,WB-21850,1572,3,130.71,39.213,0.0,2017,6,False
CA-2017-138149,2017-06-29,2017-06-30,WB-21850,1135,2,11.68,3.0368,0.0,2017,6,False
CA-2017-138149,2017-06-29,2017-06-30,WB-21850,601,3,62.31,22.4316,0.0,2017,6,False
CA-2014-112403,2014-03-31,2014-03-31,JO-15280,267,1,0.852,-0.5964,0.7,2014,3,False
CA-2014-108273,2014-12-16,2014-12-21,EJ-13720,1821,7,36.288,12.7008,0.2,2014,12,False
CA-2014-108273,2014-12-16,2014-12-21,EJ-13720,1536,2,56.568,-74.9526,0.6,2014,12,False
CA-2017-121643,2017-05-18,2017-05-20,AB-10105,48,2,344.704,38.7792,0.2,2017,5,False
US-2015-122910,2015-05-12,2015-05-16,LT-16765,1594,2,201.584,20.1584,0.2,2015,5,False
CA-2017-143126,2017-12-03,2017-12-07,CM-12655,320,2,521.96,88.7332,0.0,2017,12,True
CA-2015-129042,2015-12-12,2015-12-17,EM-13960,1353,3,8.22,2.2194,0.0,2015,12,False
CA-2015-109736,2015-10-10,2015-10-11,DJ-13420,1677,7,45.36,21.7728,0.0,2015,10,False
CA-2015-142601,2015-04-18,2015-04-20,DE-13255,1558,7,947.17,9.4717,0.0,2015,4,True
CA-2015-142601,2015-04-18,2015-04-20,DE-13255,1683,2,61.96,27.882,0.0,2015,4,False
CA-2014-106229,2014-06-07,2014-06-11,NR-18550,325,3,268.935,-209.7693,0.5,2014,6,False
US-2017-135230,2017-09-01,2017-09-07,CK-12325,1500,1,7.58,2.9562,0.0,2017,9,False
CA-2016-159653,2016-05-22,2016-05-22,JF-15490,201,3,14.73,7.2177,0.0,2016,5,False
CA-2016-131968,2016-11-11,2016-11-15,LB-16795,904,2,9.888,-6.9216,0.7,2016,11,False
CA-2016-131968,2016-11-11,2016-11-15,LB-16795,1417,3,671.544,50.3658,0.2,2016,11,True
CA-2014-119151,2014-11-25,2014-11-29,MP-18175,1557,4,1117.92,55.896,0.0,2014,11,True
CA-2014-119151,2014-11-25,2014-11-29,MP-18175,1422,3,275.952,-37.9434,0.2,2014,11,False
CA-2014-123323,2014-11-07,2014-11-12,LH-16900,1639,7,123.144,46.179,0.2,2014,11,False
CA-2016-124681,2016-07-18,2016-07-23,SV-20935,1400,3,15.576,3.3099,0.2,2016,7,False
US-2015-103996,2015-03-29,2015-03-31,RB-19435,1662,6,212.64,99.9408,0.0,2015,3,False
US-2015-103996,2015-03-29,2015-03-31,RB-19435,1569,3,9.87,4.5402,0.0,2015,3,False
US-2015-103996,2015-03-29,2015-03-31,RB-19435,1069,3,53.25,20.7675,0.0,2015,3,False
US-2015-103996,2015-03-29,2015-03-31,RB-19435,677,3,19.92,9.5616,0.0,2015,3,False
CA-2016-120530,2016-04-07,2016-04-12,Dl-13600,839,3,658.746,146.388,0.1,2016,4,True
CA-2015-155054,2015-06-13,2015-06-19,PS-19045,32,2,8.26,3.8822,0.0,2015,6,False
CA-2015-155054,2015-06-13,2015-06-19,PS-19045,1332,2,29.84,13.428,0.0,2015,6,False
CA-2015-155054,2015-06-13,2015-06-19,PS-19045,976,2,67.98,14.9556,0.0,2015,6,False
CA-2015-105725,2015-02-18,2015-02-24,GT-14755,178,2,61.06,28.0876,0.0,2015,2,False
CA-2015-105725,2015-02-18,2015-02-24,GT-14755,835,1,35.544,-0.8886,0.2,2015,2,False
CA-2017-164364,2017-11-12,2017-11-16,CS-12355,190,2,9.96,4.5816,0.0,2017,11,False
CA-2017-164364,2017-11-12,2017-11-16,CS-12355,531,3,9.21,2.3025,0.0,2017,11,False
CA-2017-164364,2017-11-12,2017-11-16,CS-12355,89,3,27.93,8.0997,0.0,2017,11,False
CA-2017-168123,2017-03-05,2017-03-05,JD-16060,117,2,7.9,2.528,0.0,2017,3,False
CA-2017-168123,2017-03-05,2017-03-05,JD-16060,1339,4,221.16,57.5016,0.0,2017,3,False
CA-2017-168123,2017-03-05,2017-03-05,JD-16060,703,2,127.96,62.7004,0.0,2017,3,False
CA-2017-168123,2017-03-05,2017-03-05,JD-16060,256,3,18.69,9.1581,0.0,2017,3,False
CA-2016-120005,2016-03-03,2016-03-03,TS-21160,597,3,25.35,7.605,0.0,2016,3,False
CA-2016-120005,2016-03-03,2016-03-03,TS-21160,615,3,35.28,11.9952,0.0,2016,3,False
CA-2016-123526,2016-12-24,2016-12-25,BV-11245,1681,5,33.4,16.032,0.0,2016,12,False
CA-2016-127649,2016-10-07,2016-10-09,DL-13495,1216,3,837.6,62.82,0.2,2016,10,True
CA-2016-159989,2016-12-09,2016-12-13,EB-13870,35,3,40.68,-9.153,0.2,2016,12,False
CA-2017-103499,2017-11-20,2017-11-24,ES-14020,1208,2,209.568,-23.5764,0.2,2017,11,False
US-2015-167220,2015-12-12,2015-12-16,JB-15925,137,4,22.368,6.4308,0.2,2015,12,False
CA-2017-126354,2017-02-03,2017-02-08,SC-20380,691,2,3.882,-2.588,0.7,2017,2,False
CA-2017-126354,2017-02-03,2017-02-08,SC-20380,12,3,115.296,40.3536,0.2,2017,2,False
CA-2017-169817,2017-09-21,2017-09-25,EB-13870,924,2,1.908,-1.5264,0.7,2017,9,False
US-2017-144582,2017-04-30,2017-05-05,TC-21475,693,7,43.372,-69.3952,0.8,2017,4,False
CA-2014-121573,2014-11-03,2014-11-07,SG-20605,1242,4,783.96,219.5088,0.0,2014,11,True
CA-2014-121573,2014-11-03,2014-11-07,SG-20605,1521,2,48.896,18.336,0.2,2014,11,False
CA-2014-121573,2014-11-03,2014-11-07,SG-20605,74,2,7.856,2.8478,0.2,2014,11,False
CA-2016-117660,2016-12-30,2017-01-04,BM-11785,194,2,5.904,1.9926,0.2,2016,12,False
CA-2016-117660,2016-12-30,2017-01-04,BM-11785,94,2,13.712,1.0284,0.2,2016,12,False
CA-2014-112851,2014-09-17,2014-09-21,NR-18550,1582,3,182.94,85.9818,0.0,2014,9,False
CA-2017-123701,2017-11-24,2017-11-27,PG-18820,278,4,27.76,9.9936,0.0,2017,11,False
CA-2015-118227,2015-04-24,2015-04-28,DB-13270,280,1,25.99,7.5371,0.0,2015,4,False
CA-2015-123155,2015-03-09,2015-03-12,NS-18640,1053,5,113.52,29.799,0.2,2015,3,False
CA-2015-123155,2015-03-09,2015-03-12,NS-18640,1237,3,359.88,22.4925,0.2,2015,3,False
CA-2017-158883,2017-06-02,2017-06-03,CS-11860,1566,4,25.344,9.1872,0.2,2017,6,False
US-2016-114888,2016-09-19,2016-09-24,CC-12430,410,3,11.952,4.1832,0.2,2016,9,False
US-2016-114888,2016-09-19,2016-09-24,CC-12430,964,3,6.24,1.872,0.0,2016,9,False
US-2014-167262,2014-10-31,2014-11-03,AC-10450,1273,8,742.336,83.5128,0.2,2014,10,True
CA-2017-119746,2017-11-23,2017-11-27,CM-12385,468,1,6.464,-4.04,0.6,2017,11,False
CA-2017-119746,2017-11-23,2017-11-27,CM-12385,242,5,11.52,4.176,0.2,2017,11,False
CA-2017-119746,2017-11-23,2017-11-27,CM-12385,1570,2,222.384,16.6788,0.2,2017,11,False
CA-2017-108091,2017-11-16,2017-11-21,EK-13795,1135,4,23.36,6.0736,0.0,2017,11,False
CA-2016-101630,2016-02-19,2016-02-23,CK-12760,1498,3,8.67,4.0749,0.0,2016,2,False
CA-2016-101630,2016-02-19,2016-02-23,CK-12760,94,3,25.71,6.6846,0.0,2016,2,False
CA-2017-132346,2017-11-07,2017-11-11,PK-19075,819,7,100.94,33.3102,0.0,2017,11,False
CA-2014-150301,2014-07-08,2014-07-10,MH-18025,1450,1,63.882,10.647,0.1,2014,7,False
CA-2014-159310,2014-11-07,2014-11-12,SC-20725,840,4,683.144,0.0,0.3,2014,11,True
CA-2014-159310,2014-11-07,2014-11-12,SC-20725,271,3,1.476,-2.214,0.8,2014,11,False
CA-2014-159310,2014-11-07,2014-11-12,SC-20725,99,7,40.712,3.5623,0.2,2014,11,False
US-2017-147984,2017-01-28,2017-02-01,GB-14575,1721,5,279.9,137.151,0.0,2017,1,False
CA-2015-104346,2015-12-11,2015-12-16,IM-15070,1119,5,13.12,1.148,0.2,2015,12,False
CA-2015-104346,2015-12-11,2015-12-16,IM-15070,387,4,69.576,-143.7904,0.7,2015,12,False
CA-2015-104346,2015-12-11,2015-12-16,IM-15070,1133,3,4.224,0.4752,0.2,2015,12,False
CA-2015-104346,2015-12-11,2015-12-16,IM-15070,1008,4,58.08,-6.534,0.2,2015,12,False
CA-2015-104346,2015-12-11,2015-12-16,IM-15070,1049,9,52.416,15.0696,0.2,2015,12,False
CA-2015-104346,2015-12-11,2015-12-16,IM-15070,493,5,54.92,10.984,0.2,2015,12,False
CA-2015-104346,2015-12-11,2015-12-16,IM-15070,321,5,364.95,-248.166,0.5,2015,12,False
CA-2015-104346,2015-12-11,2015-12-16,IM-15070,1719,3,85.056,28.7064,0.2,2015,12,False
CA-2015-104346,2015-12-11,2015-12-16,IM-15070,261,3,27.696,9.6936,0.2,2015,12,False
US-2015-141684,2015-06-29,2015-07-04,MM-18055,143,4,24.96,11.232,0.0,2015,6,False
CA-2015-144722,2015-03-16,2015-03-23,MF-18250,873,1,43.13,18.1146,0.0,2015,3,False
CA-2015-120516,2015-08-13,2015-08-17,CK-12595,16,3,5.64,2.7072,0.0,2015,8,False
US-2016-148901,2016-05-14,2016-05-19,MK-17905,684,3,57.582,-44.1462,0.7,2016,5,False
US-2016-148901,2016-05-14,2016-05-19,MK-17905,1827,6,31.104,10.8864,0.2,2016,5,False
US-2016-148901,2016-05-14,2016-05-19,MK-17905,483,3,30.192,8.3028,0.2,2016,5,False
US-2016-148901,2016-05-14,2016-05-19,MK-17905,967,5,43.6,4.36,0.2,2016,5,False
US-2016-148901,2016-05-14,2016-05-19,MK-17905,532,2,4.768,0.4172,0.2,2016,5,False
US-2016-148901,2016-05-14,2016-05-19,MK-17905,1636,2,10.38,-7.612,0.7,2016,5,False
US-2016-148901,2016-05-14,2016-05-19,MK-17905,247,8,13.392,-9.8208,0.7,2016,5,False
CA-2017-136364,2017-07-13,2017-07-17,MH-17455,440,1,39.594,-7.2589,0.4,2017,7,False
CA-2017-136364,2017-07-13,2017-07-17,MH-17455,1176,9,91.008,19.3392,0.2,2017,7,False
CA-2015-137708,2015-11-22,2015-11-25,NG-18430,1669,2,37.94,18.2112,0.0,2015,11,False
CA-2015-137708,2015-11-22,2015-11-25,NG-18430,1761,10,42.8,19.26,0.0,2015,11,False
CA-2015-137708,2015-11-22,2015-11-25,NG-18430,1262,3,33.63,10.089,0.0,2015,11,False
CA-2014-149055,2014-11-23,2014-11-28,PB-19210,1317,3,62.808,21.1977,0.2,2014,11,False
CA-2015-151589,2015-12-27,2015-12-30,RE-19450,1702,4,195.64,91.9508,0.0,2015,12,False
CA-2015-151589,2015-12-27,2015-12-30,RE-19450,437,2,239.9,71.97,0.0,2015,12,False
CA-2016-121370,2016-11-14,2016-11-19,EB-14110,750,3,380.058,-21.7176,0.3,2016,11,False
CA-2016-121370,2016-11-14,2016-11-19,EB-14110,1446,4,1199.976,179.9964,0.4,2016,11,True
CA-2016-121370,2016-11-14,2016-11-19,EB-14110,482,3,48.576,9.7152,0.2,2016,11,False
CA-2016-111696,2016-05-08,2016-05-10,TB-21625,1706,3,17.94,8.073,0.0,2016,5,False
CA-2014-139598,2014-12-26,2014-12-31,MG-17695,1653,3,18.264,6.1641,0.2,2014,12,False
CA-2014-139598,2014-12-26,2014-12-31,MG-17695,815,2,34.656,5.6316,0.2,2014,12,False
CA-2014-139598,2014-12-26,2014-12-31,MG-17695,1576,2,81.552,8.1552,0.2,2014,12,False
CA-2014-139598,2014-12-26,2014-12-31,MG-17695,1437,4,227.136,-42.588,0.2,2014,12,False
CA-2017-117436,2017-06-08,2017-06-14,LW-17125,1635,2,10.36,5.0764,0.0,2017,6,False
CA-2015-140025,2015-04-07,2015-04-11,PF-19120,870,8,463.248,-1181.2824,0.8,2015,4,False
CA-2015-140025,2015-04-07,2015-04-11,PF-19120,1328,6,383.952,47.994,0.2,2015,4,False
CA-2016-134222,2016-07-10,2016-07-11,NZ-18565,711,6,44.856,-35.8848,0.7,2016,7,False
CA-2016-140018,2016-11-21,2016-11-26,CK-12205,1563,7,30.345,-24.276,0.7,2016,11,False
CA-2016-140018,2016-11-21,2016-11-26,CK-12205,771,3,127.554,-9.111,0.3,2016,11,False
CA-2016-140018,2016-11-21,2016-11-26,CK-12205,465,3,77.952,15.5904,0.2,2016,11,False
US-2017-136707,2017-11-12,2017-11-15,JE-15610,49,4,14.016,4.9056,0.2,2017,11,False
CA-2014-152562,2014-11-01,2014-11-08,JO-15145,1103,2,69.52,19.4656,0.0,2014,11,False
CA-2014-152562,2014-11-01,2014-11-08,JO-15145,1193,3,5.64,1.6356,0.0,2014,11,False
CA-2016-152408,2016-05-15,2016-05-21,TT-21220,329,3,13.776,4.4772,0.2,2016,5,False
CA-2014-120278,2014-11-07,2014-11-12,MS-17365,298,6,245.88,68.8464,0.0,2014,11,False
CA-2014-120278,2014-11-07,2014-11-12,MS-17365,1292,3,36.63,9.8901,0.0,2014,11,False
CA-2014-120278,2014-11-07,2014-11-12,MS-17365,1659,2,22.58,5.8708,0.0,2014,11,False
CA-2014-120278,2014-11-07,2014-11-12,MS-17365,32,3,12.39,5.8233,0.0,2014,11,False
CA-2017-167661,2017-10-05,2017-10-10,MP-18175,245,5,39.92,13.473,0.2,2017,10,False
CA-2017-167661,2017-10-05,2017-10-10,MP-18175,1740,2,61.96,27.882,0.0,2017,10,False
CA-2017-167661,2017-10-05,2017-10-10,MP-18175,256,4,19.936,7.2268,0.2,2017,10,False
CA-2017-106831,2017-06-01,2017-06-03,FH-14350,408,2,3.798,-2.6586,0.7,2017,6,False
CA-2017-106831,2017-06-01,2017-06-03,FH-14350,1710,6,27.744,10.0572,0.2,2017,6,False
CA-2017-106831,2017-06-01,2017-06-03,FH-14350,1241,4,158.376,-34.3148,0.4,2017,6,False
CA-2017-154123,2017-11-20,2017-11-25,SC-20050,31,2,27.58,11.5836,0.0,2017,11,False
CA-2016-136049,2016-12-23,2016-12-28,NM-18520,1590,3,5.553,-4.0722,0.7,2016,12,False
CA-2017-118402,2017-09-29,2017-10-04,JO-15280,418,5,243.92,-54.882,0.2,2017,9,False
US-2016-139388,2016-11-07,2016-11-09,CC-12475,1359,4,14.96,0.2992,0.0,2016,11,False
US-2014-128685,2014-04-04,2014-04-05,MZ-17515,259,2,7.184,2.245,0.2,2014,4,False
CA-2015-124044,2015-07-23,2015-07-26,MS-17830,49,3,10.512,3.6792,0.2,2015,7,False
CA-2014-164469,2014-06-25,2014-06-27,GK-14620,1265,5,263.96,19.797,0.2,2014,6,False
CA-2014-164469,2014-06-25,2014-06-27,GK-14620,250,11,71.632,17.908,0.2,2014,6,False
CA-2014-164469,2014-06-25,2014-06-27,GK-14620,886,1,9.328,0.8162,0.2,2014,6,False
CA-2014-107818,2014-09-08,2014-09-14,MC-17275,1296,2,5.88,2.646,0.0,2014,9,False
CA-2014-107818,2014-09-08,2014-09-14,MC-17275,839,5,975.92,121.99,0.2,2014,9,True
CA-2014-107818,2014-09-08,2014-09-14,MC-17275,888,8,303.84,91.152,0.0,2014,9,False
CA-2014-107818,2014-09-08,2014-09-14,MC-17275,417,6,485.88,19.4352,0.0,2014,9,False
CA-2014-113320,2014-12-12,2014-12-15,LH-17155,576,3,12.54,4.5144,0.0,2014,12,False
CA-2014-113320,2014-12-12,2014-12-15,LH-17155,1658,3,8.94,0.6258,0.0,2014,12,False
CA-2014-113320,2014-12-12,2014-12-15,LH-17155,1029,3,9.24,4.4352,0.0,2014,12,False
CA-2015-137526,2015-01-13,2015-01-17,PB-19150,330,3,70.008,24.5028,0.2,2015,1,False
CA-2015-137526,2015-01-13,2015-01-17,PB-19150,674,4,77.6,38.024,0.0,2015,1,False
CA-2015-137526,2015-01-13,2015-01-17,PB-19150,512,9,464.85,92.97,0.0,2015,1,False
CA-2017-136063,2017-12-15,2017-12-19,SS-20140,1112,7,10.192,1.0192,0.2,2017,12,False
CA-2016-101546,2016-12-18,2016-12-24,GK-14620,686,2,1793.98,843.1706,0.0,2016,12,True
CA-2014-138940,2014-04-11,2014-04-16,GM-14455,937,6,758.352,265.4232,0.2,2014,4,True
CA-2016-125164,2016-11-10,2016-11-14,SH-19975,406,1,20.368,7.3834,0.2,2016,11,False
CA-2016-125164,2016-11-10,2016-11-14,SH-19975,1625,3,49.848,16.8237,0.2,2016,11,False
CA-2017-163531,2017-06-26,2017-06-30,SC-20725,1096,3,239.97,67.1916,0.0,2017,6,False
CA-2017-122490,2017-11-13,2017-11-18,TT-21070,769,6,2404.704,150.294,0.2,2017,11,True
CA-2017-122490,2017-11-13,2017-11-18,TT-21070,684,11,563.024,190.0206,0.2,2017,11,True
CA-2017-122490,2017-11-13,2017-11-18,TT-21070,1476,3,344.91,10.3473,0.0,2017,11,False
CA-2017-122490,2017-11-13,2017-11-18,TT-21070,242,3,8.64,4.2336,0.0,2017,11,False
CA-2017-131366,2017-11-24,2017-11-29,SC-20440,344,2,89.988,-14.998,0.4,2017,11,False
CA-2017-131366,2017-11-24,2017-11-29,SC-20440,1704,7,229.544,83.2097,0.2,2017,11,False
CA-2017-164042,2017-05-23,2017-05-27,KL-16645,1199,2,1.824,0.6156,0.2,2017,5,False
CA-2017-164042,2017-05-23,2017-05-27,KL-16645,51,5,18.32,-46.716,0.8,2017,5,False
CA-2017-164042,2017-05-23,2017-05-27,KL-16645,1550,3,48.816,-11.5938,0.2,2017,5,False
CA-2017-164042,2017-05-23,2017-05-27,KL-16645,1511,1,1.188,-1.9602,0.8,2017,5,False
CA-2014-132864,2014-12-02,2014-12-07,KN-16390,913,5,119.8,29.95,0.2,2014,12,False
US-2014-155817,2014-10-03,2014-10-09,SL-20155,124,2,61.568,4.6176,0.2,2014,10,False
US-2014-155817,2014-10-03,2014-10-09,SL-20155,495,3,6.192,0.4644,0.2,2014,10,False
US-2016-131891,2016-07-29,2016-07-31,PW-19240,271,3,2.214,-1.476,0.7,2016,7,False
CA-2017-143567,2017-11-02,2017-11-05,TB-21175,982,2,5.32,2.6068,0.0,2017,11,False
CA-2017-143567,2017-11-02,2017-11-05,TB-21175,839,4,975.92,292.776,0.0,2017,11,True
CA-2017-143567,2017-11-02,2017-11-05,TB-21175,1020,9,2249.91,517.4793,0.0,2017,11,True
CA-2017-143567,2017-11-02,2017-11-05,TB-21175,1520,4,59.92,16.7776,0.0,2017,11,False
CA-2017-104080,2017-03-08,2017-03-15,AH-10210,781,5,171.2,64.2,0.2,2017,3,False
CA-2017-104080,2017-03-08,2017-03-15,AH-10210,1130,2,3.36,0.8736,0.0,2017,3,False
CA-2014-151379,2014-12-16,2014-12-20,SC-20695,1715,5,114.2,52.532,0.0,2014,12,False
CA-2016-163167,2016-11-28,2016-12-01,RF-19345,764,3,182.67,52.9743,0.0,2016,11,False
CA-2016-163167,2016-11-28,2016-12-01,RF-19345,961,6,101.7,6.102,0.0,2016,11,False
CA-2016-163167,2016-11-28,2016-12-01,RF-19345,1556,3,1126.02,56.301,0.0,2016,11,True
CA-2016-163167,2016-11-28,2016-12-01,RF-19345,14,6,1263.3,315.825,0.0,2016,11,True
CA-2016-135776,2016-12-23,2016-12-30,EH-13765,1123,3,8.82,2.5578,0.0,2016,12,False
CA-2016-135776,2016-12-23,2016-12-30,EH-13765,464,2,37.94,18.2112,0.0,2016,12,False
CA-2016-135776,2016-12-23,2016-12-30,EH-13765,1410,2,4.2,1.176,0.0,2016,12,False
CA-2016-135776,2016-12-23,2016-12-30,EH-13765,1364,2,227.28,2.2728,0.0,2016,12,False
CA-2016-135776,2016-12-23,2016-12-30,EH-13765,1696,1,47.9,22.992,0.0,2016,12,False
CA-2016-135776,2016-12-23,2016-12-30,EH-13765,1493,2,61.96,30.3604,0.0,2016,12,False
CA-2016-135776,2016-12-23,2016-12-30,EH-13765,1557,4,1117.92,55.896,0.0,2016,12,True
US-2014-122021,2014-10-15,2014-10-17,AC-10660,756,2,183.372,-7.8588,0.3,2014,10,False
US-2014-122021,2014-10-15,2014-10-17,AC-10660,1680,2,7.968,2.8884,0.2,2014,10,False
CA-2016-130484,2016-08-22,2016-08-27,SG-20470,689,8,26.352,-18.4464,0.7,2016,8,False
CA-2017-120936,2017-12-17,2017-12-21,CA-12310,905,4,481.32,125.1432,0.0,2017,12,False
CA-2017-120936,2017-12-17,2017-12-21,CA-12310,671,1,13.98,3.6348,0.0,2017,12,False
CA-2017-110884,2017-03-07,2017-03-12,SH-20395,23,6,25.92,9.072,0.2,2017,3,False
CA-2017-110884,2017-03-07,2017-03-12,SH-20395,178,3,91.59,42.1314,0.0,2017,3,False
US-2014-161613,2014-12-01,2014-12-03,MC-17605,832,3,674.058,-19.2588,0.3,2014,12,True
US-2014-146353,2014-10-14,2014-10-16,JE-15610,258,4,22.92,11.0016,0.0,2014,10,False
US-2014-146353,2014-10-14,2014-10-16,JE-15610,633,5,269.9,16.194,0.0,2014,10,False
CA-2014-133809,2014-11-18,2014-11-23,MS-17530,1308,8,11.808,-8.6592,0.7,2014,11,False
CA-2014-133809,2014-11-18,2014-11-23,MS-17530,1225,2,9.588,-2.0774,0.4,2014,11,False
CA-2017-127306,2017-01-14,2017-01-18,BH-11710,5,3,18.336,6.6468,0.2,2017,1,False
CA-2017-127306,2017-01-14,2017-01-18,BH-11710,1718,7,36.288,12.7008,0.2,2017,1,False
CA-2017-127306,2017-01-14,2017-01-18,BH-11710,1844,2,111.984,6.999,0.2,2017,1,False
CA-2017-127306,2017-01-14,2017-01-18,BH-11710,901,5,5.97,-4.577,0.7,2017,1,False
CA-2017-127306,2017-01-14,2017-01-18,BH-11710,240,2,2.508,-1.8392,0.7,2017,1,False
CA-2015-161830,2015-09-24,2015-09-26,ME-17725,279,2,35.96,10.4284,0.0,2015,9,False
CA-2015-161830,2015-09-24,2015-09-26,ME-17725,256,3,14.952,5.4201,0.2,2015,9,False
CA-2017-163125,2017-10-09,2017-10-11,MB-17305,375,7,67.144,5.8751,0.2,2017,10,False
CA-2017-163125,2017-10-09,2017-10-11,MB-17305,841,3,254.058,-32.6646,0.3,2017,10,False
CA-2016-160304,2016-01-02,2016-01-07,BM-11575,390,3,173.94,38.2668,0.0,2016,1,False
CA-2016-160304,2016-01-02,2016-01-07,BM-11575,724,2,231.98,67.2742,0.0,2016,1,False
CA-2017-101728,2017-08-19,2017-08-23,SC-20575,329,2,2.296,-3.9032,0.8,2017,8,False
CA-2017-114055,2017-12-25,2017-12-29,MH-18115,12,2,96.08,46.1184,0.0,2017,12,False
CA-2017-114055,2017-12-25,2017-12-29,MH-18115,161,2,3.62,1.1946,0.0,2017,12,False
CA-2017-114055,2017-12-25,2017-12-29,MH-18115,1700,6,629.1,301.968,0.0,2017,12,True
CA-2017-114055,2017-12-25,2017-12-29,MH-18115,39,2,90.48,23.5248,0.0,2017,12,False
CA-2017-126438,2017-09-10,2017-09-13,AR-10345,539,2,14.88,3.72,0.0,2017,9,False
CA-2017-117653,2017-10-19,2017-10-23,MO-17500,977,1,91.275,-67.5435,0.5,2017,10,False
CA-2017-143245,2017-12-01,2017-12-06,AD-10180,1810,3,19.44,9.3312,0.0,2017,12,False
CA-2017-143245,2017-12-01,2017-12-06,AD-10180,740,3,897.15,251.202,0.0,2017,12,True
US-2014-138828,2014-09-02,2014-09-03,KD-16345,1131,5,57.75,16.17,0.0,2014,9,False
US-2014-138828,2014-09-02,2014-09-03,KD-16345,537,3,14.94,7.0218,0.0,2014,9,False
CA-2017-143651,2017-03-25,2017-03-30,FM-14215,1114,2,23.1,6.93,0.0,2017,3,False
CA-2015-106978,2015-09-28,2015-10-04,ZC-21910,3,1,12.536,4.2309,0.2,2015,9,False
CA-2015-106978,2015-09-28,2015-10-04,ZC-21910,1629,2,1.08,-0.792,0.7,2015,9,False
CA-2015-106978,2015-09-28,2015-10-04,ZC-21910,1499,3,4.512,0.846,0.2,2015,9,False
CA-2015-155124,2015-03-15,2015-03-21,KS-16300,1452,3,16.776,1.6776,0.2,2015,3,False
CA-2017-150931,2017-01-06,2017-01-13,DP-13390,1642,7,33.74,15.5204,0.0,2017,1,False
CA-2014-157147,2014-01-13,2014-01-18,BD-11605,1549,5,1325.85,238.653,0.0,2014,1,True
CA-2014-157147,2014-01-13,2014-01-18,BD-11605,1187,3,333.999,3.9294,0.15,2014,1,False
CA-2014-157147,2014-01-13,2014-01-18,BD-11605,28,5,19.9,6.567,0.0,2014,1,False
CA-2015-156482,2015-02-06,2015-02-13,IL-15100,1202,9,1268.82,266.4522,0.0,2015,2,True
CA-2015-156482,2015-02-06,2015-02-13,IL-15100,846,4,283.92,82.3368,0.0,2015,2,False
CA-2015-156482,2015-02-06,2015-02-13,IL-15100,1372,2,5.68,1.7608,0.0,2015,2,False
CA-2017-106782,2017-12-21,2017-12-27,LP-17095,1556,1,375.34,18.767,0.0,2017,12,False
CA-2016-151372,2016-09-05,2016-09-06,JH-15985,12,2,96.08,46.1184,0.0,2016,9,False
CA-2016-151372,2016-09-05,2016-09-06,JH-15985,146,2,11.68,3.942,0.2,2016,9,False
CA-2016-151372,2016-09-05,2016-09-06,JH-15985,122,2,4.36,1.7876,0.0,2016,9,False
CA-2014-102085,2014-10-04,2014-10-09,JD-16015,229,4,29.24,13.7428,0.0,2014,10,False
CA-2017-107125,2017-11-27,2017-12-02,BD-11320,1302,7,117.488,41.1208,0.2,2017,11,False
CA-2017-107125,2017-11-27,2017-12-02,BD-11320,546,3,18.84,6.0288,0.0,2017,11,False
CA-2016-125815,2016-10-28,2016-11-01,DL-13330,276,3,12.42,5.2164,0.0,2016,10,False
CA-2015-144190,2015-06-09,2015-06-13,NC-18415,1787,2,12.96,6.2208,0.0,2015,6,False
CA-2017-117926,2017-12-08,2017-12-12,AS-10225,301,1,69.48,20.844,0.0,2017,12,False
CA-2015-153906,2015-03-16,2015-03-20,MS-17980,1274,2,85.9,2.577,0.0,2015,3,False
CA-2014-160262,2014-06-09,2014-06-13,TS-21205,495,7,18.06,4.6956,0.0,2014,6,False
CA-2014-160262,2014-06-09,2014-06-13,TS-21205,1693,3,79.14,36.4044,0.0,2014,6,False
CA-2014-160262,2014-06-09,2014-06-13,TS-21205,619,2,37.4,14.212,0.0,2014,6,False
CA-2015-127607,2015-03-20,2015-03-26,JK-15730,709,2,2.512,-4.396,0.8,2015,3,False
CA-2015-127607,2015-03-20,2015-03-26,JK-15730,1499,9,18.864,6.1308,0.2,2015,3,False
CA-2016-166226,2016-11-18,2016-11-22,TC-21535,778,1,61.192,6.1192,0.2,2016,11,False
CA-2016-166226,2016-11-18,2016-11-22,TC-21535,640,1,67.84,18.3168,0.0,2016,11,False
CA-2014-156587,2014-03-07,2014-03-08,AB-10015,764,1,48.712,5.4801,0.2,2014,3,False
CA-2014-156587,2014-03-07,2014-03-08,AB-10015,1138,3,17.94,4.6644,0.0,2014,3,False
CA-2014-156587,2014-03-07,2014-03-08,AB-10015,416,3,242.94,4.8588,0.0,2014,3,False
CA-2016-141180,2016-05-15,2016-05-19,DP-13000,691,4,7.764,-5.176,0.7,2016,5,False
CA-2015-109708,2015-05-25,2015-05-28,CY-12745,1620,4,467.04,58.38,0.2,2015,5,False
CA-2015-122406,2015-08-02,2015-08-05,BE-11455,1274,3,128.85,3.8655,0.0,2015,8,False
CA-2015-122406,2015-08-02,2015-08-05,BE-11455,921,2,8.4,4.116,0.0,2015,8,False
CA-2015-122406,2015-08-02,2015-08-05,BE-11455,1005,2,199.98,83.9916,0.0,2015,8,False
CA-2015-122406,2015-08-02,2015-08-05,BE-11455,1213,1,110.98,15.5372,0.0,2015,8,False
US-2016-153815,2016-11-06,2016-11-09,KL-16555,814,2,207.984,-28.5978,0.2,2016,11,False
US-2016-153815,2016-11-06,2016-11-09,KL-16555,598,2,36.112,12.6392,0.2,2016,11,False
US-2016-153815,2016-11-06,2016-11-09,KL-16555,621,2,35.568,5.7798,0.2,2016,11,False
US-2016-153815,2016-11-06,2016-11-09,KL-16555,538,2,88.768,31.0688,0.2,2016,11,False
CA-2016-164896,2016-11-07,2016-11-12,PS-19045,1646,2,12.9,6.321,0.0,2016,11,False
CA-2015-142202,2015-09-18,2015-09-23,JR-16210,599,9,717.12,152.388,0.2,2015,9,True
CA-2015-165050,2015-12-07,2015-12-09,AH-10210,1307,5,21.36,7.209,0.2,2015,12,False
CA-2015-165050,2015-12-07,2015-12-09,AH-10210,240,2,6.688,2.3408,0.2,2015,12,False
CA-2015-165050,2015-12-07,2015-12-09,AH-10210,524,6,773.94,224.4426,0.0,2015,12,True
US-2016-131114,2016-12-09,2016-12-13,RW-19630,94,3,20.568,1.5426,0.2,2016,12,False
US-2016-131114,2016-12-09,2016-12-13,RW-19630,294,2,4.356,-11.7612,0.8,2016,12,False
US-2016-131114,2016-12-09,2016-12-13,RW-19630,963,4,19.04,-1.428,0.2,2016,12,False
CA-2014-160066,2014-11-16,2014-11-22,AH-10075,1257,2,5.22,2.4012,0.0,2014,11,False
CA-2016-109925,2016-11-06,2016-11-10,IM-15070,582,3,84.84,22.9068,0.0,2016,11,False
CA-2015-160696,2015-09-06,2015-09-10,CK-12760,161,5,7.24,1.1765,0.2,2015,9,False
CA-2014-125171,2014-09-03,2014-09-03,AG-10390,224,5,14.4,7.056,0.0,2014,9,False
CA-2016-149279,2016-04-24,2016-04-28,CL-12700,1823,3,15.552,5.4432,0.2,2016,4,False
CA-2016-149279,2016-04-24,2016-04-28,CL-12700,1363,6,1325.76,149.148,0.2,2016,4,True
CA-2016-149279,2016-04-24,2016-04-28,CL-12700,1635,2,3.108,-2.1756,0.7,2016,4,False
CA-2017-107321,2017-08-31,2017-09-04,AW-10930,81,3,6.672,2.1684,0.2,2017,8,False
CA-2017-107321,2017-08-31,2017-09-04,AW-10930,48,4,689.408,77.5584,0.2,2017,8,True
US-2017-122714,2017-12-07,2017-12-13,HG-14965,895,5,1889.99,-2929.4845,0.8,2017,12,True
CA-2015-153038,2015-12-18,2015-12-25,RB-19645,4,8,55.936,18.8784,0.2,2015,12,False
CA-2015-153038,2015-12-18,2015-12-25,RB-19645,216,8,18.432,5.9904,0.2,2015,12,False
CA-2015-153038,2015-12-18,2015-12-25,RB-19645,1046,5,20.32,3.556,0.2,2015,12,False
CA-2014-132227,2014-11-04,2014-11-10,SZ-20035,61,4,52.064,18.8732,0.2,2014,11,False
CA-2017-155824,2017-03-10,2017-03-15,KS-16300,613,1,48.784,3.6588,0.2,2017,3,False
CA-2017-155824,2017-03-10,2017-03-15,KS-16300,802,4,13.092,-10.0372,0.7,2017,3,False
CA-2016-129238,2016-01-31,2016-02-04,SC-20050,38,1,109.592,8.2194,0.2,2016,1,False
CA-2016-129238,2016-01-31,2016-02-04,SC-20050,537,5,56.7,27.783,0.0,2016,1,False
CA-2017-159688,2017-05-07,2017-05-12,AB-10060,1003,1,79.99,28.7964,0.0,2017,5,False
CA-2016-136126,2016-05-24,2016-05-24,EH-14125,91,5,69.5,20.155,0.0,2016,5,False
CA-2016-136126,2016-05-24,2016-05-24,EH-14125,1696,4,191.6,91.968,0.0,2016,5,False
CA-2016-155033,2016-10-07,2016-10-12,CC-12475,162,2,10.56,5.0688,0.0,2016,10,False
CA-2014-156006,2014-04-30,2014-05-02,TM-21010,1055,3,47.79,16.2486,0.0,2014,4,False
CA-2015-158659,2015-11-10,2015-11-14,SC-20695,979,5,714.3,207.147,0.0,2015,11,True
CA-2015-169796,2015-11-09,2015-11-14,Dp-13240,1840,2,2321.9,1114.512,0.0,2015,11,True
CA-2015-169796,2015-11-09,2015-11-14,Dp-13240,1256,3,17.94,3.0498,0.0,2015,11,False
CA-2015-102876,2015-09-07,2015-09-14,LR-17035,722,1,9.522,-6.9828,0.7,2015,9,False
CA-2015-102876,2015-09-07,2015-09-14,LR-17035,1390,6,791.964,-131.994,0.4,2015,9,True
CA-2015-102876,2015-09-07,2015-09-14,LR-17035,147,3,4.923,-3.9384,0.7,2015,9,False
US-2017-139647,2017-05-11,2017-05-13,TS-21370,316,7,209.979,-356.9643,0.7,2017,5,False
US-2017-160465,2017-07-21,2017-07-26,SW-20350,1602,3,33.93,-22.62,0.7,2017,7,False
US-2017-160465,2017-07-21,2017-07-26,SW-20350,980,7,222.32,25.011,0.2,2017,7,False
US-2017-160465,2017-07-21,2017-07-26,SW-20350,523,6,210.564,-52.641,0.4,2017,7,False
CA-2014-153850,2014-11-24,2014-11-29,TH-21100,548,7,35.168,9.6712,0.2,2014,11,False
CA-2014-153850,2014-11-24,2014-11-29,TH-21100,1392,4,1502.376,-250.396,0.4,2014,11,True
CA-2014-127558,2014-11-15,2014-11-18,SS-20410,545,3,10.11,3.2352,0.0,2014,11,False
CA-2014-127558,2014-11-15,2014-11-18,SS-20410,1025,3,772.47,146.7693,0.0,2014,11,True
CA-2014-127558,2014-11-15,2014-11-18,SS-20410,85,2,20.46,5.3196,0.0,2014,11,False
CA-2017-136511,2017-03-23,2017-03-25,MZ-17515,1300,3,347.58,17.379,0.0,2017,3,False
CA-2016-133795,2016-12-18,2016-12-24,JE-15475,1401,2,72.64,21.792,0.0,2016,12,False
CA-2016-133795,2016-12-18,2016-12-24,JE-15475,1025,3,772.47,146.7693,0.0,2016,12,True
CA-2016-133795,2016-12-18,2016-12-24,JE-15475,571,4,39.92,11.1776,0.0,2016,12,False
US-2017-130953,2017-07-29,2017-08-03,RF-19735,697,2,33.48,16.4052,0.0,2017,7,False
US-2017-130953,2017-07-29,2017-08-03,RF-19735,1168,3,461.97,133.9713,0.0,2017,7,False
US-2017-130953,2017-07-29,2017-08-03,RF-19735,822,2,137.62,60.5528,0.0,2017,7,False
US-2017-130953,2017-07-29,2017-08-03,RF-19735,1212,3,302.67,72.6408,0.0,2017,7,False
CA-2014-151792,2014-09-02,2014-09-07,CV-12295,1018,3,239.976,53.9946,0.2,2014,9,False
CA-2017-139304,2017-01-29,2017-02-02,VG-21790,1147,3,8.34,2.1684,0.0,2017,1,False
CA-2017-139304,2017-01-29,2017-02-02,VG-21790,94,1,8.57,2.2282,0.0,2017,1,False
CA-2017-139304,2017-01-29,2017-02-02,VG-21790,448,8,119.616,40.3704,0.2,2017,1,False
CA-2016-155166,2016-12-26,2017-01-02,BB-11545,1174,3,212.94,25.5528,0.0,2016,12,False
CA-2016-155166,2016-12-26,2017-01-02,BB-11545,632,1,26.49,7.4172,0.0,2016,12,False
CA-2015-103954,2015-08-09,2015-08-13,HR-14770,1185,5,687.4,48.118,0.0,2015,8,True
CA-2014-169803,2014-04-06,2014-04-12,SC-20260,426,3,653.55,111.1035,0.0,2014,4,True
CA-2014-169803,2014-04-06,2014-04-12,SC-20260,961,2,33.9,2.034,0.0,2014,4,False
CA-2017-141719,2017-11-17,2017-11-21,EG-13900,1022,5,239.96,83.986,0.2,2017,11,False
CA-2015-136469,2015-07-11,2015-07-12,TS-21370,978,4,199.836,-37.1124,0.3,2015,7,False
CA-2015-136469,2015-07-11,2015-07-12,TS-21370,1621,2,716.0,193.32,0.0,2015,7,True
CA-2015-136469,2015-07-11,2015-07-12,TS-21370,1577,7,221.06,103.8982,0.0,2015,7,False
CA-2016-158694,2016-11-10,2016-11-13,AI-10855,598,3,67.71,32.5008,0.0,2016,11,False
CA-2016-158694,2016-11-10,2016-11-13,AI-10855,307,4,129.92,38.976,0.0,2016,11,False
CA-2016-158694,2016-11-10,2016-11-13,AI-10855,875,9,467.46,191.6586,0.0,2016,11,False
CA-2016-158694,2016-11-10,2016-11-13,AI-10855,1720,5,61.4,28.858,0.0,2016,11,False
CA-2016-158694,2016-11-10,2016-11-13,AI-10855,1490,4,720.76,187.3976,0.0,2016,11,True
CA-2016-158694,2016-11-10,2016-11-13,AI-10855,1250,3,5.184,1.8144,0.2,2016,11,False
CA-2016-158694,2016-11-10,2016-11-13,AI-10855,1146,5,14.7,3.969,0.0,2016,11,False
US-2014-104759,2014-03-31,2014-04-04,DD-13570,639,7,8.134,-13.8278,0.8,2014,3,False
US-2014-104759,2014-03-31,2014-04-04,DD-13570,955,2,79.984,13.9972,0.2,2014,3,False
CA-2015-150511,2015-09-18,2015-09-24,AB-10060,1652,2,18.54,8.7138,0.0,2015,9,False
CA-2015-134922,2015-11-07,2015-11-11,KB-16240,1618,2,24.4,7.93,0.2,2015,11,False
US-2017-120607,2017-05-19,2017-05-19,JC-15775,1568,4,195.64,91.9508,0.0,2017,5,False
CA-2015-141243,2015-01-03,2015-01-08,AH-10465,599,5,398.4,84.66,0.2,2015,1,False
CA-2015-141243,2015-01-03,2015-01-08,AH-10465,1123,3,7.056,0.7938,0.2,2015,1,False
CA-2015-141243,2015-01-03,2015-01-08,AH-10465,1190,9,1352.3976,-437.5404,0.32,2015,1,True
CA-2015-162166,2015-09-08,2015-09-11,NM-18520,1714,5,26.4,11.88,0.0,2015,9,False
CA-2015-162166,2015-09-08,2015-09-11,NM-18520,587,6,41.88,0.8376,0.0,2015,9,False
CA-2016-120796,2016-04-03,2016-04-07,CS-11950,719,9,99.846,-83.205,0.7,2016,4,False
CA-2016-109722,2016-12-05,2016-12-07,TP-21130,1391,2,699.98,195.9944,0.0,2016,12,True
CA-2016-109722,2016-12-05,2016-12-07,TP-21130,634,9,584.82,70.1784,0.0,2016,12,True
CA-2015-136798,2015-05-08,2015-05-12,DL-12925,1639,2,43.98,21.99,0.0,2015,5,False
CA-2015-136798,2015-05-08,2015-05-12,DL-12925,1594,3,377.97,105.8316,0.0,2015,5,False
CA-2015-136798,2015-05-08,2015-05-12,DL-12925,513,3,123.96,11.1564,0.0,2015,5,False
CA-2017-122196,2017-09-22,2017-09-24,CA-12265,725,2,391.98,113.6742,0.0,2017,9,False
CA-2017-142090,2017-11-30,2017-12-07,SC-20380,1014,3,383.976,81.5949,0.2,2017,11,False
CA-2017-142090,2017-11-30,2017-12-07,SC-20380,376,7,1781.682,-653.2834,0.4,2017,11,True
CA-2017-160934,2017-01-15,2017-01-19,TT-21460,1156,5,21.4,6.206,0.0,2017,1,False
CA-2014-124478,2014-08-08,2014-08-12,MA-17560,1445,1,549.99,274.995,0.0,2014,8,True
CA-2014-124478,2014-08-08,2014-08-12,MA-17560,80,3,167.535,37.23,0.1,2014,8,False
CA-2014-124478,2014-08-08,2014-08-12,MA-17560,773,3,38.34,17.253,0.0,2014,8,False
CA-2014-124478,2014-08-08,2014-08-12,MA-17560,1177,6,53.88,22.6296,0.0,2014,8,False
CA-2014-124478,2014-08-08,2014-08-12,MA-17560,1098,2,299.98,83.9944,0.0,2014,8,False
CA-2015-145485,2015-11-05,2015-11-05,JM-16195,797,4,62.8,15.7,0.0,2015,11,False
CA-2017-151071,2017-04-25,2017-04-29,MB-18085,413,2,13.904,4.5188,0.2,2017,4,False
CA-2014-134572,2014-04-20,2014-04-22,SV-20365,377,5,744.1,-95.67,0.3,2014,4,True
CA-2014-134572,2014-04-20,2014-04-22,SV-20365,1262,5,44.84,5.605,0.2,2014,4,False
CA-2014-134572,2014-04-20,2014-04-22,SV-20365,1350,2,401.59,-131.951,0.3,2014,4,False
CA-2017-143217,2017-11-11,2017-11-17,CG-12040,1310,3,18.24,8.5728,0.0,2017,11,False
US-2017-133312,2017-11-25,2017-11-29,BD-11500,1428,3,359.499,-29.6058,0.15,2017,11,False
US-2017-133312,2017-11-25,2017-11-29,BD-11500,1505,1,10.48,2.8296,0.0,2017,11,False
US-2015-137533,2015-12-18,2015-12-18,JK-15640,1823,4,20.736,7.2576,0.2,2015,12,False
CA-2016-155138,2016-09-08,2016-09-12,JM-15580,1068,4,35.168,8.3524,0.2,2016,9,False
CA-2016-155138,2016-09-08,2016-09-12,JM-15580,1263,3,64.704,23.4552,0.2,2016,9,False
CA-2016-108350,2016-06-06,2016-06-09,SC-20230,1722,4,105.52,48.5392,0.0,2016,6,False
CA-2015-144302,2015-06-19,2015-06-23,ME-17320,720,2,5.792,-9.5568,0.8,2015,6,False
CA-2015-109001,2015-03-05,2015-03-09,KN-16390,1387,7,466.158,-93.2316,0.4,2015,3,False
CA-2015-109001,2015-03-05,2015-03-09,KN-16390,1459,1,10.312,-1.289,0.2,2015,3,False
CA-2015-109001,2015-03-05,2015-03-09,KN-16390,267,3,2.556,-1.7892,0.7,2015,3,False
CA-2017-132738,2017-08-04,2017-08-07,HM-14860,795,2,7.968,2.8884,0.2,2017,8,False
CA-2017-132738,2017-08-04,2017-08-07,HM-14860,1042,1,8.784,3.1842,0.2,2017,8,False
CA-2017-156720,2017-12-30,2018-01-03,JM-15580,283,3,3.024,-0.6048,0.2,2017,12,False
CA-2015-119102,2015-05-23,2015-05-27,KH-16690,125,3,51.45,13.8915,0.0,2015,5,False
US-2014-140452,2014-12-06,2014-12-10,BK-11260,336,4,14.016,-31.536,0.8,2014,12,False
US-2014-140452,2014-12-06,2014-12-10,BK-11260,942,5,214.95,-120.372,0.5,2014,12,False
US-2014-140452,2014-12-06,2014-12-10,BK-11260,1447,4,35.04,-7.008,0.2,2014,12,False
US-2014-140452,2014-12-06,2014-12-10,BK-11260,1177,3,10.776,-4.8492,0.6,2014,12,False
US-2014-140452,2014-12-06,2014-12-10,BK-11260,893,2,4.6,-8.05,0.8,2014,12,False
US-2014-140452,2014-12-06,2014-12-10,BK-11260,1352,2,35.168,-8.3524,0.2,2014,12,False
CA-2015-141936,2015-08-07,2015-08-12,PN-18775,409,3,19.152,6.4638,0.2,2015,8,False
CA-2014-158442,2014-03-17,2014-03-17,AZ-10750,1141,2,4.448,0.3336,0.2,2014,3,False
CA-2014-158442,2014-03-17,2014-03-17,AZ-10750,1755,1,5.184,1.8792,0.2,2014,3,False
CA-2014-158442,2014-03-17,2014-03-17,AZ-10750,1756,3,15.552,5.4432,0.2,2014,3,False
CA-2015-167374,2015-03-26,2015-03-30,GM-14500,1469,6,40.032,12.51,0.2,2015,3,False
CA-2015-167374,2015-03-26,2015-03-30,GM-14500,1599,3,16.776,5.0328,0.2,2015,3,False
CA-2014-116568,2014-12-14,2014-12-20,BM-11785,906,4,186.304,13.9728,0.2,2014,12,False
CA-2015-147102,2015-09-19,2015-09-26,NH-18610,953,4,66.36,23.226,0.0,2015,9,False
CA-2017-132213,2017-04-25,2017-04-26,PN-18775,1118,9,42.048,5.256,0.2,2017,4,False
CA-2017-132213,2017-04-25,2017-04-26,PN-18775,1491,5,67.92,6.792,0.2,2017,4,False
CA-2014-138450,2014-10-18,2014-10-22,EH-13765,1615,6,52.512,19.692,0.2,2014,10,False
CA-2014-138450,2014-10-18,2014-10-22,EH-13765,556,6,186.912,-35.046,0.2,2014,10,False
CA-2014-138450,2014-10-18,2014-10-22,EH-13765,104,4,10.048,3.14,0.2,2014,10,False
CA-2015-153073,2015-11-13,2015-11-13,HA-14905,578,9,17.496,-7.4358,0.6,2015,11,False
CA-2016-147970,2016-01-31,2016-02-02,AB-10150,1786,3,15.552,5.4432,0.2,2016,1,False
CA-2016-150658,2016-11-17,2016-11-22,MS-17365,259,3,10.776,3.3675,0.2,2016,11,False
CA-2017-125640,2017-07-25,2017-07-29,DD-13570,199,1,3.304,1.0738,0.2,2017,7,False
CA-2017-154137,2017-11-11,2017-11-17,MT-17815,309,1,35.48,0.0,0.0,2017,11,False
CA-2015-127173,2015-09-26,2015-10-03,GM-14500,1601,3,34.44,16.1868,0.0,2015,9,False
CA-2015-127173,2015-09-26,2015-10-03,GM-14500,164,7,629.93,296.0671,0.0,2015,9,True
CA-2015-127173,2015-09-26,2015-10-03,GM-14500,689,9,79.056,28.6578,0.2,2015,9,False
CA-2014-149538,2014-04-04,2014-04-08,KB-16585,1377,5,232.55,9.302,0.0,2014,4,False
CA-2014-149538,2014-04-04,2014-04-08,KB-16585,1017,2,99.98,42.9914,0.0,2014,4,False
CA-2014-149538,2014-04-04,2014-04-08,KB-16585,1804,3,19.44,9.3312,0.0,2014,4,False
CA-2014-149538,2014-04-04,2014-04-08,KB-16585,1755,2,12.96,6.3504,0.0,2014,4,False
CA-2014-160766,2014-09-14,2014-09-14,DM-13015,942,9,464.292,-108.3348,0.4,2014,9,False
CA-2014-160766,2014-09-14,2014-09-14,DM-13015,1493,7,68.46,31.4916,0.0,2014,9,False
CA-2014-160766,2014-09-14,2014-09-14,DM-13015,165,4,2799.96,1371.9804,0.0,2014,9,True
CA-2014-160766,2014-09-14,2014-09-14,DM-13015,859,2,601.3,198.429,0.0,2014,9,True
CA-2014-160766,2014-09-14,2014-09-14,DM-13015,1480,1,16.99,4.4174,0.0,2014,9,False
CA-2014-160766,2014-09-14,2014-09-14,DM-13015,1604,3,287.97,80.6316,0.0,2014,9,False
CA-2014-160766,2014-09-14,2014-09-14,DM-13015,1770,9,44.82,21.0654,0.0,2014,9,False
CA-2017-146626,2017-12-29,2018-01-05,BP-11185,1176,8,101.12,37.4144,0.0,2017,12,False
CA-2015-123330,2015-06-21,2015-06-27,EP-13915,923,3,107.976,37.7916,0.2,2015,6,False
CA-2017-155607,2017-11-26,2017-11-30,FG-14260,338,7,58.73,14.6825,0.0,2017,11,False
CA-2017-155607,2017-11-26,2017-11-30,FG-14260,330,4,93.344,32.6704,0.2,2017,11,False
CA-2016-151323,2016-10-23,2016-10-28,AB-10255,126,5,17.05,8.184,0.0,2016,10,False
CA-2015-146696,2015-12-14,2015-12-19,RD-19480,1640,2,8.096,2.7324,0.2,2015,12,False
CA-2016-128972,2016-11-13,2016-11-17,TS-21430,1050,4,30.36,13.0548,0.0,2016,11,False
CA-2017-128335,2017-09-29,2017-10-05,JA-15970,1493,3,23.34,10.9698,0.0,2017,9,False
CA-2017-128335,2017-09-29,2017-10-05,JA-15970,1479,5,51.55,24.2285,0.0,2017,9,False
CA-2015-154886,2015-11-08,2015-11-12,SW-20455,1086,2,119.9,43.164,0.0,2015,11,False
CA-2016-111213,2016-04-01,2016-04-05,FP-14320,839,6,1317.492,292.776,0.1,2016,4,True
CA-2016-111213,2016-04-01,2016-04-05,FP-14320,1496,8,63.84,18.5136,0.0,2016,4,False
CA-2016-111213,2016-04-01,2016-04-05,FP-14320,259,1,3.592,1.1225,0.2,2016,4,False
CA-2017-161333,2017-02-02,2017-02-07,JL-15835,874,2,86.26,29.3284,0.0,2017,2,False
CA-2017-161333,2017-02-02,2017-02-07,JL-15835,1103,4,139.04,38.9312,0.0,2017,2,False
CA-2017-161333,2017-02-02,2017-02-07,JL-15835,801,4,46.8,16.38,0.0,2017,2,False
CA-2017-128734,2017-12-24,2017-12-31,JL-15175,103,4,8.544,1.9224,0.2,2017,12,False
CA-2017-128734,2017-12-24,2017-12-31,JL-15175,758,3,842.376,105.297,0.2,2017,12,True
CA-2014-141796,2014-06-21,2014-06-21,JG-15160,1289,3,1214.85,352.3065,0.0,2014,6,True
CA-2017-125101,2017-03-06,2017-03-10,SH-19975,665,2,67.78,16.945,0.0,2017,3,False
CA-2017-169929,2017-09-25,2017-09-28,LS-17200,928,5,39.9,10.374,0.0,2017,9,False
US-2014-121566,2014-06-30,2014-07-06,CS-11860,412,1,2.688,0.84,0.2,2014,6,False
US-2014-121566,2014-06-30,2014-07-06,CS-11860,1414,3,6.6,2.904,0.0,2014,6,False
US-2015-124219,2015-08-07,2015-08-08,KW-16570,1633,4,28.4,13.064,0.0,2015,8,False
US-2015-124219,2015-08-07,2015-08-08,KW-16570,1547,3,212.94,34.0704,0.0,2015,8,False
CA-2017-163006,2017-06-30,2017-07-04,GH-14410,1392,2,1001.584,125.198,0.2,2017,6,True
CA-2017-163006,2017-06-30,2017-07-04,GH-14410,748,3,569.058,-178.8468,0.3,2017,6,True
CA-2017-163006,2017-06-30,2017-07-04,GH-14410,1440,2,14.224,-10.3124,0.6,2017,6,False
CA-2015-156146,2015-10-26,2015-10-30,AG-10495,1241,2,105.584,9.2386,0.2,2015,10,False
CA-2015-156146,2015-10-26,2015-10-30,AG-10495,1274,2,68.72,-14.603,0.2,2015,10,False
CA-2014-111192,2014-07-30,2014-08-05,TS-21430,1361,8,1367.84,259.8896,0.0,2014,7,True
CA-2016-115378,2016-11-18,2016-11-23,AJ-10945,1173,2,301.96,33.2156,0.0,2016,11,False
CA-2015-161627,2015-07-06,2015-07-11,SJ-20215,1174,3,170.352,-17.0352,0.2,2015,7,False
CA-2014-121006,2014-11-10,2014-11-16,SC-20020,249,2,3.9,1.521,0.0,2014,11,False
CA-2014-121006,2014-11-10,2014-11-16,SC-20020,1781,3,12.84,5.778,0.0,2014,11,False
CA-2014-121006,2014-11-10,2014-11-16,SC-20020,1831,3,15.84,7.128,0.0,2014,11,False
CA-2014-121006,2014-11-10,2014-11-16,SC-20020,842,3,563.94,112.788,0.0,2014,11,True
CA-2014-121006,2014-11-10,2014-11-16,SC-20020,70,3,62.94,11.9586,0.0,2014,11,False
CA-2014-121006,2014-11-10,2014-11-16,SC-20020,872,3,535.41,160.623,0.0,2014,11,True
CA-2016-122903,2016-05-27,2016-05-29,LA-16780,786,5,3504.9,700.98,0.0,2016,5,True
CA-2016-122903,2016-05-27,2016-05-29,LA-16780,1695,3,144.12,69.1776,0.0,2016,5,False
CA-2016-122903,2016-05-27,2016-05-29,LA-16780,1700,3,314.55,150.984,0.0,2016,5,False
CA-2015-107741,2015-03-08,2015-03-10,FC-14335,527,1,3.408,0.8946,0.2,2015,3,False
CA-2017-106432,2017-10-19,2017-10-24,CA-12265,1451,2,2.072,-3.5224,0.8,2017,10,False
CA-2017-106432,2017-10-19,2017-10-24,CA-12265,1362,3,328.3992,-91.7586,0.32,2017,10,False
CA-2016-148908,2016-11-05,2016-11-08,JH-15985,713,2,53.248,19.968,0.2,2016,11,False
CA-2016-123015,2016-12-26,2016-12-30,AJ-10795,1357,3,4.992,1.6848,0.2,2016,12,False
US-2015-120502,2015-04-13,2015-04-19,BT-11395,672,2,37.68,15.8256,0.0,2015,4,False
US-2015-120502,2015-04-13,2015-04-19,BT-11395,47,2,258.576,19.3932,0.2,2015,4,False
US-2015-120502,2015-04-13,2015-04-19,BT-11395,26,2,75.84,29.5776,0.0,2015,4,False
CA-2017-108749,2017-09-12,2017-09-15,DJ-13510,1804,7,45.36,21.7728,0.0,2017,9,False
CA-2017-108749,2017-09-12,2017-09-15,DJ-13510,136,3,45.78,22.89,0.0,2017,9,False
CA-2017-163335,2017-09-24,2017-09-27,AG-10675,641,3,40.29,10.0725,0.0,2017,9,False
CA-2017-163335,2017-09-24,2017-09-27,AG-10675,238,7,38.71,17.8066,0.0,2017,9,False
CA-2015-134719,2015-10-10,2015-10-15,JD-15790,1556,6,1801.632,-337.806,0.2,2015,10,True
US-2015-154389,2015-11-27,2015-12-03,EH-14125,969,8,748.752,-162.2296,0.4,2015,11,True
CA-2015-115567,2015-09-13,2015-09-18,ZC-21910,420,4,199.96,15.9968,0.0,2015,9,False
CA-2015-115567,2015-09-13,2015-09-18,ZC-21910,848,7,1516.2,394.212,0.0,2015,9,True
US-2017-136679,2017-11-14,2017-11-18,XP-21865,1593,6,167.952,-27.2922,0.2,2017,11,False
US-2017-136679,2017-11-14,2017-11-18,XP-21865,358,2,45.04,4.504,0.2,2017,11,False
US-2017-141943,2017-05-05,2017-05-09,DK-12985,1249,2,23.16,11.58,0.0,2017,5,False
CA-2014-101560,2014-11-28,2014-12-01,CS-12250,558,5,397.6,43.736,0.0,2014,11,False
CA-2014-101560,2014-11-28,2014-12-01,CS-12250,1720,7,85.96,40.4012,0.0,2014,11,False
CA-2014-101560,2014-11-28,2014-12-01,CS-12250,474,4,13.12,4.3296,0.0,2014,11,False
CA-2014-101560,2014-11-28,2014-12-01,CS-12250,714,3,45.66,22.3734,0.0,2014,11,False
CA-2014-159709,2014-05-10,2014-05-15,AI-10855,1514,3,158.13,77.4837,0.0,2014,5,False
CA-2014-159709,2014-05-10,2014-05-15,AI-10855,967,5,43.6,4.36,0.2,2014,5,False
CA-2016-103982,2016-03-03,2016-03-08,AA-10315,813,3,3930.072,-786.0144,0.2,2016,3,True
CA-2016-103982,2016-03-03,2016-03-08,AA-10315,55,1,2.304,0.7776,0.2,2016,3,False
CA-2016-103982,2016-03-03,2016-03-08,AA-10315,1290,3,431.976,32.3982,0.2,2016,3,False
CA-2016-103982,2016-03-03,2016-03-08,AA-10315,1596,7,41.72,5.7365,0.2,2016,3,False
CA-2015-142454,2015-08-15,2015-08-19,RE-19450,1561,7,104.23,28.1421,0.0,2015,8,False
CA-2015-142454,2015-08-15,2015-08-19,RE-19450,1094,3,70.26,18.9702,0.0,2015,8,False
CA-2015-102015,2015-09-12,2015-09-18,TM-21010,331,2,9.26,3.0558,0.0,2015,9,False
CA-2015-102015,2015-09-12,2015-09-18,TM-21010,776,2,105.98,4.2392,0.0,2015,9,False
CA-2015-102015,2015-09-12,2015-09-18,TM-21010,1195,1,1.24,0.5828,0.0,2015,9,False
CA-2015-102015,2015-09-12,2015-09-18,TM-21010,196,2,20.7,9.936,0.0,2015,9,False
CA-2015-102015,2015-09-12,2015-09-18,TM-21010,789,5,28.9,14.161,0.0,2015,9,False
CA-2015-102015,2015-09-12,2015-09-18,TM-21010,1581,1,27.18,12.7746,0.0,2015,9,False
CA-2015-156755,2015-01-12,2015-01-18,YS-21880,535,3,465.18,120.9468,0.0,2015,1,False
CA-2015-130876,2015-05-12,2015-05-16,AZ-10750,1292,3,36.63,9.8901,0.0,2015,5,False
CA-2016-145898,2016-09-26,2016-09-26,CM-12445,125,3,51.45,13.8915,0.0,2016,9,False
CA-2016-145898,2016-09-26,2016-09-26,CM-12445,202,3,7.83,3.6018,0.0,2016,9,False
CA-2016-145898,2016-09-26,2016-09-26,CM-12445,1373,5,35.4,13.452,0.0,2016,9,False
CA-2016-145898,2016-09-26,2016-09-26,CM-12445,779,5,29.9,13.455,0.0,2016,9,False
US-2017-159562,2017-09-09,2017-09-15,JB-16000,4,2,17.48,8.2156,0.0,2017,9,False
CA-2017-134635,2017-04-15,2017-04-17,NS-18640,1665,3,79.14,36.4044,0.0,2017,4,False
CA-2017-167080,2017-06-10,2017-06-14,LC-16930,1298,5,8.4,4.2,0.0,2017,6,False
CA-2017-145653,2017-09-01,2017-09-01,CA-12775,798,7,498.26,134.5302,0.0,2017,9,False
CA-2014-140487,2014-06-14,2014-06-20,SR-20425,845,3,212.94,57.4938,0.0,2014,6,False
CA-2017-117401,2017-05-18,2017-05-22,PP-18955,170,7,706.86,197.9208,0.0,2017,5,True
CA-2017-117401,2017-05-18,2017-05-22,PP-18955,1099,5,114.95,2.299,0.0,2017,5,False
CA-2017-117401,2017-05-18,2017-05-22,PP-18955,1590,7,43.19,20.7312,0.0,2017,5,False
US-2017-109582,2017-09-12,2017-09-17,JM-15865,538,3,166.44,79.8912,0.0,2017,9,False
CA-2016-119865,2016-06-21,2016-06-26,AS-10090,1481,5,36.56,12.796,0.2,2016,6,False
CA-2016-119865,2016-06-21,2016-06-26,AS-10090,1303,6,186.144,60.4968,0.2,2016,6,False
CA-2016-119865,2016-06-21,2016-06-26,AS-10090,1190,2,353.568,-44.196,0.2,2016,6,False
US-2014-147648,2014-11-26,2014-12-01,LS-16975,1676,2,81.98,40.1702,0.0,2014,11,False
CA-2017-124436,2017-03-19,2017-03-22,SA-20830,1481,2,14.624,5.1184,0.2,2017,3,False
CA-2017-124436,2017-03-19,2017-03-22,SA-20830,428,5,697.16,8.7145,0.2,2017,3,True
CA-2017-124436,2017-03-19,2017-03-22,SA-20830,116,1,30.93,12.6813,0.0,2017,3,False
CA-2017-124436,2017-03-19,2017-03-22,SA-20830,1305,7,27.496,9.2799,0.2,2017,3,False
CA-2014-115084,2014-10-18,2014-10-22,LS-17200,1212,6,605.34,145.2816,0.0,2014,10,True
CA-2017-131037,2017-08-22,2017-08-23,TM-21490,854,1,210.008,2.6251,0.2,2017,8,False
CA-2016-111143,2016-11-19,2016-11-22,TT-21265,51,3,54.96,15.9384,0.0,2016,11,False
CA-2014-166744,2014-09-20,2014-09-24,DN-13690,392,3,164.22,50.9082,0.0,2014,9,False
CA-2014-166744,2014-09-20,2014-09-24,DN-13690,1188,3,362.94,36.294,0.0,2014,9,False
CA-2014-166744,2014-09-20,2014-09-24,DN-13690,993,2,59.98,26.3912,0.0,2014,9,False
CA-2016-116561,2016-09-11,2016-09-17,EB-14110,1518,3,332.94,6.6588,0.0,2016,9,False
CA-2016-116561,2016-09-11,2016-09-17,EB-14110,711,2,39.872,12.9584,0.2,2016,9,False
CA-2016-110730,2016-09-23,2016-09-26,CM-11815,87,2,13.68,3.6936,0.0,2016,9,False
CA-2017-146367,2017-08-04,2017-08-08,HM-14860,238,3,3.318,-5.6406,0.8,2017,8,False
CA-2016-149454,2016-07-25,2016-07-26,KM-16375,177,1,10.44,4.8024,0.0,2016,7,False
CA-2016-156265,2016-08-02,2016-08-04,BF-11020,289,2,136.464,15.3522,0.2,2016,8,False
CA-2016-156265,2016-08-02,2016-08-04,BF-11020,1167,3,333.576,33.3576,0.2,2016,8,False
CA-2016-156265,2016-08-02,2016-08-04,BF-11020,1837,2,12.544,4.704,0.2,2016,8,False
US-2015-168914,2015-05-21,2015-05-27,JE-15745,637,8,20.768,-52.9584,0.8,2015,5,False
US-2017-110989,2017-11-03,2017-11-05,EJ-14155,791,3,43.5,10.875,0.0,2017,11,False
CA-2015-106215,2015-04-16,2015-04-21,BN-11470,1499,4,12.576,4.0872,0.2,2015,4,False
US-2016-169369,2016-12-12,2016-12-18,EC-14050,420,5,249.95,19.996,0.0,2016,12,False
US-2016-169369,2016-12-12,2016-12-18,EC-14050,1691,4,49.12,23.0864,0.0,2016,12,False
CA-2015-132318,2015-10-30,2015-11-02,TT-21220,1574,3,182.91,53.0439,0.0,2015,10,False
US-2014-131982,2014-03-07,2014-03-11,NP-18685,421,2,107.648,33.64,0.2,2014,3,False
CA-2015-125185,2015-03-05,2015-03-07,AH-10195,1450,2,99.372,-7.098,0.3,2015,3,False
CA-2015-125185,2015-03-05,2015-03-07,AH-10195,18,2,33.568,-5.4548,0.2,2015,3,False
CA-2016-130078,2016-08-08,2016-08-14,CC-12145,1743,2,10.56,4.752,0.0,2016,8,False
US-2017-114034,2017-01-03,2017-01-08,DL-13315,1689,6,38.88,18.6624,0.0,2017,1,False
US-2017-115595,2017-10-09,2017-10-11,XP-21865,1648,5,35.2,16.544,0.0,2017,10,False
CA-2017-158722,2017-10-20,2017-10-26,MA-17560,1669,3,45.528,15.9348,0.2,2017,10,False
CA-2014-105165,2014-09-07,2014-09-10,SZ-20035,1239,3,196.776,14.7582,0.2,2014,9,False
CA-2014-105165,2014-09-07,2014-09-10,SZ-20035,146,2,2.92,-4.818,0.8,2014,9,False
CA-2014-105165,2014-09-07,2014-09-10,SZ-20035,1349,1,200.795,-22.948,0.3,2014,9,False
CA-2014-105165,2014-09-07,2014-09-10,SZ-20035,313,4,46.688,-2.918,0.2,2014,9,False
CA-2014-105165,2014-09-07,2014-09-10,SZ-20035,528,3,21.864,3.5529,0.2,2014,9,False
CA-2017-147452,2017-09-30,2017-10-03,CS-11845,108,2,11.76,5.7624,0.0,2017,9,False
CA-2017-147452,2017-09-30,2017-10-03,CS-11845,1664,3,167.94,82.2906,0.0,2017,9,False
CA-2017-147452,2017-09-30,2017-10-03,CS-11845,459,1,3.89,1.0114,0.0,2017,9,False
US-2017-114657,2017-11-16,2017-11-21,MH-18115,806,4,52.44,24.1224,0.0,2017,11,False
CA-2017-144484,2017-09-11,2017-09-11,CB-12025,30,4,32.36,11.6496,0.0,2017,9,False
CA-2017-144484,2017-09-11,2017-09-11,CB-12025,945,5,406.6,113.848,0.0,2017,9,False
CA-2017-125913,2017-01-16,2017-01-16,JO-15145,570,4,27.92,8.0968,0.0,2017,1,False
CA-2017-125913,2017-01-16,2017-01-16,JO-15145,978,7,399.672,-14.9877,0.2,2017,1,False
US-2016-158309,2016-11-26,2016-11-29,PA-19060,1842,4,3.744,-2.6208,0.7,2016,11,False
CA-2015-162887,2015-11-07,2015-11-09,SV-20785,1378,3,715.2,178.8,0.0,2015,11,True
CA-2017-147333,2017-12-14,2017-12-20,KL-16555,1089,4,159.8,70.312,0.0,2017,12,False
CA-2017-147333,2017-12-14,2017-12-20,KL-16555,960,5,44.75,8.5025,0.0,2017,12,False
CA-2014-113859,2014-09-13,2014-09-17,BC-11125,1226,6,340.116,-9.7176,0.3,2014,9,False
CA-2014-159681,2014-12-07,2014-12-13,PO-18850,1693,4,105.52,48.5392,0.0,2014,12,False
US-2017-104094,2017-09-07,2017-09-11,AG-10675,1356,1,13.48,1.8872,0.0,2017,9,False
CA-2017-152709,2017-10-07,2017-10-12,DB-13210,1368,2,85.52,22.2352,0.0,2017,10,False
CA-2015-105158,2015-09-05,2015-09-10,SP-20860,1029,2,6.16,2.9568,0.0,2015,9,False
CA-2015-105158,2015-09-05,2015-09-10,SP-20860,1663,3,36.84,17.3148,0.0,2015,9,False
CA-2014-133424,2014-03-30,2014-04-04,Dl-13600,1506,3,15.84,0.0,0.0,2014,3,False
CA-2014-133424,2014-03-30,2014-04-04,Dl-13600,198,3,44.4,22.2,0.0,2014,3,False
CA-2017-105991,2017-05-05,2017-05-06,LH-17020,1340,9,21.24,7.434,0.2,2017,5,False
CA-2017-105991,2017-05-05,2017-05-06,LH-17020,241,8,9.552,-7.3232,0.7,2017,5,False
CA-2017-105991,2017-05-05,2017-05-06,LH-17020,316,3,89.991,-152.9847,0.7,2017,5,False
US-2017-136784,2017-04-30,2017-05-05,AD-10180,1704,4,163.96,80.3404,0.0,2017,4,False
CA-2014-146283,2014-09-08,2014-09-15,KT-16465,733,2,17.904,6.2664,0.2,2014,9,False
CA-2014-146283,2014-09-08,2014-09-15,KT-16465,1363,5,966.7,-13.81,0.3,2014,9,True
CA-2014-146283,2014-09-08,2014-09-15,KT-16465,1456,6,182.112,61.4628,0.2,2014,9,False
CA-2017-151218,2017-06-20,2017-06-23,PJ-19015,1281,1,4.464,0.3348,0.2,2017,6,False
CA-2015-111073,2015-12-26,2015-12-30,MC-18100,942,1,51.588,-15.4764,0.4,2015,12,False
CA-2017-144883,2017-08-15,2017-08-19,BO-11350,203,8,50.4,23.184,0.0,2017,8,False
CA-2017-142174,2017-03-04,2017-03-09,DP-13000,1721,2,89.568,32.4684,0.2,2017,3,False
CA-2017-108791,2017-07-27,2017-07-31,TM-21490,1561,1,14.89,4.0203,0.0,2017,7,False
CA-2017-108791,2017-07-27,2017-07-31,TM-21490,1170,8,543.92,135.98,0.0,2017,7,True
CA-2016-106656,2016-09-23,2016-09-26,DV-13045,1284,2,4.08,1.9176,0.0,2016,9,False
CA-2016-106656,2016-09-23,2016-09-26,DV-13045,219,3,18.9,8.694,0.0,2016,9,False
CA-2016-113831,2016-05-30,2016-06-03,AH-10690,855,10,2275.5,386.835,0.0,2016,5,True
CA-2016-113831,2016-05-30,2016-06-03,AH-10690,1269,6,1979.7,653.301,0.0,2016,5,True
CA-2016-113831,2016-05-30,2016-06-03,AH-10690,179,6,62.1,29.808,0.0,2016,5,False
US-2014-139500,2014-11-16,2014-11-20,AB-10165,1369,2,37.296,-1.0656,0.3,2014,11,False
US-2014-166310,2014-09-21,2014-09-23,JS-15940,504,2,8.544,-7.476,0.6,2014,9,False
US-2016-168410,2016-02-21,2016-02-26,BV-11245,31,5,68.95,28.959,0.0,2016,2,False
US-2016-168410,2016-02-21,2016-02-26,BV-11245,1330,3,296.37,80.0199,0.0,2016,2,False
US-2016-168410,2016-02-21,2016-02-26,BV-11245,1846,2,39.98,1.999,0.0,2016,2,False
CA-2017-131254,2017-11-19,2017-11-21,NC-18415,772,3,191.058,-46.3998,0.3,2017,11,False
CA-2017-131254,2017-11-19,2017-11-21,NC-18415,252,5,13.04,3.912,0.2,2017,11,False
CA-2017-131254,2017-11-19,2017-11-21,NC-18415,650,6,1525.188,-2287.782,0.8,2017,11,True
CA-2016-123414,2016-08-21,2016-08-27,SU-20665,197,4,9.216,3.3408,0.2,2016,8,False
CA-2016-123414,2016-08-21,2016-08-27,SU-20665,84,2,28.048,3.506,0.2,2016,8,False
CA-2017-137876,2017-04-30,2017-05-05,DJ-13510,1443,2,64.96,21.4368,0.0,2017,4,False
CA-2017-137876,2017-04-30,2017-05-05,DJ-13510,5,4,30.56,14.9744,0.0,2017,4,False
CA-2016-154060,2016-05-02,2016-05-08,DL-12865,766,9,187.056,11.691,0.2,2016,5,False
US-2017-162558,2017-10-02,2017-10-05,Dp-13240,569,2,11.808,1.3284,0.2,2017,10,False
US-2017-162558,2017-10-02,2017-10-05,Dp-13240,552,1,9.656,1.5691,0.2,2017,10,False
US-2017-162558,2017-10-02,2017-10-05,Dp-13240,1788,4,20.736,7.2576,0.2,2017,10,False
US-2017-162558,2017-10-02,2017-10-05,Dp-13240,899,3,27.36,-21.888,0.7,2017,10,False
US-2017-162558,2017-10-02,2017-10-05,Dp-13240,425,7,2314.116,-1002.7836,0.4,2017,10,True
US-2017-162558,2017-10-02,2017-10-05,Dp-13240,992,4,34.236,-26.2476,0.7,2017,10,False
US-2017-162558,2017-10-02,2017-10-05,Dp-13240,577,2,19.76,5.928,0.2,2017,10,False
CA-2017-134439,2017-09-18,2017-09-23,TM-21010,109,2,15.96,7.98,0.0,2017,9,False
CA-2015-119508,2015-12-04,2015-12-09,TZ-21580,251,5,16.9,6.253,0.0,2015,12,False
CA-2015-119508,2015-12-04,2015-12-09,TZ-21580,576,6,25.08,9.0288,0.0,2015,12,False
CA-2015-152681,2015-01-17,2015-01-22,SC-20260,244,2,6.68,2.004,0.0,2015,1,False
CA-2014-130813,2014-01-06,2014-01-08,LS-17230,1822,3,19.44,9.3312,0.0,2014,1,False
CA-2015-120320,2015-03-05,2015-03-09,MV-18190,442,2,31.92,2.394,0.2,2015,3,False
CA-2016-111941,2016-12-25,2016-12-28,BD-11620,699,2,33.568,11.7488,0.2,2016,12,False
CA-2016-123120,2016-09-04,2016-09-08,CV-12295,883,1,63.94,24.9366,0.0,2016,9,False
CA-2016-123120,2016-09-04,2016-09-08,CV-12295,1280,5,60.6,20.4525,0.2,2016,9,False
CA-2016-123120,2016-09-04,2016-09-08,CV-12295,95,4,22.72,6.5888,0.0,2016,9,False
CA-2014-103331,2014-08-26,2014-09-01,KB-16315,103,4,10.68,4.0584,0.0,2014,8,False
CA-2014-103331,2014-08-26,2014-09-01,KB-16315,1768,3,17.34,8.4966,0.0,2014,8,False
CA-2014-103331,2014-08-26,2014-09-01,KB-16315,273,1,3.38,1.5548,0.0,2014,8,False
CA-2015-169278,2015-05-21,2015-05-25,ME-18010,900,4,26.976,8.7672,0.2,2015,5,False
CA-2017-111577,2017-10-16,2017-10-21,AJ-10780,780,7,307.776,111.5688,0.2,2017,10,False
CA-2015-146486,2015-11-09,2015-11-14,DV-13465,1552,5,244.55,4.891,0.0,2015,11,False
CA-2015-146486,2015-11-09,2015-11-14,DV-13465,1284,6,12.24,5.7528,0.0,2015,11,False
CA-2015-146486,2015-11-09,2015-11-14,DV-13465,137,2,13.98,6.0114,0.0,2015,11,False
CA-2015-146486,2015-11-09,2015-11-14,DV-13465,1026,5,899.95,53.997,0.0,2015,11,True
US-2014-168501,2014-11-21,2014-11-27,JK-15325,1284,1,1.632,0.5508,0.2,2014,11,False
US-2014-168501,2014-11-21,2014-11-27,JK-15325,1324,5,267.96,16.7475,0.2,2014,11,False
CA-2015-112053,2015-10-11,2015-10-13,SH-20395,1067,1,31.95,2.2365,0.0,2015,10,False
CA-2017-108539,2017-03-21,2017-03-23,SC-20725,112,4,725.84,210.4936,0.0,2017,3,True
CA-2017-108539,2017-03-21,2017-03-23,SC-20725,237,3,10.896,3.9498,0.2,2017,3,False
CA-2017-108539,2017-03-21,2017-03-23,SC-20725,1307,2,8.544,2.8836,0.2,2017,3,False
CA-2015-149811,2015-01-04,2015-01-10,CS-12250,710,3,32.34,15.5232,0.0,2015,1,False
CA-2015-149811,2015-01-04,2015-01-10,CS-12250,109,5,39.9,19.95,0.0,2015,1,False
US-2017-103814,2017-12-09,2017-12-16,LH-16900,1666,9,143.856,48.5514,0.2,2017,12,False
CA-2016-123932,2016-09-06,2016-09-12,YC-21895,118,4,41.92,15.196,0.2,2016,9,False
CA-2016-123932,2016-09-06,2016-09-12,YC-21895,43,2,329.584,37.0782,0.2,2016,9,False
US-2016-101616,2016-09-03,2016-09-06,CY-12745,802,8,87.28,41.0216,0.0,2016,9,False
CA-2014-113768,2014-05-13,2014-05-19,AH-10030,906,6,279.456,20.9592,0.2,2014,5,False
CA-2014-113768,2014-05-13,2014-05-19,AH-10030,540,2,8.0,3.84,0.0,2014,5,False
CA-2016-138037,2016-09-29,2016-10-03,AR-10540,268,5,27.24,9.534,0.2,2016,9,False
CA-2014-150490,2014-08-05,2014-08-11,SS-20590,996,1,16.36,1.636,0.0,2014,8,False
CA-2014-150490,2014-08-05,2014-08-11,SS-20590,129,2,15.78,0.6312,0.0,2014,8,False
CA-2014-150490,2014-08-05,2014-08-11,SS-20590,361,2,45.98,12.8744,0.0,2014,8,False
US-2017-126060,2017-04-14,2017-04-18,DW-13585,1424,8,198.272,-32.2192,0.2,2017,4,False
CA-2017-100951,2017-06-09,2017-06-10,NC-18625,1490,5,720.76,54.057,0.2,2017,6,True
CA-2016-122017,2016-12-29,2017-01-02,CD-11920,615,6,70.56,23.9904,0.0,2016,12,False
CA-2016-122017,2016-12-29,2017-01-02,CD-11920,298,2,81.96,22.9488,0.0,2016,12,False
CA-2014-123477,2014-01-18,2014-01-21,DW-13195,644,4,64.864,6.4864,0.2,2014,1,False
CA-2016-107790,2016-11-20,2016-11-24,EH-13990,1657,1,151.192,13.2293,0.2,2016,11,False
CA-2017-158071,2017-06-10,2017-06-15,BD-11320,994,3,88.776,7.7679,0.2,2017,6,False
CA-2017-158071,2017-06-10,2017-06-15,BD-11320,222,4,11.56,5.4332,0.0,2017,6,False
CA-2017-158071,2017-06-10,2017-06-15,BD-11320,1260,1,15.58,3.895,0.0,2017,6,False
CA-2017-147403,2017-09-10,2017-09-13,KH-16630,1690,3,85.056,28.7064,0.2,2017,9,False
US-2017-136721,2017-04-08,2017-04-12,NH-18610,25,2,273.96,71.2296,0.0,2017,4,False
US-2017-136721,2017-04-08,2017-04-12,NH-18610,1035,3,306.9,79.794,0.0,2017,4,False
CA-2015-118738,2015-10-24,2015-10-30,AG-10495,1791,3,15.552,5.4432,0.2,2015,10,False
CA-2015-118738,2015-10-24,2015-10-30,AG-10495,943,7,347.361,-69.4722,0.3,2015,10,False
CA-2015-118738,2015-10-24,2015-10-30,AG-10495,1792,2,10.368,3.6288,0.2,2015,10,False
CA-2017-134152,2017-05-27,2017-05-31,RP-19855,996,6,98.16,9.816,0.0,2017,5,False
CA-2017-134152,2017-05-27,2017-05-31,RP-19855,1500,3,31.44,7.86,0.0,2017,5,False
CA-2014-125542,2014-12-05,2014-12-07,NB-18655,395,7,348.488,117.6147,0.2,2014,12,False
CA-2014-125542,2014-12-05,2014-12-07,NB-18655,633,4,172.736,-30.2288,0.2,2014,12,False
CA-2016-136021,2016-08-14,2016-08-18,JM-15580,158,3,15.54,7.6146,0.0,2016,8,False
CA-2016-136021,2016-08-14,2016-08-18,JM-15580,1564,6,105.552,35.6238,0.2,2016,8,False
CA-2016-149195,2016-09-05,2016-09-07,DM-13525,1797,5,25.92,9.072,0.2,2016,9,False
CA-2016-149195,2016-09-05,2016-09-07,DM-13525,1499,8,15.808,5.3352,0.2,2016,9,False
CA-2016-149195,2016-09-05,2016-09-07,DM-13525,1717,2,10.368,3.7584,0.2,2016,9,False
CA-2017-161410,2017-06-26,2017-07-03,CC-12220,347,3,358.2,41.79,0.4,2017,6,False
CA-2017-161410,2017-06-26,2017-07-03,CC-12220,1278,14,545.916,72.7888,0.4,2017,6,True
CA-2017-152786,2017-03-12,2017-03-17,GA-14725,259,9,40.41,18.5886,0.0,2017,3,False
CA-2017-164707,2017-02-18,2017-02-21,CV-12805,1844,3,167.976,10.4985,0.2,2017,2,False
CA-2017-164707,2017-02-18,2017-02-21,CV-12805,1071,3,109.53,47.0979,0.0,2017,2,False
CA-2017-164707,2017-02-18,2017-02-21,CV-12805,201,2,9.82,4.8118,0.0,2017,2,False
CA-2017-163874,2017-11-10,2017-11-12,NC-18535,689,3,26.352,9.5526,0.2,2017,11,False
US-2014-123183,2014-11-19,2014-11-25,GR-14560,187,6,22.5,10.8,0.0,2014,11,False
US-2014-123183,2014-11-19,2014-11-25,GR-14560,207,2,9.96,4.5816,0.0,2014,11,False
US-2014-123183,2014-11-19,2014-11-25,GR-14560,1301,7,213.08,102.2784,0.0,2014,11,False
US-2014-123183,2014-11-19,2014-11-25,GR-14560,1429,6,1025.88,235.9524,0.0,2014,11,True
CA-2014-104829,2014-11-18,2014-11-21,JG-15805,104,7,21.98,9.891,0.0,2014,11,False
US-2016-147340,2016-09-24,2016-09-24,EB-13750,1176,5,63.2,23.384,0.0,2016,9,False
CA-2016-145492,2016-11-20,2016-11-27,MC-17605,365,12,39.0,11.31,0.0,2016,11,False
CA-2016-163202,2016-09-27,2016-10-02,BM-11650,1337,3,2.907,-2.0349,0.7,2016,9,False
CA-2016-117681,2016-04-09,2016-04-14,HF-14995,386,5,556.665,6.549,0.15,2016,4,True
CA-2017-132262,2017-09-21,2017-09-23,ML-18265,1461,2,71.98,15.1158,0.0,2017,9,False
CA-2017-132262,2017-09-21,2017-09-23,ML-18265,1009,2,79.98,26.3934,0.0,2017,9,False
CA-2017-123043,2017-08-24,2017-08-29,AH-10195,499,4,24.672,7.71,0.2,2017,8,False
CA-2017-123043,2017-08-24,2017-08-29,AH-10195,82,1,3.744,1.3104,0.2,2017,8,False
US-2016-143280,2016-02-22,2016-02-26,TZ-21580,36,5,445.96,55.745,0.2,2016,2,False
US-2016-143280,2016-02-22,2016-02-26,TZ-21580,1077,1,36.24,15.2208,0.0,2016,2,False
US-2016-143280,2016-02-22,2016-02-26,TZ-21580,56,3,10.65,5.0055,0.0,2016,2,False
CA-2017-108854,2017-12-08,2017-12-14,DM-13345,1489,4,87.92,40.4432,0.0,2017,12,False
CA-2017-108854,2017-12-08,2017-12-14,DM-13345,1254,1,22.424,8.409,0.2,2017,12,False
CA-2017-108854,2017-12-08,2017-12-14,DM-13345,1602,3,90.48,33.93,0.2,2017,12,False
CA-2017-108854,2017-12-08,2017-12-14,DM-13345,1368,1,42.76,11.1176,0.0,2017,12,False
CA-2017-166856,2017-09-18,2017-09-22,TS-21505,1629,7,10.08,3.528,0.2,2017,9,False
CA-2017-166856,2017-09-18,2017-09-22,TS-21505,962,3,101.34,8.1072,0.0,2017,9,False
CA-2016-153157,2016-09-11,2016-09-14,TB-21625,1272,5,224.75,62.93,0.0,2016,9,False
US-2017-125647,2017-09-23,2017-09-28,LC-16870,613,6,73.176,-197.5752,0.8,2017,9,False
US-2017-125647,2017-09-23,2017-09-28,LC-16870,1813,4,20.736,7.2576,0.2,2017,9,False
US-2017-125647,2017-09-23,2017-09-28,LC-16870,1221,2,39.984,-8.9964,0.2,2017,9,False
CA-2014-132542,2014-10-06,2014-10-08,AM-10360,718,2,15.36,7.68,0.0,2014,10,False
CA-2015-110877,2015-10-23,2015-10-26,JE-15715,1808,7,36.288,12.7008,0.2,2015,10,False
CA-2015-110877,2015-10-23,2015-10-26,JE-15715,933,2,150.384,15.0384,0.2,2015,10,False
US-2016-151827,2016-03-31,2016-04-02,CS-11950,969,3,280.782,-60.8361,0.4,2016,3,False
US-2016-151827,2016-03-31,2016-04-02,CS-11950,152,2,31.984,1.1994,0.2,2016,3,False
US-2016-163258,2016-12-29,2017-01-02,PF-19225,82,3,11.232,3.9312,0.2,2016,12,False
CA-2017-103009,2017-11-03,2017-11-05,PJ-18835,1752,5,26.4,11.88,0.0,2017,11,False
US-2017-120649,2017-01-20,2017-01-26,JF-15490,1133,2,3.52,1.0208,0.0,2017,1,False
CA-2016-153598,2016-12-03,2016-12-06,NM-18520,1028,5,1649.95,659.98,0.0,2016,12,True
CA-2016-153598,2016-12-03,2016-12-06,NM-18520,24,6,111.9,51.474,0.0,2016,12,False
US-2016-108497,2016-06-14,2016-06-14,MH-17290,383,5,599.165,35.245,0.15,2016,6,True
CA-2016-113096,2016-09-02,2016-09-04,SZ-20035,1541,3,46.53,12.0978,0.0,2016,9,False
CA-2014-136861,2014-09-05,2014-09-07,PR-18880,1531,2,31.984,1.999,0.2,2014,9,False
CA-2017-117422,2017-10-21,2017-10-25,FC-14245,170,2,161.568,16.1568,0.2,2017,10,False
CA-2017-117422,2017-10-21,2017-10-25,FC-14245,1326,1,4.064,1.3716,0.2,2017,10,False
CA-2017-117422,2017-10-21,2017-10-25,FC-14245,1451,4,6.216,-4.9728,0.7,2017,10,False
CA-2017-129707,2017-04-25,2017-04-29,LH-16750,1124,4,8.896,0.6672,0.2,2017,4,False
CA-2015-160171,2015-10-19,2015-10-24,RM-19675,1418,5,1640.7,459.396,0.0,2015,10,True
CA-2015-160171,2015-10-19,2015-10-24,RM-19675,1107,3,270.0,97.2,0.0,2015,10,False
CA-2014-103317,2014-07-05,2014-07-08,DM-13525,120,2,19.52,5.368,0.2,2014,7,False
CA-2014-103317,2014-07-05,2014-07-08,DM-13525,1631,5,9.81,-6.867,0.7,2014,7,False
CA-2014-103317,2014-07-05,2014-07-08,DM-13525,1033,3,213.216,15.9912,0.2,2014,7,False
CA-2016-167115,2016-04-04,2016-04-09,EH-14185,897,2,588.784,183.995,0.2,2016,4,True
US-2017-153633,2017-11-13,2017-11-18,TC-21295,495,1,2.064,0.1548,0.2,2017,11,False
CA-2017-155929,2017-09-09,2017-09-13,AI-10855,1592,2,6.368,2.388,0.2,2017,9,False
CA-2015-148712,2015-04-17,2015-04-23,JM-15535,599,1,99.6,36.852,0.0,2015,4,False
CA-2015-148712,2015-04-17,2015-04-23,JM-15535,500,13,62.296,21.0249,0.2,2015,4,False
CA-2015-148712,2015-04-17,2015-04-23,JM-15535,287,3,10.71,2.7846,0.0,2015,4,False
CA-2016-128307,2016-07-25,2016-07-29,BE-11335,1317,1,20.936,7.0659,0.2,2016,7,False
US-2016-127425,2016-08-26,2016-08-31,DR-12880,1396,6,33.0,8.25,0.0,2016,8,False
US-2016-127425,2016-08-26,2016-08-31,DR-12880,1266,5,249.95,87.4825,0.0,2016,8,False
US-2014-119081,2014-09-12,2014-09-19,TA-21385,460,3,357.93,7.1586,0.0,2014,9,False
US-2014-119081,2014-09-12,2014-09-19,TA-21385,1398,5,57.4,10.906,0.0,2014,9,False
US-2014-119081,2014-09-12,2014-09-19,TA-21385,682,2,331.96,149.382,0.0,2014,9,False
US-2014-119081,2014-09-12,2014-09-19,TA-21385,1444,2,40.56,12.9792,0.0,2014,9,False
CA-2016-140613,2016-07-22,2016-07-29,KN-16705,668,5,86.2,24.998,0.0,2016,7,False
US-2017-108700,2017-05-19,2017-05-23,PJ-18835,1566,6,38.016,13.7808,0.2,2017,5,False
CA-2017-160962,2017-04-28,2017-05-02,MC-17605,1505,1,8.384,0.7336,0.2,2017,4,False
CA-2017-160962,2017-04-28,2017-05-02,MC-17605,1150,2,6.848,0.7704,0.2,2017,4,False
CA-2017-130631,2017-12-29,2018-01-02,BS-11755,63,5,19.6,9.604,0.0,2017,12,False
CA-2017-130631,2017-12-29,2018-01-02,BS-11755,796,2,68.46,20.538,0.0,2017,12,False
CA-2017-116680,2017-09-04,2017-09-06,PK-19075,81,6,13.344,4.3368,0.2,2017,9,False
CA-2017-116680,2017-09-04,2017-09-06,PK-19075,382,8,1478.272,92.392,0.2,2017,9,True
US-2014-107405,2014-03-21,2014-03-25,TS-21205,1550,1,16.272,-3.8646,0.2,2014,3,False
CA-2017-101574,2017-09-28,2017-10-04,BD-11725,1029,3,9.24,4.4352,0.0,2017,9,False
CA-2014-146591,2014-01-19,2014-01-20,TS-21340,710,10,32.34,-23.716,0.7,2014,1,False
CA-2014-146591,2014-01-19,2014-01-20,TS-21340,1525,4,56.064,19.6224,0.2,2014,1,False
CA-2014-146591,2014-01-19,2014-01-20,TS-21340,1581,5,108.72,36.693,0.2,2014,1,False
CA-2014-146591,2014-01-19,2014-01-20,TS-21340,1183,5,181.47,-320.597,0.7,2014,1,False
CA-2014-107706,2014-02-14,2014-02-19,ST-20530,1065,3,16.176,6.066,0.2,2014,2,False
CA-2016-122448,2016-06-09,2016-06-14,DB-13210,746,3,122.352,13.7646,0.2,2016,6,False
CA-2014-132451,2014-09-26,2014-09-27,KF-16285,839,3,585.552,73.194,0.2,2014,9,True
CA-2014-132451,2014-09-26,2014-09-27,KF-16285,1813,3,19.44,9.3312,0.0,2014,9,False
CA-2016-158547,2016-05-30,2016-06-04,JM-16195,614,5,123.92,9.294,0.2,2016,5,False
CA-2017-116946,2017-12-19,2017-12-23,TS-21505,1198,5,13.36,4.008,0.2,2017,12,False
CA-2017-116946,2017-12-19,2017-12-23,TS-21505,1552,2,78.256,-17.6076,0.2,2017,12,False
CA-2017-116946,2017-12-19,2017-12-23,TS-21505,1181,7,102.018,-183.6324,0.7,2017,12,False
CA-2017-121741,2017-12-26,2017-12-26,YC-21895,1556,2,750.68,37.534,0.0,2017,12,True
CA-2017-169691,2017-06-15,2017-06-18,Dp-13240,198,3,44.4,22.2,0.0,2017,6,False
CA-2017-169691,2017-06-15,2017-06-18,Dp-13240,1544,5,84.55,22.8285,0.0,2017,6,False
CA-2017-169691,2017-06-15,2017-06-18,Dp-13240,1784,3,17.94,8.7906,0.0,2017,6,False
CA-2016-121356,2016-11-20,2016-11-24,SJ-20500,1630,3,128.4,62.916,0.0,2016,11,False
CA-2014-101770,2014-03-31,2014-04-04,KB-16240,256,1,1.869,-1.3083,0.7,2014,3,False
CA-2017-105487,2017-10-08,2017-10-14,CS-12250,524,1,103.192,11.6091,0.2,2017,10,False
CA-2017-105487,2017-10-08,2017-10-14,CS-12250,957,2,36.0,6.48,0.0,2017,10,False
CA-2017-105487,2017-10-08,2017-10-14,CS-12250,1022,4,239.96,115.1808,0.0,2017,10,False
CA-2017-105487,2017-10-08,2017-10-14,CS-12250,1550,2,40.68,0.4068,0.0,2017,10,False
CA-2017-148999,2017-01-30,2017-02-04,EB-13870,1204,4,419.136,-68.1096,0.2,2017,1,False
CA-2014-107573,2014-12-12,2014-12-17,PB-19150,1493,3,23.472,7.6284,0.2,2014,12,False
CA-2015-156608,2015-10-24,2015-10-29,MT-18070,259,4,3.592,-6.286,0.8,2015,10,False
CA-2017-134495,2017-04-01,2017-04-04,BF-11020,1064,3,23.976,-5.6943,0.2,2017,4,False
CA-2017-134495,2017-04-01,2017-04-04,BF-11020,202,3,6.264,2.0358,0.2,2017,4,False
CA-2017-134495,2017-04-01,2017-04-04,BF-11020,1494,3,20.808,1.8207,0.2,2017,4,False
CA-2017-134495,2017-04-01,2017-04-04,BF-11020,772,3,218.352,-19.1058,0.2,2017,4,False
CA-2017-164098,2017-01-26,2017-01-27,CG-12520,1449,2,18.16,1.816,0.2,2017,1,False
CA-2014-105249,2014-11-28,2014-11-28,DH-13675,1496,2,7.36,0.1472,0.0,2014,11,False
CA-2014-105249,2014-11-28,2014-11-28,DH-13675,196,4,41.4,19.872,0.0,2014,11,False
CA-2014-105249,2014-11-28,2014-11-28,DH-13675,1421,4,411.332,-4.8392,0.15,2014,11,False
CA-2015-113523,2015-09-04,2015-09-08,SC-20440,248,4,7.656,-6.1248,0.7,2015,9,False
CA-2017-117821,2017-06-12,2017-06-16,HG-15025,1089,2,63.92,19.176,0.2,2017,6,False
CA-2017-164378,2017-07-15,2017-07-18,MM-18055,1158,2,6.56,1.9024,0.0,2017,7,False
CA-2017-164378,2017-07-15,2017-07-18,MM-18055,218,3,7.83,3.6018,0.0,2017,7,False
CA-2017-164378,2017-07-15,2017-07-18,MM-18055,1460,2,41.9,8.799,0.0,2017,7,False
CA-2017-164378,2017-07-15,2017-07-18,MM-18055,847,6,664.146,88.5528,0.1,2017,7,True
CA-2017-164378,2017-07-15,2017-07-18,MM-18055,1482,2,8.96,4.3904,0.0,2017,7,False
CA-2017-127782,2017-11-02,2017-11-06,TH-21115,575,1,3.312,0.6624,0.2,2017,11,False
CA-2017-127782,2017-11-02,2017-11-06,TH-21115,338,3,20.136,1.2585,0.2,2017,11,False
CA-2017-127782,2017-11-02,2017-11-06,TH-21115,455,3,8.856,2.8782,0.2,2017,11,False
CA-2017-127782,2017-11-02,2017-11-06,TH-21115,1621,4,859.2,-186.16,0.4,2017,11,True
US-2016-162026,2016-10-08,2016-10-08,JE-15745,1711,2,61.96,27.882,0.0,2016,10,False
CA-2016-150000,2016-04-08,2016-04-14,PG-18820,140,4,17.92,8.6016,0.0,2016,4,False
CA-2015-168529,2015-10-08,2015-10-12,MB-17305,516,5,145.9,62.737,0.0,2015,10,False
US-2017-152569,2017-05-15,2017-05-20,JD-16015,1662,2,56.704,19.1376,0.2,2017,5,False
US-2017-152569,2017-05-15,2017-05-20,JD-16015,1316,2,11.12,3.475,0.2,2017,5,False
US-2014-137680,2014-02-24,2014-03-02,JH-15430,1081,4,32.896,11.1024,0.2,2014,2,False
US-2014-137680,2014-02-24,2014-03-02,JH-15430,1524,3,22.776,7.6869,0.2,2014,2,False
CA-2015-103177,2015-05-30,2015-06-01,EN-13780,1320,3,239.97,2.3997,0.0,2015,5,False
CA-2015-103177,2015-05-30,2015-06-01,EN-13780,611,2,160.32,44.8896,0.0,2015,5,False
CA-2015-103177,2015-05-30,2015-06-01,EN-13780,1274,3,128.85,3.8655,0.0,2015,5,False
US-2016-138408,2016-11-18,2016-11-21,KC-16255,1028,4,1319.96,527.984,0.0,2016,11,True
CA-2017-117667,2017-12-04,2017-12-09,MS-17980,738,10,239.96,-10.284,0.3,2017,12,False
CA-2017-117667,2017-12-04,2017-12-09,MS-17980,796,2,54.768,6.846,0.2,2017,12,False
CA-2017-117667,2017-12-04,2017-12-09,MS-17980,496,3,13.392,3.1806,0.2,2017,12,False
CA-2017-117667,2017-12-04,2017-12-09,MS-17980,1745,5,23.92,8.671,0.2,2017,12,False
CA-2017-117667,2017-12-04,2017-12-09,MS-17980,998,4,255.968,-28.7964,0.2,2017,12,False
CA-2016-110982,2016-06-05,2016-06-07,CK-12205,259,6,21.552,7.0044,0.2,2016,6,False
CA-2016-110982,2016-06-05,2016-06-07,CK-12205,52,4,58.24,15.7248,0.0,2016,6,False
CA-2016-147123,2016-12-10,2016-12-12,SJ-20125,1651,12,80.28,36.9288,0.0,2016,12,False
CA-2017-154501,2017-04-30,2017-05-05,EA-14035,627,2,9.78,4.0098,0.0,2017,4,False
CA-2017-166933,2017-04-24,2017-04-28,MG-17890,456,1,1.81,0.6516,0.0,2017,4,False
CA-2015-142055,2015-05-08,2015-05-10,AB-10255,1697,2,37.94,18.2112,0.0,2015,5,False
CA-2015-137106,2015-03-31,2015-04-04,SC-20260,1313,5,79.96,27.986,0.2,2015,3,False
CA-2017-136609,2017-08-06,2017-08-11,TB-21355,12,3,115.296,40.3536,0.2,2017,8,False
CA-2017-160885,2017-12-02,2017-12-06,JK-16090,449,4,2479.96,743.988,0.0,2017,12,True
US-2016-167472,2016-06-06,2016-06-07,CK-12595,1012,6,179.94,75.5748,0.0,2016,6,False
US-2016-167472,2016-06-06,2016-06-07,CK-12595,960,3,26.85,5.1015,0.0,2016,6,False
US-2016-167472,2016-06-06,2016-06-07,CK-12595,1275,3,323.37,129.348,0.0,2016,6,False
US-2016-167472,2016-06-06,2016-06-07,CK-12595,1694,3,59.94,28.1718,0.0,2016,6,False
US-2016-167472,2016-06-06,2016-06-07,CK-12595,1573,3,64.14,30.7872,0.0,2016,6,False
US-2016-167472,2016-06-06,2016-06-07,CK-12595,234,3,11.67,5.6016,0.0,2016,6,False
US-2016-167472,2016-06-06,2016-06-07,CK-12595,1828,2,12.96,6.2208,0.0,2016,6,False
CA-2015-120551,2015-04-13,2015-04-20,SS-20590,639,3,17.43,8.0178,0.0,2015,4,False
US-2017-150595,2017-05-22,2017-05-26,LE-16810,814,2,181.986,-54.5958,0.3,2017,5,False
US-2017-150595,2017-05-22,2017-05-26,LE-16810,241,2,1.592,-2.6268,0.8,2017,5,False
US-2017-150595,2017-05-22,2017-05-26,LE-16810,89,3,22.344,2.5137,0.2,2017,5,False
CA-2016-134936,2016-12-19,2016-12-25,ES-14080,1370,6,455.97,-218.8656,0.5,2016,12,False
CA-2016-134936,2016-12-19,2016-12-25,ES-14080,1626,6,10.44,-7.656,0.7,2016,12,False
CA-2016-134936,2016-12-19,2016-12-25,ES-14080,413,2,5.214,-4.1712,0.7,2016,12,False
CA-2017-102967,2017-09-22,2017-09-26,MG-17890,1543,5,67.4,17.524,0.0,2017,9,False
CA-2017-151008,2017-09-07,2017-09-08,JM-16195,483,2,25.16,10.5672,0.0,2017,9,False
CA-2017-151008,2017-09-07,2017-09-08,JM-16195,1097,4,126.56,47.46,0.2,2017,9,False
CA-2014-159800,2014-11-28,2014-12-01,SG-20470,52,3,43.68,11.7936,0.0,2014,11,False
CA-2014-159800,2014-11-28,2014-12-01,SG-20470,1085,7,139.93,34.9825,0.0,2014,11,False
US-2014-159618,2014-11-12,2014-11-16,DB-12970,244,1,2.672,0.334,0.2,2014,11,False
US-2014-159618,2014-11-12,2014-11-16,DB-12970,77,6,16.656,-3.123,0.2,2014,11,False
US-2014-159618,2014-11-12,2014-11-16,DB-12970,911,3,79.512,20.8719,0.2,2014,11,False
US-2014-159618,2014-11-12,2014-11-16,DB-12970,1812,7,36.288,12.7008,0.2,2014,11,False
US-2014-159618,2014-11-12,2014-11-16,DB-12970,316,1,67.9932,-12.9987,0.32,2014,11,False
CA-2017-116113,2017-10-02,2017-10-06,JW-15220,1047,2,10.16,3.4544,0.0,2017,10,False
CA-2015-125066,2015-12-14,2015-12-18,KD-16495,1486,2,6.16,1.9712,0.0,2015,12,False
CA-2015-125066,2015-12-14,2015-12-18,KD-16495,358,2,56.3,15.764,0.0,2015,12,False
US-2015-114741,2015-12-06,2015-12-10,IL-15100,1793,1,6.48,3.1104,0.0,2015,12,False
US-2015-114741,2015-12-06,2015-12-10,IL-15100,1549,5,1325.85,238.653,0.0,2015,12,True
US-2015-114741,2015-12-06,2015-12-10,IL-15100,190,3,14.94,6.8724,0.0,2015,12,False
CA-2017-133263,2017-03-31,2017-04-02,JE-15610,902,1,34.54,17.27,0.0,2017,3,False
CA-2017-133263,2017-03-31,2017-04-02,JE-15610,805,5,2999.95,1439.976,0.0,2017,3,True
CA-2017-133263,2017-03-31,2017-04-02,JE-15610,265,4,64.12,30.7776,0.0,2017,3,False
CA-2017-157966,2017-03-13,2017-03-13,SU-20665,453,4,19.456,2.1888,0.2,2017,3,False
CA-2017-157966,2017-03-13,2017-03-13,SU-20665,790,2,209.986,8.9994,0.3,2017,3,False
CA-2017-157966,2017-03-13,2017-03-13,SU-20665,539,5,29.76,1.86,0.2,2017,3,False
CA-2017-157966,2017-03-13,2017-03-13,SU-20665,1367,1,89.768,-2.5648,0.3,2017,3,False
CA-2017-157966,2017-03-13,2017-03-13,SU-20665,805,2,959.984,335.9944,0.2,2017,3,True
CA-2017-157966,2017-03-13,2017-03-13,SU-20665,1785,3,15.552,5.6376,0.2,2017,3,False
CA-2017-157966,2017-03-13,2017-03-13,SU-20665,1274,1,34.36,-7.3015,0.2,2017,3,False
CA-2014-151162,2014-12-05,2014-12-09,EA-14035,1676,3,98.376,35.6613,0.2,2014,12,False
CA-2014-151162,2014-12-05,2014-12-09,EA-14035,973,4,29.94,-23.952,0.7,2014,12,False
CA-2014-151162,2014-12-05,2014-12-09,EA-14035,340,3,17.472,5.6784,0.2,2014,12,False
CA-2014-151162,2014-12-05,2014-12-09,EA-14035,1032,1,36.738,-9.1845,0.4,2014,12,False
CA-2014-151162,2014-12-05,2014-12-09,EA-14035,1237,2,179.94,-44.985,0.4,2014,12,False
CA-2016-136686,2016-12-12,2016-12-16,RF-19840,882,6,383.64,122.7648,0.0,2016,12,False
CA-2016-136686,2016-12-12,2016-12-16,RF-19840,305,3,56.52,15.8256,0.0,2016,12,False
CA-2017-137498,2017-09-09,2017-09-14,LC-17050,1159,2,6.56,1.9024,0.0,2017,9,False
CA-2017-137498,2017-09-09,2017-09-14,LC-17050,1171,5,243.92,-15.245,0.2,2017,9,False
CA-2017-137498,2017-09-09,2017-09-14,LC-17050,162,9,47.52,22.8096,0.0,2017,9,False
CA-2017-163818,2017-10-04,2017-10-08,PS-18970,15,1,19.98,8.5914,0.0,2017,10,False
CA-2016-161158,2016-05-09,2016-05-13,PS-18970,1412,5,8.0,3.44,0.0,2016,5,False
CA-2014-116673,2014-12-15,2014-12-19,JO-15280,1486,2,6.16,1.9712,0.0,2014,12,False
CA-2017-105333,2017-11-30,2017-12-04,VP-21730,927,4,83.56,1.6712,0.0,2017,11,False
CA-2017-105333,2017-11-30,2017-12-04,VP-21730,1227,3,546.06,163.818,0.0,2017,11,True
CA-2017-105333,2017-11-30,2017-12-04,VP-21730,647,3,269.49,5.3898,0.0,2017,11,False
CA-2015-149993,2015-03-19,2015-03-20,GA-14725,1510,5,10.9,3.597,0.0,2015,3,False
CA-2014-168158,2014-07-19,2014-07-24,EM-14140,72,2,6.096,2.2098,0.2,2014,7,False
CA-2016-115224,2016-12-08,2016-12-11,DB-13615,1449,3,34.05,9.534,0.0,2016,12,False
CA-2016-115224,2016-12-08,2016-12-11,DB-13615,643,2,352.38,81.0474,0.0,2016,12,False
CA-2014-164742,2014-10-13,2014-10-18,ML-17395,754,2,245.98,27.0578,0.0,2014,10,False
CA-2014-164742,2014-10-13,2014-10-18,ML-17395,673,1,18.94,9.47,0.0,2014,10,False
US-2017-108014,2017-11-19,2017-11-25,JH-15430,992,7,59.913,-45.9333,0.7,2017,11,False
CA-2017-160325,2017-09-24,2017-09-24,BP-11095,1242,2,391.98,109.7544,0.0,2017,9,False
CA-2017-160325,2017-09-24,2017-09-24,BP-11095,1620,3,437.85,131.355,0.0,2017,9,False
CA-2015-159779,2015-09-25,2015-09-29,SB-20185,701,2,68.62,32.2514,0.0,2015,9,False
CA-2017-151176,2017-02-13,2017-02-20,SV-20785,88,3,25.02,6.5052,0.0,2017,2,False
CA-2017-151176,2017-02-13,2017-02-20,SV-20785,287,3,10.71,2.7846,0.0,2017,2,False
CA-2014-108903,2014-10-03,2014-10-03,DO-13435,887,2,55.984,4.1988,0.2,2014,10,False
CA-2014-108903,2014-10-03,2014-10-03,DO-13435,471,5,14.48,4.887,0.2,2014,10,False
CA-2014-108903,2014-10-03,2014-10-03,DO-13435,997,3,142.488,-3.5622,0.2,2014,10,False
CA-2016-117919,2016-08-27,2016-08-29,TB-21355,1293,1,14.16,1.062,0.2,2016,8,False
CA-2016-117919,2016-08-27,2016-08-29,TB-21355,1472,5,79.92,27.972,0.2,2016,8,False
CA-2015-142475,2015-12-03,2015-12-07,BS-11380,712,6,590.352,206.6232,0.2,2015,12,True
CA-2016-134516,2016-09-20,2016-09-25,FM-14215,504,2,17.088,1.068,0.2,2016,9,False
CA-2016-134516,2016-09-20,2016-09-25,FM-14215,754,1,98.392,-11.0691,0.2,2016,9,False
CA-2017-105193,2017-03-25,2017-03-31,JL-15835,1117,5,11.05,2.9835,0.0,2017,3,False
CA-2015-168634,2015-12-06,2015-12-11,AF-10870,459,2,7.78,2.0228,0.0,2015,12,False
CA-2017-117198,2017-08-31,2017-09-05,BG-11035,1269,2,659.9,217.767,0.0,2017,8,True
CA-2015-145828,2015-10-05,2015-10-07,MB-17305,1404,3,53.04,-4.641,0.2,2015,10,False
CA-2017-121027,2017-08-18,2017-08-22,HW-14935,1276,2,843.9,371.316,0.0,2017,8,True
CA-2017-121027,2017-08-18,2017-08-22,HW-14935,910,9,1496.16,224.424,0.0,2017,8,True
CA-2016-147431,2016-02-02,2016-02-07,AB-10105,290,2,117.96,5.898,0.0,2016,2,False
CA-2016-158001,2016-08-23,2016-08-27,JP-15460,527,5,21.3,8.733,0.0,2016,8,False
CA-2016-158001,2016-08-23,2016-08-27,JP-15460,8,5,1040.8,281.016,0.0,2016,8,True
CA-2016-158001,2016-08-23,2016-08-27,JP-15460,1139,6,29.34,7.9218,0.0,2016,8,False
CA-2017-125745,2017-06-30,2017-07-04,DV-13045,120,2,19.52,5.368,0.2,2017,6,False
CA-2015-101154,2015-09-18,2015-09-21,CM-12190,1518,4,443.92,8.8784,0.0,2015,9,False
US-2016-124163,2016-09-25,2016-09-30,SC-20695,1016,5,499.95,174.9825,0.0,2016,9,True
US-2016-124163,2016-09-25,2016-09-30,SC-20695,1041,1,3.04,1.0336,0.0,2016,9,False
US-2016-124163,2016-09-25,2016-09-30,SC-20695,752,2,201.96,50.49,0.0,2016,9,False
US-2016-124163,2016-09-25,2016-09-30,SC-20695,566,11,68.64,17.16,0.0,2016,9,False
CA-2016-121748,2016-10-24,2016-10-28,VW-21775,1083,4,100.0,21.0,0.0,2016,10,False
CA-2016-121748,2016-10-24,2016-10-28,VW-21775,1026,2,359.98,21.5988,0.0,2016,10,False
CA-2014-126683,2014-09-29,2014-10-01,PP-18955,1029,2,6.16,2.9568,0.0,2014,9,False
CA-2014-126683,2014-09-29,2014-10-01,PP-18955,320,9,2348.82,399.2994,0.0,2014,9,True
CA-2017-148810,2017-06-26,2017-07-01,DR-12880,222,6,13.872,4.6818,0.2,2017,6,False
CA-2017-148810,2017-06-26,2017-07-01,DR-12880,837,3,273.552,-13.6776,0.2,2017,6,False
US-2016-146066,2016-08-21,2016-08-23,RB-19465,907,9,815.292,-339.705,0.4,2016,8,True
CA-2014-127614,2014-02-11,2014-02-15,NF-18385,600,3,234.45,103.158,0.0,2014,2,False
CA-2014-127614,2014-02-11,2014-02-15,NF-18385,826,6,1256.22,75.3732,0.0,2014,2,True
CA-2014-127614,2014-02-11,2014-02-15,NF-18385,1637,2,17.46,8.2062,0.0,2014,2,False
CA-2016-101742,2016-09-23,2016-09-28,CR-12580,16,7,10.528,3.6848,0.2,2016,9,False
CA-2015-134943,2015-12-05,2015-12-06,SU-20665,1521,5,152.8,76.4,0.0,2015,12,False
CA-2017-123022,2017-09-03,2017-09-08,SC-20050,1485,5,82.56,28.896,0.2,2017,9,False
CA-2017-123022,2017-09-03,2017-09-08,SC-20050,952,3,284.97,85.491,0.0,2017,9,False
CA-2017-113208,2017-03-26,2017-04-02,ML-18040,415,3,60.84,23.1192,0.0,2017,3,False
CA-2014-154893,2014-12-21,2014-12-27,GM-14440,1363,6,1325.76,149.148,0.2,2014,12,True
CA-2014-154893,2014-12-21,2014-12-27,GM-14440,1378,3,572.16,35.76,0.2,2014,12,True
CA-2014-147900,2014-09-23,2014-09-28,JK-15640,540,9,28.8,10.08,0.2,2014,9,False
CA-2017-106355,2017-04-02,2017-04-05,AT-10435,1124,4,11.12,2.8912,0.0,2017,4,False
CA-2016-127985,2016-04-01,2016-04-05,DB-12910,1345,4,7.04,3.0976,0.0,2016,4,False
CA-2015-166604,2015-05-15,2015-05-20,AH-10690,1609,3,17.94,8.7906,0.0,2015,5,False
CA-2017-120719,2017-03-23,2017-03-26,SJ-20125,413,5,34.76,11.297,0.2,2017,3,False
CA-2017-127117,2017-04-14,2017-04-19,HM-14860,1561,5,74.45,20.1015,0.0,2017,4,False
CA-2015-104241,2015-01-04,2015-01-09,AG-10495,493,14,192.22,69.1992,0.0,2015,1,False
CA-2017-168179,2017-11-02,2017-11-07,JB-16000,1817,3,19.44,9.3312,0.0,2017,11,False
CA-2017-142342,2017-07-17,2017-07-19,AJ-10795,1818,5,32.4,15.552,0.0,2017,7,False
CA-2017-142342,2017-07-17,2017-07-19,AJ-10795,1249,5,57.9,28.95,0.0,2017,7,False
CA-2017-142342,2017-07-17,2017-07-19,AJ-10795,1506,2,10.56,0.0,0.0,2017,7,False
CA-2017-142342,2017-07-17,2017-07-19,AJ-10795,168,5,1194.165,210.735,0.15,2017,7,True
CA-2017-109099,2017-10-06,2017-10-11,MM-18280,1676,1,40.99,20.0851,0.0,2017,10,False
US-2014-134187,2014-11-04,2014-11-11,TH-21235,1152,1,2.94,0.7938,0.0,2014,11,False
CA-2016-145261,2016-12-18,2016-12-21,AH-10120,1602,4,45.24,-30.16,0.7,2016,12,False
CA-2016-145261,2016-12-18,2016-12-21,AH-10120,1118,4,18.688,2.336,0.2,2016,12,False
CA-2016-145261,2016-12-18,2016-12-21,AH-10120,340,2,11.648,3.7856,0.2,2016,12,False
CA-2016-145261,2016-12-18,2016-12-21,AH-10120,1465,3,112.776,-8.4582,0.2,2016,12,False
CA-2016-145261,2016-12-18,2016-12-21,AH-10120,907,5,377.45,-264.215,0.5,2016,12,False
CA-2016-145261,2016-12-18,2016-12-21,AH-10120,272,4,15.936,5.1792,0.2,2016,12,False
CA-2016-145261,2016-12-18,2016-12-21,AH-10120,1038,3,28.68,-7.17,0.2,2016,12,False
CA-2016-108875,2016-09-24,2016-10-01,CL-12700,592,2,21.44,7.504,0.2,2016,9,False
CA-2016-108875,2016-09-24,2016-10-01,CL-12700,1437,9,511.056,-95.823,0.2,2016,9,True
CA-2016-141957,2016-07-21,2016-07-21,JG-15310,351,2,18.656,1.3992,0.2,2016,7,False
CA-2016-141957,2016-07-21,2016-07-21,JG-15310,1622,7,11.088,-8.1312,0.7,2016,7,False
CA-2016-141957,2016-07-21,2016-07-21,JG-15310,1383,1,66.688,4.168,0.2,2016,7,False
CA-2016-141957,2016-07-21,2016-07-21,JG-15310,645,2,99.488,8.7052,0.2,2016,7,False
CA-2016-142405,2016-06-11,2016-06-15,SE-20110,193,2,14.62,6.8714,0.0,2016,6,False
CA-2016-142405,2016-06-11,2016-06-15,SE-20110,1642,14,53.984,17.5448,0.2,2016,6,False
CA-2016-142405,2016-06-11,2016-06-15,SE-20110,1000,3,389.97,132.5898,0.0,2016,6,False
CA-2015-141012,2015-06-09,2015-06-11,TG-21640,1033,4,355.36,92.3936,0.0,2015,6,False
CA-2015-141012,2015-06-09,2015-06-11,TG-21640,523,3,140.376,8.7735,0.2,2015,6,False
CA-2017-127922,2017-10-27,2017-11-03,SH-19975,7,2,15.84,5.544,0.2,2017,10,False
CA-2017-127922,2017-10-27,2017-11-03,SH-19975,1762,2,8.448,2.64,0.2,2017,10,False
CA-2016-146318,2016-01-22,2016-01-27,MC-17275,1814,2,12.96,6.2208,0.0,2016,1,False
CA-2014-135993,2014-05-28,2014-06-02,PJ-18835,890,6,57.408,5.7408,0.2,2014,5,False
CA-2014-135993,2014-05-28,2014-06-02,PJ-18835,912,4,27.6,2.208,0.0,2014,5,False
CA-2014-126802,2014-12-29,2015-01-05,ZC-21910,1539,3,38.976,-50.6688,0.6,2014,12,False
CA-2016-143924,2016-07-28,2016-08-03,SC-20680,1499,7,20.44,9.198,0.0,2016,7,False
CA-2016-143924,2016-07-28,2016-08-03,SC-20680,1671,2,109.92,53.8608,0.0,2016,7,False
CA-2016-141551,2016-09-24,2016-09-30,BP-11230,248,1,6.38,2.9348,0.0,2016,9,False
CA-2016-141551,2016-09-24,2016-09-30,BP-11230,1830,1,6.48,3.1104,0.0,2016,9,False
CA-2014-164315,2014-04-02,2014-04-08,RD-19585,1782,3,15.84,7.128,0.0,2014,4,False
CA-2014-164315,2014-04-02,2014-04-08,RD-19585,1098,7,1049.93,293.9804,0.0,2014,4,True
CA-2014-164315,2014-04-02,2014-04-08,RD-19585,614,5,154.9,40.274,0.0,2014,4,False
CA-2015-131072,2015-11-05,2015-11-05,KL-16645,270,3,98.352,35.6526,0.2,2015,11,False
CA-2014-131541,2014-07-28,2014-07-28,CK-12205,1197,5,14.32,5.191,0.2,2014,7,False
CA-2014-131541,2014-07-28,2014-07-28,CK-12205,505,6,129.888,12.9888,0.2,2014,7,False
CA-2014-131541,2014-07-28,2014-07-28,CK-12205,4,7,48.944,16.5186,0.2,2014,7,False
CA-2015-119550,2015-12-26,2015-12-31,RB-19705,1204,3,275.058,-90.3762,0.3,2015,12,False
US-2015-138093,2015-12-10,2015-12-16,KM-16225,1041,9,27.36,9.3024,0.0,2015,12,False
US-2015-138093,2015-12-10,2015-12-16,KM-16225,1331,5,44.75,20.585,0.0,2015,12,False
US-2015-138093,2015-12-10,2015-12-16,KM-16225,430,1,134.99,36.4473,0.0,2015,12,False
US-2015-138093,2015-12-10,2015-12-16,KM-16225,162,5,26.4,12.672,0.0,2015,12,False
US-2015-138093,2015-12-10,2015-12-16,KM-16225,750,3,542.94,141.1644,0.0,2015,12,True
CA-2016-126165,2016-05-05,2016-05-07,AH-10465,835,2,71.088,-1.7772,0.2,2016,5,False
CA-2017-126123,2017-10-14,2017-10-18,AG-10765,714,9,27.396,-42.4638,0.8,2017,10,False
CA-2017-126123,2017-10-14,2017-10-18,AG-10765,421,1,13.456,-23.548,0.8,2017,10,False
CA-2016-143441,2016-11-05,2016-11-05,EB-14170,198,1,11.84,4.44,0.2,2016,11,False
CA-2017-148320,2017-11-03,2017-11-08,PG-18895,1784,6,35.88,17.5812,0.0,2017,11,False
CA-2016-125661,2016-11-24,2016-11-26,CA-12055,373,3,40.752,15.282,0.2,2016,11,False
CA-2016-125661,2016-11-24,2016-11-26,CA-12055,1593,5,139.96,-22.7435,0.2,2016,11,False
US-2014-123519,2014-12-14,2014-12-21,SS-20875,1159,1,2.624,0.2952,0.2,2014,12,False
US-2014-123519,2014-12-14,2014-12-21,SS-20875,855,1,136.53,-52.3365,0.4,2014,12,False
US-2014-123519,2014-12-14,2014-12-21,SS-20875,1269,1,263.96,42.8935,0.2,2014,12,False
CA-2014-155593,2014-11-03,2014-11-08,RP-19390,92,3,11.64,3.3756,0.0,2014,11,False
CA-2017-136000,2017-09-22,2017-09-25,SC-20440,697,3,40.176,14.5638,0.2,2017,9,False
US-2015-160857,2015-05-08,2015-05-15,NW-18400,479,3,79.44,30.1872,0.0,2015,5,False
US-2015-160857,2015-05-08,2015-05-15,NW-18400,460,3,357.93,7.1586,0.0,2015,5,False
US-2015-160857,2015-05-08,2015-05-15,NW-18400,1450,2,127.764,21.294,0.1,2015,5,False
US-2015-160857,2015-05-08,2015-05-15,NW-18400,1446,7,2799.944,1014.9797,0.2,2015,5,True
US-2015-160857,2015-05-08,2015-05-15,NW-18400,1799,3,19.44,9.3312,0.0,2015,5,False
CA-2017-115805,2017-07-31,2017-07-31,KW-16435,1101,1,36.792,4.1391,0.2,2017,7,False
US-2014-143707,2014-03-01,2014-03-05,HR-14770,1416,3,5.94,1.6038,0.0,2014,3,False
CA-2017-116939,2017-09-25,2017-09-29,AG-10900,1504,5,177.55,47.9385,0.0,2017,9,False
CA-2015-124107,2015-10-09,2015-10-12,BM-11650,999,5,619.95,111.591,0.0,2015,10,True
CA-2015-124107,2015-10-09,2015-10-12,BM-11650,944,3,29.16,8.4564,0.0,2015,10,False
CA-2015-124107,2015-10-09,2015-10-12,BM-11650,1493,7,57.96,27.2412,0.0,2015,10,False
CA-2015-124107,2015-10-09,2015-10-12,BM-11650,294,3,29.403,5.2272,0.1,2015,10,False
CA-2017-126550,2017-03-29,2017-04-02,RD-19720,113,5,81.4,21.164,0.0,2017,3,False
CA-2015-138674,2015-11-14,2015-11-17,KB-16585,122,5,8.72,2.289,0.2,2015,11,False
CA-2015-138674,2015-11-14,2015-11-17,KB-16585,918,3,91.176,4.5588,0.2,2015,11,False
CA-2015-138674,2015-11-14,2015-11-17,KB-16585,1266,4,159.968,29.994,0.2,2015,11,False
CA-2016-165820,2016-09-26,2016-09-30,DW-13585,1689,2,12.96,6.2208,0.0,2016,9,False
CA-2014-103191,2014-09-22,2014-09-27,VG-21805,1366,3,331.536,-82.884,0.2,2014,9,False
CA-2015-103933,2015-09-25,2015-09-27,DR-12880,1327,9,899.91,395.9604,0.0,2015,9,True
CA-2015-110548,2015-05-04,2015-05-08,AH-10690,1448,7,946.344,118.293,0.2,2015,5,True
CA-2017-117324,2017-12-08,2017-12-13,JP-15520,997,3,178.11,32.0598,0.0,2017,12,False
CA-2017-117324,2017-12-08,2017-12-13,JP-15520,871,3,1089.75,305.13,0.0,2017,12,True
CA-2017-117324,2017-12-08,2017-12-13,JP-15520,178,2,61.06,28.0876,0.0,2017,12,False
CA-2017-117324,2017-12-08,2017-12-13,JP-15520,1422,4,459.92,41.3928,0.0,2017,12,False
CA-2017-117324,2017-12-08,2017-12-13,JP-15520,105,4,27.52,12.6592,0.0,2017,12,False
CA-2017-143574,2017-06-29,2017-07-02,DR-12880,846,9,638.82,185.2578,0.0,2017,6,True
CA-2017-143574,2017-06-29,2017-07-02,DR-12880,85,3,30.69,7.9794,0.0,2017,6,False
CA-2017-143574,2017-06-29,2017-07-02,DR-12880,486,2,25.16,8.5544,0.0,2017,6,False
CA-2014-111773,2014-06-29,2014-07-03,JK-15625,1626,3,13.92,4.872,0.2,2014,6,False
CA-2014-148614,2014-01-20,2014-01-25,MV-17485,1655,2,19.36,9.2928,0.0,2014,1,False
CA-2014-148614,2014-01-20,2014-01-25,MV-17485,564,2,19.3,5.79,0.0,2014,1,False
CA-2017-156139,2016-12-31,2017-01-06,BP-11155,698,3,38.376,13.4316,0.2,2016,12,False
US-2017-147886,2017-03-28,2017-03-31,DH-13075,1765,2,12.96,6.3504,0.0,2017,3,False
US-2017-147886,2017-03-28,2017-03-31,DH-13075,479,1,26.48,10.0624,0.0,2017,3,False
US-2017-147886,2017-03-28,2017-03-31,DH-13075,1503,2,532.72,53.272,0.2,2017,3,True
US-2017-147886,2017-03-28,2017-03-31,DH-13075,1757,4,26.72,12.8256,0.0,2017,3,False
US-2017-147886,2017-03-28,2017-03-31,DH-13075,1767,3,20.04,9.6192,0.0,2017,3,False
US-2017-147886,2017-03-28,2017-03-31,DH-13075,1364,7,795.48,7.9548,0.0,2017,3,True
US-2017-147886,2017-03-28,2017-03-31,DH-13075,1486,7,21.56,6.8992,0.0,2017,3,False
CA-2016-113733,2016-12-08,2016-12-12,LH-16900,439,2,249.584,31.198,0.2,2016,12,False
CA-2016-113733,2016-12-08,2016-12-12,LH-16900,1053,3,68.112,17.8794,0.2,2016,12,False
CA-2016-113733,2016-12-08,2016-12-12,LH-16900,912,3,16.56,-2.484,0.2,2016,12,False
CA-2017-104913,2017-11-18,2017-11-22,DK-13090,312,5,74.95,36.7255,0.0,2017,11,False
CA-2014-145800,2014-05-30,2014-06-05,SS-20410,427,3,355.455,-184.8366,0.5,2014,5,False
CA-2016-125850,2016-01-22,2016-01-28,FP-14320,181,3,44.4,22.2,0.0,2016,1,False
CA-2016-125850,2016-01-22,2016-01-28,FP-14320,182,5,20.65,9.499,0.0,2016,1,False
CA-2016-118514,2016-02-03,2016-02-10,LC-17050,848,4,866.4,225.264,0.0,2016,2,True
CA-2015-150749,2015-03-29,2015-04-03,AS-10240,1141,2,5.56,1.4456,0.0,2015,3,False
CA-2014-163748,2014-10-14,2014-10-18,HG-15025,868,4,3.16,-8.532,0.8,2014,10,False
CA-2014-163748,2014-10-14,2014-10-18,HG-15025,804,5,1999.96,624.9875,0.2,2014,10,True
CA-2015-119634,2015-08-11,2015-08-16,BW-11065,618,3,46.152,12.1149,0.2,2015,8,False
CA-2015-149300,2015-11-22,2015-11-23,BH-11710,1564,3,32.985,-1.9791,0.5,2015,11,False
US-2016-111528,2016-12-30,2016-12-30,JP-16135,905,4,481.32,125.1432,0.0,2016,12,False
US-2016-111528,2016-12-30,2016-12-30,JP-16135,409,1,6.384,2.1546,0.2,2016,12,False
CA-2017-158169,2017-08-12,2017-08-15,JM-16195,171,3,542.94,152.0232,0.0,2017,8,True
CA-2017-158169,2017-08-12,2017-08-15,JM-16195,493,4,54.92,19.7712,0.0,2017,8,False
CA-2015-162047,2015-11-03,2015-11-05,FH-14365,1209,10,1448.82,209.274,0.1,2015,11,True
CA-2015-117772,2015-09-10,2015-09-12,MC-17575,290,6,353.88,17.694,0.0,2015,9,False
US-2014-126340,2014-11-08,2014-11-14,EB-13870,1570,3,333.576,25.0182,0.2,2014,11,False
CA-2016-149685,2016-10-08,2016-10-15,PM-19135,209,6,60.144,20.2986,0.2,2016,10,False
CA-2017-126396,2017-09-08,2017-09-12,AR-10345,1069,6,85.2,20.235,0.2,2017,9,False
CA-2015-154900,2015-02-25,2015-03-01,SS-20875,228,1,3.15,1.512,0.0,2015,2,False
CA-2015-154900,2015-02-25,2015-03-01,SS-20875,107,4,22.72,10.224,0.0,2015,2,False
CA-2015-103835,2015-09-24,2015-09-28,SC-20440,492,3,14.91,4.6221,0.0,2015,9,False
CA-2015-103835,2015-09-24,2015-09-28,SC-20440,870,4,1158.12,335.8548,0.0,2015,9,True
CA-2015-158939,2015-11-26,2015-12-01,EA-14035,401,1,599.99,233.9961,0.0,2015,11,True
CA-2016-117408,2016-08-31,2016-09-06,TP-21130,1520,2,23.968,2.3968,0.2,2016,8,False
CA-2016-142398,2016-04-12,2016-04-16,BP-11290,837,7,638.288,-31.9144,0.2,2016,4,True
CA-2016-142398,2016-04-12,2016-04-16,BP-11290,931,1,13.208,4.6228,0.2,2016,4,False
CA-2016-105277,2016-12-04,2016-12-08,LM-17065,691,3,15.528,5.823,0.2,2016,12,False
CA-2016-112060,2016-12-04,2016-12-09,KT-16465,1700,1,104.85,50.328,0.0,2016,12,False
CA-2014-105270,2014-11-11,2014-11-18,AP-10915,29,3,30.48,7.9248,0.0,2014,11,False
CA-2014-105270,2014-11-11,2014-11-18,AP-10915,851,1,112.648,11.2648,0.2,2014,11,False
US-2015-159513,2015-04-02,2015-04-09,JD-15790,1603,3,71.976,24.2919,0.2,2015,4,False
CA-2015-155586,2015-12-12,2015-12-16,XP-21865,1117,1,2.21,0.5967,0.0,2015,12,False
CA-2015-155586,2015-12-12,2015-12-16,XP-21865,1248,4,15.52,7.4496,0.0,2015,12,False
CA-2015-155586,2015-12-12,2015-12-16,XP-21865,341,4,36.44,16.398,0.0,2015,12,False
CA-2017-141117,2017-10-02,2017-10-08,JK-16090,1183,6,217.764,-384.7164,0.7,2017,10,False
CA-2017-141117,2017-10-02,2017-10-08,JK-16090,98,6,39.072,4.3956,0.2,2017,10,False
CA-2017-141117,2017-10-02,2017-10-08,JK-16090,710,7,22.638,-16.6012,0.7,2017,10,False
CA-2017-141117,2017-10-02,2017-10-08,JK-16090,315,7,95.144,10.7037,0.2,2017,10,False
CA-2017-115070,2017-04-10,2017-04-14,MG-18205,1486,5,12.32,1.848,0.2,2017,4,False
CA-2017-115070,2017-04-10,2017-04-14,MG-18205,74,3,4.419,-3.0933,0.7,2017,4,False
CA-2017-140186,2017-09-29,2017-10-02,PG-18820,121,7,35.0,16.8,0.0,2017,9,False
CA-2017-140186,2017-09-29,2017-10-02,PG-18820,975,1,72.784,0.0,0.2,2017,9,False
CA-2017-140186,2017-09-29,2017-10-02,PG-18820,653,2,97.84,25.4384,0.0,2017,9,False
CA-2017-140186,2017-09-29,2017-10-02,PG-18820,881,1,51.75,15.525,0.0,2017,9,False
CA-2017-140186,2017-09-29,2017-10-02,PG-18820,330,2,46.672,16.3352,0.2,2017,9,False
CA-2014-124856,2014-09-29,2014-10-03,LD-17005,535,9,1395.54,362.8404,0.0,2014,9,True
CA-2014-124856,2014-09-29,2014-10-03,LD-17005,1442,4,117.36,36.3816,0.0,2014,9,False
CA-2014-124856,2014-09-29,2014-10-03,LD-17005,186,3,18.9,8.694,0.0,2014,9,False
CA-2014-124856,2014-09-29,2014-10-03,LD-17005,1616,2,77.52,37.9848,0.0,2014,9,False
CA-2014-166716,2014-08-20,2014-08-25,CR-12730,761,2,421.372,-6.0196,0.3,2014,8,False
CA-2014-123225,2014-07-11,2014-07-14,MN-17935,1290,4,575.968,43.1976,0.2,2014,7,True
CA-2014-123225,2014-07-11,2014-07-14,MN-17935,1794,2,10.368,3.6288,0.2,2014,7,False
CA-2015-163440,2015-03-22,2015-03-24,RD-19900,1483,2,15.984,1.1988,0.2,2015,3,False
US-2017-106796,2017-05-12,2017-05-19,JP-16135,1156,3,10.272,1.1556,0.2,2017,5,False
CA-2017-113873,2017-11-13,2017-11-19,KE-16420,583,4,61.792,6.1792,0.2,2017,11,False
CA-2017-113873,2017-11-13,2017-11-19,KE-16420,389,3,205.9992,-27.2646,0.32,2017,11,False
CA-2016-149783,2016-09-04,2016-09-07,DL-13315,1326,3,12.192,4.1148,0.2,2016,9,False
CA-2016-149783,2016-09-04,2016-09-07,DL-13315,293,2,87.168,8.7168,0.2,2016,9,False
CA-2016-149783,2016-09-04,2016-09-07,DL-13315,1311,2,31.744,8.3328,0.2,2016,9,False
CA-2016-125017,2016-02-06,2016-02-11,KB-16240,513,4,132.224,-18.1808,0.2,2016,2,False
US-2015-163279,2015-03-22,2015-03-26,JD-16150,537,4,105.52,48.5392,0.0,2015,3,False
US-2015-163279,2015-03-22,2015-03-26,JD-16150,1535,2,91.96,15.6332,0.0,2015,3,False
US-2015-163279,2015-03-22,2015-03-26,JD-16150,449,3,1487.976,185.997,0.2,2015,3,True
CA-2015-150196,2015-07-02,2015-07-03,SR-20740,1804,3,19.44,9.3312,0.0,2015,7,False
US-2015-106495,2015-06-15,2015-06-17,AC-10450,313,1,11.672,-0.7295,0.2,2015,6,False
CA-2014-124730,2014-11-26,2014-11-26,LS-17245,451,4,279.96,78.3888,0.0,2014,11,False
CA-2014-124730,2014-11-26,2014-11-26,LS-17245,66,3,12.912,4.6806,0.2,2014,11,False
CA-2014-124730,2014-11-26,2014-11-26,LS-17245,1307,4,17.088,5.7672,0.2,2014,11,False
CA-2014-124730,2014-11-26,2014-11-26,LS-17245,232,9,93.15,44.712,0.0,2014,11,False
CA-2014-124730,2014-11-26,2014-11-26,LS-17245,242,4,11.52,5.6448,0.0,2014,11,False
CA-2017-117632,2017-05-12,2017-05-18,CS-12175,460,2,238.62,4.7724,0.0,2017,5,False
CA-2017-117632,2017-05-12,2017-05-18,CS-12175,864,1,7.77,2.0979,0.0,2017,5,False
CA-2017-117632,2017-05-12,2017-05-18,CS-12175,978,5,285.48,-10.7055,0.2,2017,5,False
CA-2017-117632,2017-05-12,2017-05-18,CS-12175,500,4,19.168,6.4692,0.2,2017,5,False
CA-2014-115056,2014-05-02,2014-05-02,AR-10510,294,3,26.136,1.9602,0.2,2014,5,False
CA-2017-161067,2017-09-03,2017-09-06,KB-16405,1672,4,419.4,201.312,0.0,2017,9,False
CA-2017-161067,2017-09-03,2017-09-06,KB-16405,1212,1,90.801,14.1246,0.1,2017,9,False
CA-2017-161067,2017-09-03,2017-09-06,KB-16405,762,2,181.764,-8.0784,0.1,2017,9,False
CA-2017-161067,2017-09-03,2017-09-06,KB-16405,1297,2,5.56,2.224,0.0,2017,9,False
CA-2016-122063,2016-12-03,2016-12-07,MM-17920,834,2,581.96,104.7528,0.0,2016,12,True
CA-2016-122063,2016-12-03,2016-12-07,MM-17920,765,1,29.98,8.0946,0.0,2016,12,False
CA-2015-111206,2015-07-18,2015-07-22,RF-19735,1000,4,519.96,176.7864,0.0,2015,7,True
CA-2016-142895,2016-07-21,2016-07-26,BP-11290,202,3,6.264,2.0358,0.2,2016,7,False
CA-2016-142895,2016-07-21,2016-07-26,BP-11290,975,5,363.92,0.0,0.2,2016,7,False
CA-2015-101868,2015-06-09,2015-06-16,MJ-17740,781,5,64.2,-42.8,0.7,2015,6,False
CA-2015-101868,2015-06-09,2015-06-16,MJ-17740,1630,3,38.52,-26.964,0.7,2015,6,False
CA-2015-101868,2015-06-09,2015-06-16,MJ-17740,1008,5,72.6,-8.1675,0.2,2015,6,False
CA-2017-133207,2017-11-27,2017-12-03,DO-13645,782,4,57.568,5.7568,0.2,2017,11,False
CA-2015-132948,2015-03-27,2015-04-03,MV-17485,1355,5,83.7,3.348,0.0,2015,3,False
CA-2015-134992,2015-09-22,2015-09-26,MG-17875,1810,5,32.4,15.552,0.0,2015,9,False
CA-2015-134992,2015-09-22,2015-09-26,MG-17875,1611,2,47.98,11.0354,0.0,2015,9,False
CA-2015-126725,2015-11-17,2015-11-21,BS-11665,1323,4,415.968,51.996,0.2,2015,11,False
CA-2015-126725,2015-11-17,2015-11-21,BS-11665,418,5,304.9,6.098,0.0,2015,11,False
CA-2015-126725,2015-11-17,2015-11-21,BS-11665,482,4,80.96,29.1456,0.0,2015,11,False
CA-2015-126725,2015-11-17,2015-11-21,BS-11665,655,7,777.21,54.4047,0.0,2015,11,True
CA-2015-126725,2015-11-17,2015-11-21,BS-11665,1798,5,32.4,15.552,0.0,2015,11,False
CA-2015-126725,2015-11-17,2015-11-21,BS-11665,1202,2,225.568,2.8196,0.2,2015,11,False
CA-2015-126725,2015-11-17,2015-11-21,BS-11665,120,3,36.6,15.372,0.0,2015,11,False
CA-2015-121783,2015-11-10,2015-11-14,PO-19180,869,2,715.64,178.91,0.0,2015,11,True
CA-2015-121783,2015-11-10,2015-11-14,PO-19180,1549,3,795.51,143.1918,0.0,2015,11,True
CA-2015-121783,2015-11-10,2015-11-14,PO-19180,1445,1,549.99,274.995,0.0,2015,11,True
CA-2015-121783,2015-11-10,2015-11-14,PO-19180,711,3,74.76,34.3896,0.0,2015,11,False
CA-2015-121783,2015-11-10,2015-11-14,PO-19180,1497,3,29.22,12.8568,0.0,2015,11,False
US-2014-138835,2014-09-10,2014-09-14,DA-13450,1578,2,9.64,4.7236,0.0,2014,9,False
CA-2015-112214,2015-08-05,2015-08-11,AH-10690,1256,7,33.488,-1.2558,0.2,2015,8,False
CA-2015-112214,2015-08-05,2015-08-11,AH-10690,1508,3,23.04,-4.896,0.2,2015,8,False
CA-2015-112214,2015-08-05,2015-08-11,AH-10690,268,1,1.362,-2.1792,0.8,2015,8,False
CA-2015-112214,2015-08-05,2015-08-11,AH-10690,569,5,14.76,-11.439,0.6,2015,8,False
US-2017-153255,2017-09-03,2017-09-07,JK-15730,383,2,239.666,14.098,0.15,2017,9,False
CA-2015-108119,2015-11-01,2015-11-08,MS-17530,907,2,301.96,45.294,0.0,2015,11,False
CA-2015-157434,2015-04-29,2015-05-04,JK-15640,1737,2,7.968,2.8884,0.2,2015,4,False
CA-2016-101525,2016-05-01,2016-05-04,CM-12235,1699,2,109.92,53.8608,0.0,2016,5,False
CA-2016-101525,2016-05-01,2016-05-04,CM-12235,1786,3,19.44,9.3312,0.0,2016,5,False
CA-2016-101525,2016-05-01,2016-05-04,CM-12235,496,2,11.16,4.3524,0.0,2016,5,False
US-2014-117968,2014-08-05,2014-08-07,RS-19420,632,3,79.47,22.2516,0.0,2014,8,False
US-2014-117968,2014-08-05,2014-08-07,RS-19420,335,2,4.56,2.0064,0.0,2014,8,False
US-2014-117968,2014-08-05,2014-08-07,RS-19420,843,5,1133.35,294.671,0.0,2014,8,True
CA-2016-158211,2016-01-04,2016-01-08,BP-11185,1118,1,4.672,0.584,0.2,2016,1,False
CA-2016-158211,2016-01-04,2016-01-08,BP-11185,233,6,104.58,-80.178,0.7,2016,1,False
CA-2016-152247,2016-11-07,2016-11-12,MA-17995,769,4,1603.136,100.196,0.2,2016,11,True
CA-2016-128223,2016-06-14,2016-06-14,EB-13705,382,7,1293.488,80.843,0.2,2016,6,True
CA-2016-154235,2016-09-24,2016-09-28,RD-19900,511,3,127.95,21.7515,0.0,2016,9,False
CA-2017-129910,2017-03-30,2017-04-03,ME-17320,115,1,59.76,16.7328,0.0,2017,3,False
CA-2017-133095,2017-06-04,2017-06-04,EH-14005,715,7,108.08,54.04,0.0,2017,6,False
CA-2017-133095,2017-06-04,2017-06-04,EH-14005,924,3,9.54,4.3884,0.0,2017,6,False
CA-2015-130554,2015-04-07,2015-04-09,FM-14290,1139,3,11.736,1.0269,0.2,2015,4,False
CA-2014-152443,2014-05-21,2014-05-26,FG-14260,703,7,447.86,219.4514,0.0,2014,5,False
CA-2014-152443,2014-05-21,2014-05-26,FG-14260,1784,3,17.94,8.7906,0.0,2014,5,False
CA-2014-152443,2014-05-21,2014-05-26,FG-14260,298,6,245.88,68.8464,0.0,2014,5,False
CA-2016-133319,2016-09-05,2016-09-11,MV-17485,1667,4,192.16,92.2368,0.0,2016,9,False
CA-2016-133935,2016-09-18,2016-09-22,JW-15220,769,2,801.568,50.098,0.2,2016,9,True
CA-2016-133935,2016-09-18,2016-09-22,JW-15220,1733,9,368.91,180.7659,0.0,2016,9,False
CA-2016-133935,2016-09-18,2016-09-22,JW-15220,754,9,885.528,-99.6219,0.2,2016,9,True
CA-2016-136301,2016-03-13,2016-03-15,EH-13765,1612,2,28.28,7.3528,0.0,2016,3,False
CA-2016-136301,2016-03-13,2016-03-15,EH-13765,813,3,4912.59,196.5036,0.0,2016,3,True
US-2014-109456,2014-10-16,2014-10-17,LS-17245,260,3,14.352,5.0232,0.2,2014,10,False
US-2014-109456,2014-10-16,2014-10-17,LS-17245,1022,3,179.97,86.3856,0.0,2014,10,False
CA-2017-151596,2017-10-08,2017-10-11,BP-11050,1368,1,42.76,11.1176,0.0,2017,10,False
CA-2015-147879,2015-05-07,2015-05-12,CC-12220,1687,2,45.68,21.0128,0.0,2015,5,False
CA-2016-166625,2016-04-14,2016-04-17,JM-15580,704,2,25.06,11.7782,0.0,2016,4,False
CA-2016-146157,2016-11-21,2016-11-26,RD-19720,1695,1,38.432,13.4512,0.2,2016,11,False
CA-2016-146157,2016-11-21,2016-11-26,RD-19720,1543,2,21.568,1.6176,0.2,2016,11,False
CA-2016-146157,2016-11-21,2016-11-26,RD-19720,976,3,81.576,2.0394,0.2,2016,11,False
CA-2017-159954,2017-09-10,2017-09-14,SS-20410,1641,1,2.78,1.3622,0.0,2017,9,False
CA-2017-100825,2017-09-09,2017-09-14,KD-16495,636,3,99.87,23.9688,0.0,2017,9,False
CA-2014-168305,2014-11-01,2014-11-08,PL-18925,181,3,44.4,22.2,0.0,2014,11,False
CA-2014-168305,2014-11-01,2014-11-08,PL-18925,537,5,21.4,9.63,0.0,2014,11,False
CA-2016-167682,2016-04-03,2016-04-09,ZD-21925,1440,4,71.12,22.0472,0.0,2016,4,False
CA-2016-167682,2016-04-03,2016-04-09,ZD-21925,1278,4,259.96,124.7808,0.0,2016,4,False
CA-2017-108000,2017-01-12,2017-01-16,LS-16945,1493,1,9.78,4.89,0.0,2017,1,False
CA-2015-146465,2015-11-20,2015-11-24,PB-18805,412,9,24.192,7.56,0.2,2015,11,False
CA-2016-159639,2016-11-27,2016-12-02,PC-18745,1586,3,31.56,10.4148,0.0,2016,11,False
US-2017-153948,2017-11-06,2017-11-06,FM-14290,1694,3,59.94,28.1718,0.0,2017,11,False
US-2017-153948,2017-11-06,2017-11-06,FM-14290,537,4,45.36,22.2264,0.0,2017,11,False
US-2017-153948,2017-11-06,2017-11-06,FM-14290,162,5,26.4,12.672,0.0,2017,11,False
US-2017-153948,2017-11-06,2017-11-06,FM-14290,213,4,41.4,19.872,0.0,2017,11,False
US-2017-153948,2017-11-06,2017-11-06,FM-14290,961,1,16.95,1.017,0.0,2017,11,False
US-2016-113985,2016-12-02,2016-12-07,KD-16495,715,2,24.704,9.264,0.2,2016,12,False
US-2016-113985,2016-12-02,2016-12-07,KD-16495,816,3,59.7,26.865,0.0,2016,12,False
US-2016-113985,2016-12-02,2016-12-07,KD-16495,585,3,14.52,5.6628,0.0,2016,12,False
US-2016-113985,2016-12-02,2016-12-07,KD-16495,1419,3,104.184,33.8598,0.2,2016,12,False
CA-2016-155383,2016-12-17,2016-12-22,SC-20680,1261,3,46.53,13.0284,0.0,2016,12,False
CA-2014-120432,2014-08-24,2014-08-26,DW-13585,101,3,25.5,6.63,0.0,2014,8,False
US-2015-126977,2015-09-17,2015-09-23,PF-19120,1658,5,14.9,1.043,0.0,2015,9,False
US-2015-126977,2015-09-17,2015-09-23,PF-19120,192,7,87.71,41.2237,0.0,2015,9,False
US-2015-126977,2015-09-17,2015-09-23,PF-19120,1213,2,199.764,8.8784,0.1,2015,9,False
US-2015-126977,2015-09-17,2015-09-23,PF-19120,580,4,94.6,27.434,0.0,2015,9,False
US-2015-126977,2015-09-17,2015-09-23,PF-19120,1351,6,4228.704,158.5764,0.2,2015,9,True
US-2015-126977,2015-09-17,2015-09-23,PF-19120,498,5,2003.92,-25.049,0.2,2015,9,True
US-2015-126977,2015-09-17,2015-09-23,PF-19120,451,3,209.97,58.7916,0.0,2015,9,False
US-2015-126977,2015-09-17,2015-09-23,PF-19120,1269,2,659.9,217.767,0.0,2015,9,True
US-2015-126977,2015-09-17,2015-09-23,PF-19120,538,2,110.96,53.2608,0.0,2015,9,False
US-2015-126977,2015-09-17,2015-09-23,PF-19120,35,4,67.8,1.356,0.0,2015,9,False
CA-2016-130288,2016-11-26,2016-11-30,DK-13225,320,2,313.176,-120.0508,0.4,2016,11,False
CA-2017-146458,2017-11-19,2017-11-22,RB-19435,1158,7,22.96,6.6584,0.0,2017,11,False
CA-2017-150420,2017-06-03,2017-06-08,GD-14590,1267,10,1099.5,362.835,0.0,2017,6,True
US-2014-118997,2014-04-08,2014-04-12,RA-19885,1370,8,1215.92,316.1392,0.0,2014,4,True
CA-2014-114314,2014-10-11,2014-10-15,DB-13555,1433,1,7.31,3.4357,0.0,2014,10,False
CA-2014-114314,2014-10-11,2014-10-15,DB-13555,581,4,8.92,3.9248,0.0,2014,10,False
US-2017-169551,2017-07-07,2017-07-09,RL-19615,1182,3,87.21,-45.3492,0.5,2017,7,False
US-2017-169551,2017-07-07,2017-07-09,RL-19615,1812,3,15.552,5.4432,0.2,2017,7,False
US-2017-169551,2017-07-07,2017-07-09,RL-19615,157,2,683.988,-113.998,0.4,2017,7,True
US-2017-169551,2017-07-07,2017-07-09,RL-19615,1281,3,13.392,1.0044,0.2,2017,7,False
US-2017-169551,2017-07-07,2017-07-09,RL-19615,137,3,16.776,4.8231,0.2,2017,7,False
US-2017-169551,2017-07-07,2017-07-09,RL-19615,1269,2,527.92,85.787,0.2,2017,7,True
CA-2016-103107,2016-07-04,2016-07-04,RB-19465,1046,5,25.4,8.636,0.0,2016,7,False
CA-2016-103107,2016-07-04,2016-07-04,RB-19465,172,3,177.48,19.9665,0.2,2016,7,False
CA-2016-103107,2016-07-04,2016-07-04,RB-19465,1223,3,71.976,8.997,0.2,2016,7,False
CA-2017-122077,2017-05-19,2017-05-25,JF-15295,935,1,95.992,9.5992,0.2,2017,5,False
CA-2017-122077,2017-05-19,2017-05-25,JF-15295,199,4,13.216,4.2952,0.2,2017,5,False
CA-2017-112431,2017-10-12,2017-10-14,RW-19690,1401,12,435.84,130.752,0.0,2017,10,False
CA-2017-112431,2017-10-12,2017-10-14,RW-19690,1152,2,5.88,1.5876,0.0,2017,10,False
CA-2016-151092,2016-08-06,2016-08-13,VG-21790,1241,4,211.168,18.4772,0.2,2016,8,False
CA-2014-104178,2014-08-25,2014-08-29,JM-15265,549,1,6.28,2.6376,0.0,2014,8,False
CA-2014-104178,2014-08-25,2014-08-29,JM-15265,1399,5,95.1,30.432,0.0,2014,8,False
CA-2014-104178,2014-08-25,2014-08-29,JM-15265,1827,4,25.92,12.4416,0.0,2014,8,False
CA-2014-104178,2014-08-25,2014-08-29,JM-15265,1292,4,48.84,13.1868,0.0,2014,8,False
CA-2015-115924,2015-09-14,2015-09-18,BE-11455,1635,5,25.9,12.691,0.0,2015,9,False
CA-2017-161046,2017-03-05,2017-03-05,CB-12535,974,4,42.68,19.6328,0.0,2017,3,False
CA-2017-161046,2017-03-05,2017-03-05,CB-12535,1005,3,299.97,125.9874,0.0,2017,3,False
CA-2017-161046,2017-03-05,2017-03-05,CB-12535,949,2,262.24,78.672,0.0,2017,3,False
CA-2017-161046,2017-03-05,2017-03-05,CB-12535,903,6,234.36,112.4928,0.0,2017,3,False
US-2017-141698,2017-04-15,2017-04-21,SD-20485,1802,4,20.736,7.2576,0.2,2017,4,False
US-2014-105151,2014-03-30,2014-03-31,SG-20890,1410,5,10.5,2.94,0.0,2014,3,False
CA-2014-155796,2014-11-11,2014-11-15,TS-21430,726,2,23.968,7.7896,0.2,2014,11,False
CA-2014-155796,2014-11-11,2014-11-15,TS-21430,167,4,521.96,-250.5408,0.5,2014,11,True
CA-2016-127138,2016-03-12,2016-03-15,DK-13225,1558,5,676.55,6.7655,0.0,2016,3,True
CA-2016-127138,2016-03-12,2016-03-15,DK-13225,614,5,154.9,40.274,0.0,2016,3,False
CA-2016-127138,2016-03-12,2016-03-15,DK-13225,1431,4,30.56,14.9744,0.0,2016,3,False
CA-2016-127138,2016-03-12,2016-03-15,DK-13225,832,3,770.352,77.0352,0.2,2016,3,True
CA-2017-150602,2017-02-09,2017-02-14,ML-17395,1045,4,21.12,6.5472,0.0,2017,2,False
CA-2014-140732,2014-11-11,2014-11-13,MA-17560,1096,9,575.928,57.5928,0.2,2014,11,True
CA-2014-140732,2014-11-11,2014-11-13,MA-17560,459,2,7.78,2.0228,0.0,2014,11,False
CA-2014-140732,2014-11-11,2014-11-13,MA-17560,1769,4,123.92,55.764,0.0,2014,11,False
CA-2017-119011,2017-08-20,2017-08-25,LR-17035,93,3,17.22,5.166,0.0,2017,8,False
CA-2017-119011,2017-08-20,2017-08-25,LR-17035,461,6,226.56,63.4368,0.0,2017,8,False
CA-2017-119011,2017-08-20,2017-08-25,LR-17035,1272,3,107.88,10.788,0.2,2017,8,False
CA-2016-166912,2016-01-15,2016-01-17,BE-11335,1676,2,81.98,40.1702,0.0,2016,1,False
CA-2014-141726,2014-07-20,2014-07-22,CC-12145,1672,1,104.85,50.328,0.0,2014,7,False
CA-2014-141726,2014-07-20,2014-07-22,CC-12145,1627,2,8.704,3.1552,0.2,2014,7,False
CA-2014-141726,2014-07-20,2014-07-22,CC-12145,1680,4,19.92,9.7608,0.0,2014,7,False
CA-2014-141726,2014-07-20,2014-07-22,CC-12145,1178,3,43.02,15.4872,0.0,2014,7,False
CA-2017-115105,2017-02-06,2017-02-11,BD-11770,169,1,240.784,30.098,0.2,2017,2,False
CA-2015-143980,2015-12-25,2015-12-29,JK-15640,951,2,414.96,124.488,0.0,2015,12,False
CA-2016-135636,2016-10-08,2016-10-13,DB-13615,642,5,387.72,-67.851,0.2,2016,10,False
CA-2017-102155,2017-07-13,2017-07-17,RR-19525,1490,2,360.38,93.6988,0.0,2017,7,False
CA-2017-102155,2017-07-13,2017-07-17,RR-19525,1516,2,13.56,6.2376,0.0,2017,7,False
CA-2017-116953,2017-04-24,2017-04-25,SV-20935,40,10,552.0,34.5,0.2,2017,4,True
CA-2014-117765,2014-09-07,2014-09-13,RB-19465,942,5,429.9,111.774,0.0,2014,9,False
CA-2014-117765,2014-09-07,2014-09-13,RB-19465,265,2,32.06,15.3888,0.0,2014,9,False
CA-2014-117765,2014-09-07,2014-09-13,RB-19465,1226,2,161.96,45.3488,0.0,2014,9,False
CA-2014-117765,2014-09-07,2014-09-13,RB-19465,130,2,19.86,5.7594,0.0,2014,9,False
CA-2016-114895,2016-11-21,2016-11-28,MV-18190,1765,2,12.96,6.3504,0.0,2016,11,False
CA-2017-112984,2017-09-16,2017-09-18,EH-14185,1713,6,20.544,6.42,0.2,2017,9,False
CA-2016-163776,2016-07-19,2016-07-25,JS-16030,116,6,185.58,76.0878,0.0,2016,7,False
CA-2016-163776,2016-07-19,2016-07-25,JS-16030,1303,2,77.56,35.6776,0.0,2016,7,False
CA-2016-163776,2016-07-19,2016-07-25,JS-16030,1352,4,87.92,0.8792,0.0,2016,7,False
CA-2016-163776,2016-07-19,2016-07-25,JS-16030,1676,6,245.94,120.5106,0.0,2016,7,False
CA-2016-163776,2016-07-19,2016-07-25,JS-16030,264,1,8.6,4.042,0.0,2016,7,False
CA-2016-163776,2016-07-19,2016-07-25,JS-16030,829,5,504.9,126.225,0.0,2016,7,True
US-2017-163300,2017-09-15,2017-09-21,ES-14020,680,7,2357.488,884.058,0.2,2017,9,True
US-2017-163300,2017-09-15,2017-09-21,ES-14020,1241,7,369.544,32.3351,0.2,2017,9,False
US-2017-163300,2017-09-15,2017-09-21,ES-14020,747,3,184.752,-20.7846,0.2,2017,9,False
CA-2016-162187,2016-12-11,2016-12-11,NS-18640,71,5,64.96,-4.06,0.2,2016,12,False
CA-2016-162187,2016-12-11,2016-12-11,NS-18640,597,2,13.52,1.69,0.2,2016,12,False
CA-2016-162187,2016-12-11,2016-12-11,NS-18640,1205,5,458.43,-137.529,0.3,2016,12,False
CA-2016-162187,2016-12-11,2016-12-11,NS-18640,292,4,387.136,24.196,0.2,2016,12,False
CA-2016-162187,2016-12-11,2016-12-11,NS-18640,977,3,328.59,-147.8655,0.4,2016,12,False
US-2014-112991,2014-12-10,2014-12-14,SH-19975,1202,3,338.352,4.2294,0.2,2014,12,False
US-2014-112991,2014-12-10,2014-12-14,SH-19975,1718,4,25.92,12.4416,0.0,2014,12,False
US-2014-112991,2014-12-10,2014-12-14,SH-19975,1833,4,91.36,42.0256,0.0,2014,12,False
CA-2014-124079,2014-12-13,2014-12-17,RF-19345,596,3,87.96,7.6965,0.2,2014,12,False
CA-2014-124079,2014-12-13,2014-12-17,RF-19345,413,2,5.214,-4.1712,0.7,2014,12,False
US-2017-146878,2017-09-21,2017-09-27,DL-12865,270,1,12.294,-8.6058,0.7,2017,9,False
CA-2017-107244,2017-09-07,2017-09-11,AG-10390,393,4,19.76,8.2992,0.0,2017,9,False
CA-2015-100657,2015-11-02,2015-11-07,SW-20245,737,2,109.764,8.5372,0.1,2015,11,False
CA-2017-129581,2017-12-11,2017-12-18,KN-16390,1274,3,128.85,3.8655,0.0,2017,12,False
CA-2017-129028,2017-04-01,2017-04-03,GB-14530,511,3,127.95,21.7515,0.0,2017,4,False
CA-2015-135580,2015-12-30,2016-01-03,CL-12565,1715,3,68.52,31.5192,0.0,2015,12,False
CA-2015-135580,2015-12-30,2016-01-03,CL-12565,13,3,74.94,14.2386,0.0,2015,12,False
CA-2015-135580,2015-12-30,2016-01-03,CL-12565,1839,6,2548.56,286.713,0.2,2015,12,True
CA-2015-135580,2015-12-30,2016-01-03,CL-12565,1583,3,271.44,122.148,0.0,2015,12,False
CA-2015-135580,2015-12-30,2016-01-03,CL-12565,437,3,287.88,35.985,0.2,2015,12,False
CA-2016-159016,2016-03-10,2016-03-11,KF-16285,1343,5,14.9,7.152,0.0,2016,3,False
CA-2016-159016,2016-03-10,2016-03-11,KF-16285,155,8,4158.912,363.9048,0.2,2016,3,True
CA-2014-102652,2014-04-06,2014-04-12,AY-10555,1535,2,91.96,15.6332,0.0,2014,4,False
CA-2014-102652,2014-04-06,2014-04-12,AY-10555,391,7,33.11,12.9129,0.0,2014,4,False
CA-2014-102652,2014-04-06,2014-04-12,AY-10555,1807,3,19.44,9.3312,0.0,2014,4,False
CA-2014-102652,2014-04-06,2014-04-12,AY-10555,1727,1,55.48,26.6304,0.0,2014,4,False
CA-2014-152422,2014-10-05,2014-10-10,BD-11635,302,5,91.92,11.49,0.2,2014,10,False
US-2016-156692,2016-08-13,2016-08-13,HG-15025,1494,2,17.34,4.6818,0.0,2016,8,False
US-2016-156692,2016-08-13,2016-08-13,HG-15025,1461,2,71.98,15.1158,0.0,2016,8,False
CA-2014-130869,2014-11-17,2014-11-21,CB-12025,1340,3,7.08,2.478,0.2,2014,11,False
US-2017-128832,2017-04-24,2017-04-27,LS-16945,1593,2,69.98,4.8986,0.0,2017,4,False
CA-2017-139717,2017-08-24,2017-08-26,DM-13015,170,8,646.272,64.6272,0.2,2017,8,True
CA-2017-139717,2017-08-24,2017-08-26,DM-13015,1755,2,10.368,3.7584,0.2,2017,8,False
CA-2017-136007,2017-02-23,2017-03-02,AC-10615,132,5,8.4,0.336,0.0,2017,2,False
CA-2017-136007,2017-02-23,2017-03-02,AC-10615,1848,5,71.96,25.186,0.2,2017,2,False
CA-2016-157364,2016-11-19,2016-11-21,LT-17110,518,2,18.48,6.006,0.2,2016,11,False
US-2016-112970,2016-11-14,2016-11-15,TB-21250,1159,3,9.84,2.8536,0.0,2016,11,False
US-2017-152492,2017-07-06,2017-07-06,AH-10585,740,1,239.24,23.924,0.2,2017,7,False
CA-2016-101168,2016-12-25,2017-01-01,SS-20140,1045,4,21.12,6.5472,0.0,2016,12,False
CA-2017-104010,2017-04-23,2017-04-25,TD-20995,670,5,54.9,15.372,0.0,2017,4,False
CA-2015-130253,2015-12-14,2015-12-18,PP-18955,1047,3,15.24,5.1816,0.0,2015,12,False
US-2015-155369,2015-04-19,2015-04-25,PG-18820,653,2,19.568,-52.8336,0.8,2015,4,False
US-2015-155369,2015-04-19,2015-04-25,PG-18820,649,4,310.392,-512.1468,0.8,2015,4,False
CA-2016-131205,2016-09-04,2016-09-08,AA-10645,457,3,42.6,16.614,0.0,2016,9,False
CA-2016-131205,2016-09-04,2016-09-08,AA-10645,1283,6,113.94,54.6912,0.0,2016,9,False
CA-2016-131205,2016-09-04,2016-09-08,AA-10645,646,4,129.92,5.1968,0.0,2016,9,False
CA-2016-131205,2016-09-04,2016-09-08,AA-10645,1166,3,5.28,2.5344,0.0,2016,9,False
CA-2017-122364,2017-09-24,2017-09-29,FA-14230,1621,3,859.2,75.18,0.2,2017,9,True
CA-2017-122364,2017-09-24,2017-09-29,FA-14230,1458,3,506.28,177.198,0.2,2017,9,True
CA-2016-117912,2016-02-04,2016-02-08,TB-21520,1177,2,14.368,3.9512,0.2,2016,2,False
CA-2017-145702,2017-05-19,2017-05-24,AH-10075,1208,3,314.352,-35.3646,0.2,2017,5,False
CA-2017-145702,2017-05-19,2017-05-24,AH-10075,1737,7,27.888,10.1094,0.2,2017,5,False
CA-2015-113215,2015-09-03,2015-09-08,CP-12085,727,3,238.152,89.307,0.2,2015,9,False
CA-2016-154662,2016-06-09,2016-06-16,BF-11215,382,3,692.94,173.235,0.0,2016,6,True
CA-2015-105571,2015-11-07,2015-11-11,CP-12340,246,9,16.146,-12.9168,0.7,2015,11,False
CA-2015-105571,2015-11-07,2015-11-11,CP-12340,686,5,1345.485,-1031.5385,0.7,2015,11,True
CA-2016-152765,2016-06-15,2016-06-18,LS-17245,1683,7,173.488,54.215,0.2,2016,6,False
CA-2015-153878,2015-04-25,2015-04-30,TS-21655,1131,5,57.75,16.17,0.0,2015,4,False
CA-2015-153878,2015-04-25,2015-04-30,TS-21655,293,5,272.4,76.272,0.0,2015,4,False
CA-2016-124016,2016-09-23,2016-09-26,JS-15940,1760,3,11.952,4.0338,0.2,2016,9,False
CA-2016-124016,2016-09-23,2016-09-26,JS-15940,551,4,28.0,7.7,0.2,2016,9,False
CA-2016-124016,2016-09-23,2016-09-26,JS-15940,639,7,12.201,-9.7608,0.7,2016,9,False
CA-2016-113551,2016-08-18,2016-08-20,NF-18385,721,1,2.068,-3.4122,0.8,2016,8,False
CA-2016-113551,2016-08-18,2016-08-20,NF-18385,118,8,83.84,30.392,0.2,2016,8,False
CA-2014-107524,2014-03-02,2014-03-08,KN-16705,1493,2,11.36,5.3392,0.0,2014,3,False
CA-2014-107524,2014-03-02,2014-03-08,KN-16705,159,5,36.4,17.472,0.0,2014,3,False
CA-2014-138072,2014-12-30,2015-01-03,GA-14725,1060,2,27.968,6.992,0.2,2014,12,False
CA-2015-134201,2015-04-10,2015-04-16,EH-14125,1504,4,142.04,38.3508,0.0,2015,4,False
CA-2015-134201,2015-04-10,2015-04-16,EH-14125,627,3,14.67,6.0147,0.0,2015,4,False
CA-2015-111780,2015-12-25,2015-12-30,RA-19285,371,5,1199.96,224.9925,0.2,2015,12,True
CA-2015-111780,2015-12-25,2015-12-30,RA-19285,921,3,12.6,6.174,0.0,2015,12,False
CA-2015-111780,2015-12-25,2015-12-30,RA-19285,779,3,17.94,8.073,0.0,2015,12,False
CA-2015-119942,2015-04-05,2015-04-07,TT-21070,207,6,23.904,7.7688,0.2,2015,4,False
CA-2015-151547,2015-01-17,2015-01-23,AH-10465,91,8,88.96,10.008,0.2,2015,1,False
CA-2017-166695,2017-05-20,2017-05-24,CC-12430,753,8,518.272,-97.176,0.2,2017,5,True
CA-2017-166695,2017-05-20,2017-05-24,CC-12430,676,1,6.98,3.3504,0.0,2017,5,False
CA-2017-166695,2017-05-20,2017-05-24,CC-12430,1214,1,343.2,38.61,0.2,2017,5,False
CA-2017-167542,2017-08-13,2017-08-20,KD-16495,193,3,17.544,5.9211,0.2,2017,8,False
CA-2015-120901,2015-12-31,2016-01-04,BG-11035,658,2,152.688,-26.7204,0.2,2015,12,False
CA-2015-120901,2015-12-31,2016-01-04,BG-11035,1510,2,3.488,0.5668,0.2,2015,12,False
CA-2015-120901,2015-12-31,2016-01-04,BG-11035,1496,2,5.888,-1.3248,0.2,2015,12,False
CA-2017-121398,2017-12-25,2017-12-29,FH-14365,684,3,153.552,51.8238,0.2,2017,12,False
CA-2017-121398,2017-12-25,2017-12-29,FH-14365,1558,2,270.62,2.7062,0.0,2017,12,False
CA-2016-151561,2016-09-01,2016-09-07,PG-18820,600,6,468.9,206.316,0.0,2016,9,False
CA-2016-151561,2016-09-01,2016-09-07,PG-18820,1077,2,72.48,30.4416,0.0,2016,9,False
CA-2016-151561,2016-09-01,2016-09-07,PG-18820,102,3,10.95,3.285,0.0,2016,9,False
CA-2016-151561,2016-09-01,2016-09-07,PG-18820,882,3,191.82,61.3824,0.0,2016,9,False
CA-2017-154676,2017-08-05,2017-08-08,NZ-18565,1554,9,151.056,7.5528,0.2,2017,8,False
US-2014-165589,2014-02-18,2014-02-18,TB-21595,483,5,25.16,-11.322,0.6,2014,2,False
US-2016-132577,2016-11-22,2016-11-27,JE-15475,1635,6,6.216,-9.6348,0.8,2016,11,False
US-2016-132577,2016-11-22,2016-11-27,JE-15475,1157,9,23.616,2.6568,0.2,2016,11,False
US-2016-132577,2016-11-22,2016-11-27,JE-15475,959,2,24.032,-0.6008,0.2,2016,11,False
US-2016-132577,2016-11-22,2016-11-27,JE-15475,202,1,2.088,0.6786,0.2,2016,11,False
US-2016-132577,2016-11-22,2016-11-27,JE-15475,83,6,4.488,-6.732,0.8,2016,11,False
CA-2015-114048,2015-12-14,2015-12-18,EH-13945,1497,3,29.22,12.8568,0.0,2015,12,False
CA-2015-137281,2015-06-13,2015-06-17,BF-10975,1797,1,6.48,3.1104,0.0,2015,6,False
US-2017-162068,2017-12-28,2017-12-31,PC-18745,266,2,1.188,-0.99,0.7,2017,12,False
CA-2017-100111,2017-09-20,2017-09-26,SV-20365,856,3,272.646,18.1764,0.1,2017,9,False
CA-2017-100111,2017-09-20,2017-09-26,SV-20365,1027,2,212.8,95.76,0.0,2017,9,False
CA-2017-100111,2017-09-20,2017-09-26,SV-20365,1523,9,38.52,18.1044,0.0,2017,9,False
CA-2017-100111,2017-09-20,2017-09-26,SV-20365,1401,2,72.64,21.792,0.0,2017,9,False
CA-2017-100111,2017-09-20,2017-09-26,SV-20365,1449,4,45.4,12.712,0.0,2017,9,False
CA-2017-100111,2017-09-20,2017-09-26,SV-20365,105,2,13.76,6.3296,0.0,2017,9,False
CA-2017-100111,2017-09-20,2017-09-26,SV-20365,760,1,80.991,8.0991,0.1,2017,9,False
CA-2017-100111,2017-09-20,2017-09-26,SV-20365,1305,3,11.784,3.9771,0.2,2017,9,False
CA-2017-100111,2017-09-20,2017-09-26,SV-20365,122,2,4.36,1.7876,0.0,2017,9,False
CA-2017-100111,2017-09-20,2017-09-26,SV-20365,831,11,2888.127,609.7157,0.1,2017,9,True
CA-2017-100111,2017-09-20,2017-09-26,SV-20365,155,2,1299.66,350.9082,0.0,2017,9,True
CA-2017-100111,2017-09-20,2017-09-26,SV-20365,769,5,2254.41,375.735,0.1,2017,9,True
CA-2017-100111,2017-09-20,2017-09-26,SV-20365,1271,3,104.85,28.3095,0.0,2017,9,False
CA-2017-100111,2017-09-20,2017-09-26,SV-20365,1023,3,59.97,20.3898,0.0,2017,9,False
US-2017-132381,2017-08-22,2017-08-24,Dp-13240,319,2,314.532,-83.8752,0.4,2017,8,False
CA-2015-147011,2015-06-18,2015-06-22,HR-14830,527,4,13.632,3.5784,0.2,2015,6,False
CA-2014-120852,2014-12-20,2014-12-25,WB-21850,310,2,19.432,-49.5516,0.8,2014,12,False
CA-2014-120852,2014-12-20,2014-12-25,WB-21850,996,5,65.44,-8.18,0.2,2014,12,False
CA-2016-150007,2016-09-11,2016-09-16,AS-10090,1454,2,6.0,2.1,0.2,2016,9,False
CA-2016-150007,2016-09-11,2016-09-16,AS-10090,924,3,1.908,-3.2436,0.8,2016,9,False
CA-2016-124590,2016-11-12,2016-11-16,SP-20920,761,7,1474.802,-21.0686,0.3,2016,11,True
CA-2016-124590,2016-11-12,2016-11-16,SP-20920,822,2,110.096,33.0288,0.2,2016,11,False
CA-2016-124590,2016-11-12,2016-11-16,SP-20920,1196,6,16.752,5.4444,0.2,2016,11,False
CA-2016-124590,2016-11-12,2016-11-16,SP-20920,839,9,1537.074,0.0,0.3,2016,11,True
CA-2016-124590,2016-11-12,2016-11-16,SP-20920,832,2,449.372,-12.8392,0.3,2016,11,False
CA-2016-133802,2016-03-14,2016-03-20,SP-20650,1637,6,41.904,14.1426,0.2,2016,3,False
US-2016-113677,2016-11-13,2016-11-19,CM-12655,1835,4,2279.96,592.7896,0.0,2016,11,True
US-2016-113677,2016-11-13,2016-11-19,CM-12655,207,3,14.94,6.8724,0.0,2016,11,False
CA-2017-143378,2017-09-19,2017-09-25,JR-16210,1096,3,191.976,19.1976,0.2,2017,9,False
CA-2017-143378,2017-09-19,2017-09-25,JR-16210,1251,3,23.832,6.5538,0.2,2017,9,False
CA-2017-143378,2017-09-19,2017-09-25,JR-16210,882,8,409.216,61.3824,0.2,2017,9,False
CA-2017-143378,2017-09-19,2017-09-25,JR-16210,1183,2,72.588,-128.2388,0.7,2017,9,False
CA-2017-152660,2017-12-04,2017-12-09,CB-12415,124,2,61.568,4.6176,0.2,2017,12,False
CA-2015-142139,2015-08-31,2015-09-05,SD-20485,1079,4,20.96,6.812,0.2,2015,8,False
CA-2017-145772,2017-06-03,2017-06-07,SS-20140,960,5,44.75,8.5025,0.0,2017,6,False
CA-2017-145772,2017-06-03,2017-06-07,SS-20140,1735,2,11.96,5.382,0.0,2017,6,False
CA-2017-145772,2017-06-03,2017-06-07,SS-20140,1588,1,3.912,1.2714,0.2,2017,6,False
CA-2016-124100,2016-03-31,2016-04-06,EH-13990,771,6,327.996,54.666,0.1,2016,3,False
US-2014-158400,2014-10-25,2014-10-28,AH-10030,715,4,49.408,18.528,0.2,2014,10,False
CA-2017-162033,2017-03-26,2017-04-02,EM-14200,1069,3,53.25,20.7675,0.0,2017,3,False
CA-2017-162033,2017-03-26,2017-04-02,EM-14200,1499,2,3.76,1.316,0.0,2017,3,False
CA-2014-163447,2014-12-27,2014-12-31,TB-21190,764,14,767.214,161.9674,0.1,2014,12,True
CA-2017-145737,2017-09-15,2017-09-20,AB-10165,1676,5,163.96,59.4355,0.2,2017,9,False
CA-2016-148096,2016-08-16,2016-08-19,AO-10810,288,2,161.28,12.096,0.2,2016,8,False
CA-2016-146766,2016-11-04,2016-11-04,TT-21220,359,4,192.8,55.912,0.0,2016,11,False
CA-2015-105613,2015-10-18,2015-10-22,KN-16705,1600,3,27.696,3.462,0.2,2015,10,False
CA-2015-105613,2015-10-18,2015-10-22,KN-16705,1574,6,73.164,-186.5682,0.8,2015,10,False
US-2016-142251,2016-10-31,2016-11-04,FO-14305,1681,6,32.064,11.2224,0.2,2016,10,False
CA-2014-131247,2014-03-30,2014-04-04,GA-14725,1188,2,205.666,-12.098,0.15,2014,3,False
US-2015-113593,2015-04-18,2015-04-20,NC-18415,124,3,115.44,30.0144,0.0,2015,4,False
CA-2017-121083,2017-07-09,2017-07-15,JF-15190,1699,5,274.8,134.652,0.0,2017,7,False
CA-2017-121083,2017-07-09,2017-07-15,JF-15190,1552,4,195.64,3.9128,0.0,2017,7,False
CA-2017-121083,2017-07-09,2017-07-15,JF-15190,524,2,257.98,74.8142,0.0,2017,7,False
CA-2017-121083,2017-07-09,2017-07-15,JF-15190,1311,6,119.04,48.8064,0.0,2017,7,False
CA-2017-151190,2017-06-27,2017-07-01,GT-14710,1651,3,20.07,9.2322,0.0,2017,6,False
CA-2014-133543,2014-12-22,2014-12-26,KM-16660,1140,4,11.76,3.1752,0.0,2014,12,False
CA-2017-105130,2017-11-21,2017-11-25,PJ-18835,1140,4,11.76,3.1752,0.0,2017,11,False
CA-2017-105130,2017-11-21,2017-11-25,PJ-18835,406,2,40.736,14.7668,0.2,2017,11,False
CA-2016-161928,2016-06-27,2016-06-29,AC-10660,1220,2,201.584,12.599,0.2,2016,6,False
CA-2017-101322,2017-12-28,2017-12-31,JG-15310,1174,6,340.704,-34.0704,0.2,2017,12,False
US-2016-106600,2016-04-08,2016-04-11,RM-19375,844,5,354.9,88.725,0.0,2016,4,False
CA-2014-111871,2014-03-18,2014-03-21,EK-13795,383,10,1198.33,70.49,0.15,2014,3,True
CA-2017-139437,2017-07-03,2017-07-08,RD-19585,1352,4,87.92,0.8792,0.0,2017,7,False
CA-2017-151484,2017-04-20,2017-04-23,CV-12805,465,2,51.968,10.3936,0.2,2017,4,False
CA-2017-151484,2017-04-20,2017-04-23,CV-12805,1466,3,51.336,5.7753,0.2,2017,4,False
CA-2017-151484,2017-04-20,2017-04-23,CV-12805,520,1,332.704,33.2704,0.2,2017,4,False
CA-2017-151484,2017-04-20,2017-04-23,CV-12805,616,3,42.408,9.5418,0.2,2017,4,False
CA-2016-104150,2016-08-03,2016-08-05,AG-10330,1581,3,81.54,38.3238,0.0,2016,8,False
CA-2016-104150,2016-08-03,2016-08-05,AG-10330,1464,12,167.28,23.4192,0.0,2016,8,False
CA-2016-161025,2016-12-03,2016-12-09,GM-14440,657,4,772.68,108.1752,0.0,2016,12,True
CA-2014-103989,2014-03-19,2014-03-21,MC-17605,430,3,323.976,28.3479,0.2,2014,3,False
CA-2014-103989,2014-03-19,2014-03-21,MC-17605,211,4,11.808,3.9852,0.2,2014,3,False
CA-2014-103989,2014-03-19,2014-03-21,MC-17605,472,3,26.16,1.962,0.2,2014,3,False
CA-2014-103989,2014-03-19,2014-03-21,MC-17605,243,5,33.57,-25.737,0.7,2014,3,False
CA-2014-103989,2014-03-19,2014-03-21,MC-17605,591,3,4.992,1.3728,0.2,2014,3,False
CA-2014-103989,2014-03-19,2014-03-21,MC-17605,533,3,20.016,5.5044,0.2,2014,3,False
CA-2014-103989,2014-03-19,2014-03-21,MC-17605,1027,2,170.24,53.2,0.2,2014,3,False
CA-2015-142433,2015-04-20,2015-04-25,ES-14020,1701,3,117.456,44.046,0.2,2015,4,False
CA-2015-132815,2015-09-19,2015-09-22,RW-19540,1259,2,22.96,11.2504,0.0,2015,9,False
CA-2014-101266,2014-08-27,2014-08-30,MM-17920,1681,2,13.36,6.4128,0.0,2014,8,False
CA-2016-141523,2016-12-19,2016-12-24,MH-17440,692,3,34.248,11.5587,0.2,2016,12,False
CA-2016-141523,2016-12-19,2016-12-24,MH-17440,1133,2,3.52,1.0208,0.0,2016,12,False
US-2014-106299,2014-08-02,2014-08-08,NZ-18565,1623,5,26.7,12.549,0.0,2014,8,False
US-2014-106299,2014-08-02,2014-08-08,NZ-18565,1072,2,21.2,9.116,0.0,2014,8,False
US-2014-106299,2014-08-02,2014-08-08,NZ-18565,1453,2,838.38,226.3626,0.0,2014,8,True
CA-2015-158421,2015-09-21,2015-09-26,GB-14575,739,4,1690.04,422.51,0.0,2015,9,True
CA-2015-158421,2015-09-21,2015-09-26,GB-14575,1333,7,85.96,24.0688,0.0,2015,9,False
CA-2015-158421,2015-09-21,2015-09-26,GB-14575,1582,2,121.96,57.3212,0.0,2015,9,False
CA-2015-158421,2015-09-21,2015-09-26,GB-14575,1716,4,23.92,11.7208,0.0,2015,9,False
CA-2015-158421,2015-09-21,2015-09-26,GB-14575,635,2,63.96,6.396,0.0,2015,9,False
CA-2015-158421,2015-09-21,2015-09-26,GB-14575,793,5,629.95,176.386,0.0,2015,9,True
CA-2015-158421,2015-09-21,2015-09-26,GB-14575,777,3,113.73,32.9817,0.0,2015,9,False
CA-2015-158421,2015-09-21,2015-09-26,GB-14575,146,2,14.6,6.862,0.0,2015,9,False
CA-2015-158421,2015-09-21,2015-09-26,GB-14575,1518,8,887.84,17.7568,0.0,2015,9,True
CA-2016-143609,2016-12-11,2016-12-13,DB-13270,752,5,403.92,25.245,0.2,2016,12,False
CA-2015-138331,2015-08-07,2015-08-12,JK-15625,1492,10,106.8,10.68,0.2,2015,8,False
CA-2015-138954,2015-11-15,2015-11-17,MH-17785,580,3,70.95,20.5755,0.0,2015,11,False
CA-2015-138954,2015-11-15,2015-11-17,MH-17785,411,6,34.944,11.7936,0.2,2015,11,False
CA-2015-138954,2015-11-15,2015-11-17,MH-17785,1125,6,119.04,35.712,0.0,2015,11,False
CA-2017-157903,2017-04-04,2017-04-08,AM-10705,437,4,383.84,47.98,0.2,2017,4,False
CA-2016-157259,2016-12-24,2016-12-28,JM-15535,1033,9,799.56,207.8856,0.0,2016,12,True
CA-2017-107986,2017-12-13,2017-12-13,MW-18220,1505,3,31.44,8.4888,0.0,2017,12,False
CA-2017-104927,2017-12-22,2017-12-26,AG-10330,1718,5,25.92,9.072,0.2,2017,12,False
CA-2017-104927,2017-12-22,2017-12-26,AG-10330,408,5,6.33,-9.8115,0.8,2017,12,False
CA-2017-104927,2017-12-22,2017-12-26,AG-10330,1669,5,75.88,26.558,0.2,2017,12,False
CA-2017-113453,2017-10-21,2017-10-28,CM-12160,1093,2,329.988,-76.9972,0.4,2017,10,False
CA-2017-113453,2017-10-21,2017-10-28,CM-12160,69,3,71.376,-4.461,0.2,2017,10,False
CA-2015-149909,2015-11-13,2015-11-17,RA-19915,341,7,63.77,28.6965,0.0,2015,11,False
CA-2015-149909,2015-11-13,2015-11-17,RA-19915,1480,3,50.97,13.2522,0.0,2015,11,False
CA-2015-149909,2015-11-13,2015-11-17,RA-19915,1695,2,96.08,46.1184,0.0,2015,11,False
CA-2015-146675,2015-04-16,2015-04-20,SB-20185,403,4,1439.968,485.9892,0.2,2015,4,True
CA-2015-146675,2015-04-16,2015-04-20,SB-20185,1008,3,43.56,-4.9005,0.2,2015,4,False
CA-2016-118332,2016-12-16,2016-12-23,PK-19075,1202,5,563.92,7.049,0.2,2016,12,True
CA-2016-133669,2016-10-21,2016-10-27,SV-20935,1238,8,235.152,-47.0304,0.4,2016,10,False
CA-2017-145660,2017-12-01,2017-12-03,MG-17650,1039,2,7.712,1.7352,0.2,2017,12,False
CA-2016-133697,2016-10-20,2016-10-24,CM-12445,341,7,51.016,15.9425,0.2,2016,10,False
CA-2016-133697,2016-10-20,2016-10-24,CM-12445,1499,4,25.248,7.89,0.2,2016,10,False
CA-2016-133697,2016-10-20,2016-10-24,CM-12445,1207,1,56.686,-14.5764,0.3,2016,10,False
CA-2017-148138,2017-09-29,2017-10-03,ME-18010,635,2,51.168,-6.396,0.2,2017,9,False
CA-2017-119809,2017-08-18,2017-08-25,YS-21880,649,9,2793.528,942.8157,0.2,2017,8,True
CA-2017-119809,2017-08-18,2017-08-25,YS-21880,979,7,1000.02,290.0058,0.0,2017,8,True
CA-2017-119809,2017-08-18,2017-08-25,YS-21880,470,3,65.94,22.4196,0.0,2017,8,False
CA-2017-149944,2017-11-12,2017-11-16,MB-17305,1499,3,18.24,9.12,0.0,2017,11,False
CA-2017-149944,2017-11-12,2017-11-16,MB-17305,662,2,76.12,22.0748,0.0,2017,11,False
CA-2014-128538,2014-10-11,2014-10-15,AS-10240,5,1,7.64,3.7436,0.0,2014,10,False
CA-2015-161711,2015-11-28,2015-12-03,MC-17425,623,3,68.16,27.9456,0.0,2015,11,False
CA-2015-161711,2015-11-28,2015-12-03,MC-17425,1493,8,62.24,29.2528,0.0,2015,11,False
US-2015-129553,2015-07-27,2015-08-02,PG-18820,1064,3,29.97,0.2997,0.0,2015,7,False
CA-2016-160220,2016-10-20,2016-10-26,JS-16030,1845,6,125.7,35.196,0.0,2016,10,False
CA-2016-160220,2016-10-20,2016-10-26,JS-16030,1314,2,191.98,51.8346,0.0,2016,10,False
CA-2016-160220,2016-10-20,2016-10-26,JS-16030,1658,7,20.86,1.4602,0.0,2016,10,False
US-2017-157224,2017-09-14,2017-09-18,JB-16000,186,9,56.7,26.082,0.0,2017,9,False
CA-2017-140627,2017-12-23,2017-12-27,DK-12985,623,4,72.704,19.0848,0.2,2017,12,False
CA-2017-140627,2017-12-23,2017-12-27,DK-12985,1252,7,12.264,1.0731,0.2,2017,12,False
CA-2017-140627,2017-12-23,2017-12-27,DK-12985,1382,3,218.352,-54.588,0.2,2017,12,False
CA-2015-133445,2015-10-05,2015-10-09,JF-15490,381,1,66.294,-103.8606,0.7,2015,10,False
CA-2015-133445,2015-10-05,2015-10-09,JF-15490,755,4,291.168,-14.5584,0.2,2015,10,False
CA-2014-148782,2014-11-02,2014-11-07,PO-18850,994,3,88.776,7.7679,0.2,2014,11,False
CA-2016-148208,2016-01-22,2016-01-27,BT-11530,1244,4,110.376,-20.2356,0.4,2016,1,False
CA-2016-148208,2016-01-22,2016-01-27,BT-11530,1598,3,55.176,15.8631,0.2,2016,1,False
CA-2017-127656,2017-07-11,2017-07-17,NW-18400,1500,4,30.32,11.8248,0.0,2017,7,False
US-2017-142188,2017-09-11,2017-09-11,JF-15415,1203,2,177.568,8.8784,0.2,2017,9,False
US-2017-142188,2017-09-11,2017-09-11,JF-15415,1822,3,19.44,9.3312,0.0,2017,9,False
US-2017-142188,2017-09-11,2017-09-11,JF-15415,1677,11,71.28,34.2144,0.0,2017,9,False
US-2017-142188,2017-09-11,2017-09-11,JF-15415,897,5,1471.96,459.9875,0.2,2017,9,True
US-2017-142188,2017-09-11,2017-09-11,JF-15415,1847,5,79.96,-17.991,0.2,2017,9,False
CA-2016-144400,2016-02-23,2016-02-27,AC-10420,1335,3,57.576,21.591,0.2,2016,2,False
US-2016-155180,2016-01-22,2016-01-29,TB-21280,1643,4,26.336,9.2176,0.2,2016,1,False
CA-2015-134075,2015-12-12,2015-12-16,HA-14905,557,3,166.5,21.645,0.0,2015,12,False
CA-2015-134075,2015-12-12,2015-12-16,HA-14905,1490,2,360.38,93.6988,0.0,2015,12,False
US-2016-131912,2016-10-29,2016-11-01,LH-17155,1836,1,11.744,3.8168,0.2,2016,10,False
CA-2017-141572,2017-05-28,2017-05-31,LO-17170,116,8,247.44,101.4504,0.0,2017,5,False
CA-2014-134621,2014-12-21,2014-12-28,DP-13390,899,2,18.24,-14.592,0.7,2014,12,False
CA-2016-165561,2016-11-24,2016-11-28,CR-12580,597,3,25.35,7.605,0.0,2016,11,False
CA-2015-112305,2015-11-20,2015-11-25,KB-16405,1142,6,119.04,30.9504,0.0,2015,11,False
CA-2015-112305,2015-11-20,2015-11-25,KB-16405,569,3,22.14,6.4206,0.0,2015,11,False
CA-2015-112305,2015-11-20,2015-11-25,KB-16405,137,2,13.98,6.0114,0.0,2015,11,False
CA-2017-121580,2017-05-29,2017-06-04,ML-17410,1419,1,43.41,19.9686,0.0,2017,5,False
CA-2017-121580,2017-05-29,2017-06-04,ML-17410,591,3,6.24,2.6208,0.0,2017,5,False
CA-2017-121580,2017-05-29,2017-06-04,ML-17410,863,2,465.16,120.9416,0.0,2017,5,False
CA-2017-121580,2017-05-29,2017-06-04,ML-17410,109,1,7.98,3.99,0.0,2017,5,False
CA-2014-101147,2014-12-02,2014-12-04,MC-17575,1494,1,2.394,-6.3441,0.8,2014,12,False
CA-2014-165806,2014-04-07,2014-04-07,VM-21685,1823,9,58.32,27.9936,0.0,2014,4,False
CA-2014-165806,2014-04-07,2014-04-07,VM-21685,1324,3,200.97,50.2425,0.0,2014,4,False
CA-2015-151624,2015-09-08,2015-09-14,VW-21775,103,8,21.36,8.1168,0.0,2015,9,False
CA-2017-139444,2017-09-09,2017-09-15,GK-14620,221,4,9.856,3.4496,0.2,2017,9,False
CA-2015-133977,2015-09-06,2015-09-08,AT-10435,696,1,3.444,-2.5256,0.7,2015,9,False
CA-2017-141425,2017-11-02,2017-11-06,AR-10825,1299,2,384.592,-81.7258,0.2,2017,11,False
CA-2015-133536,2015-03-28,2015-03-30,JH-15820,1431,3,22.92,11.2308,0.0,2015,3,False
CA-2015-150441,2015-08-13,2015-08-17,RA-19285,267,4,11.36,5.5664,0.0,2015,8,False
CA-2015-162607,2015-05-12,2015-05-18,RO-19780,1310,3,14.592,4.9248,0.2,2015,5,False
CA-2017-103506,2017-07-23,2017-07-27,LR-17035,232,4,41.4,19.872,0.0,2017,7,False
CA-2016-132479,2016-09-24,2016-09-26,MK-17905,702,7,442.372,-729.9138,0.8,2016,9,False
CA-2017-160724,2017-05-05,2017-05-10,YS-21880,893,3,34.5,15.525,0.0,2017,5,False
US-2016-115952,2016-10-06,2016-10-06,JH-15910,235,5,28.85,14.425,0.0,2016,10,False
CA-2014-146731,2014-11-03,2014-11-08,AT-10735,141,2,3.488,1.1772,0.2,2014,11,False
CA-2014-146731,2014-11-03,2014-11-08,AT-10735,1666,9,143.856,48.5514,0.2,2014,11,False
CA-2015-115392,2015-10-01,2015-10-04,RM-19675,439,2,311.98,93.594,0.0,2015,10,False
CA-2015-115392,2015-10-01,2015-10-04,RM-19675,259,5,22.45,10.327,0.0,2015,10,False
CA-2017-102379,2017-12-02,2017-12-06,BB-11545,150,1,39.992,-7.9984,0.2,2017,12,False
CA-2017-102379,2017-12-02,2017-12-06,BB-11545,1209,9,1159.056,43.4646,0.2,2017,12,True
CA-2017-102379,2017-12-02,2017-12-06,BB-11545,1231,5,179.9,44.975,0.0,2017,12,False
CA-2017-149706,2017-12-11,2017-12-12,AS-10285,601,7,116.312,23.2624,0.2,2017,12,False
US-2016-139087,2016-07-17,2016-07-22,DK-13375,575,3,12.42,4.4712,0.0,2016,7,False
US-2016-139087,2016-07-17,2016-07-22,DK-13375,667,3,428.4,89.964,0.0,2016,7,False
US-2016-139087,2016-07-17,2016-07-22,DK-13375,550,5,24.75,10.89,0.0,2016,7,False
US-2016-139087,2016-07-17,2016-07-22,DK-13375,1358,7,87.71,41.2237,0.0,2016,7,False
US-2016-139087,2016-07-17,2016-07-22,DK-13375,824,2,69.52,17.38,0.0,2016,7,False
US-2016-139087,2016-07-17,2016-07-22,DK-13375,478,2,20.784,-4.6764,0.2,2016,7,False
US-2016-139087,2016-07-17,2016-07-22,DK-13375,1306,3,12.816,4.1652,0.2,2016,7,False
CA-2017-152226,2017-05-12,2017-05-16,JH-15910,211,2,5.904,1.9926,0.2,2017,5,False
CA-2015-116484,2015-11-20,2015-11-26,JK-15205,1584,2,63.824,9.5736,0.2,2015,11,False
CA-2015-116484,2015-11-20,2015-11-26,JK-15205,290,3,141.552,-26.541,0.2,2015,11,False
CA-2016-100944,2016-09-24,2016-09-28,EH-13765,1582,5,304.9,143.303,0.0,2016,9,False
CA-2016-100944,2016-09-24,2016-09-28,EH-13765,851,5,563.24,56.324,0.2,2016,9,True
CA-2016-125080,2016-10-21,2016-10-26,VW-21775,424,2,661.176,-231.4116,0.4,2016,10,True
CA-2016-121020,2016-10-24,2016-10-31,CG-12040,156,3,239.976,17.9982,0.2,2016,10,False
CA-2014-100090,2014-07-08,2014-07-12,EB-13705,826,3,502.488,-87.9354,0.2,2014,7,True
CA-2014-100090,2014-07-08,2014-07-12,EB-13705,1638,6,196.704,68.8464,0.2,2014,7,False
US-2015-139675,2015-03-13,2015-03-18,NF-18595,743,4,915.136,102.9528,0.2,2015,3,True
US-2015-139675,2015-03-13,2015-03-18,NF-18595,503,8,327.76,91.7728,0.0,2015,3,False
CA-2017-143756,2017-12-02,2017-12-05,ME-17725,1210,2,701.96,168.4704,0.0,2017,12,True
CA-2015-151253,2015-04-22,2015-04-26,AZ-10750,994,3,88.776,7.7679,0.2,2015,4,False
CA-2015-151253,2015-04-22,2015-04-26,AZ-10750,353,3,64.14,16.6764,0.0,2015,4,False
CA-2014-141152,2014-09-16,2014-09-19,RF-19345,269,1,33.552,12.582,0.2,2014,9,False
CA-2014-141313,2014-12-28,2015-01-01,AJ-10780,870,6,1737.18,503.7822,0.0,2014,12,True
CA-2014-141313,2014-12-28,2015-01-01,AJ-10780,659,5,704.25,84.51,0.0,2014,12,True
CA-2014-141313,2014-12-28,2015-01-01,AJ-10780,1690,4,141.76,66.6272,0.0,2014,12,False
CA-2014-169852,2014-10-21,2014-10-26,SF-20965,1280,3,36.36,12.2715,0.2,2014,10,False
CA-2017-107314,2017-11-30,2017-12-03,MZ-17335,467,3,25.83,9.5571,0.0,2017,11,False
US-2014-161305,2014-06-06,2014-06-12,SB-20170,270,3,24.588,-38.1114,0.8,2014,6,False
US-2014-161305,2014-06-06,2014-06-12,SB-20170,4,2,13.984,4.7196,0.2,2014,6,False
CA-2017-166919,2017-11-23,2017-11-27,AH-10210,1238,5,195.96,19.596,0.2,2017,11,False
CA-2017-162712,2017-06-18,2017-06-20,NK-18490,1711,3,74.352,23.235,0.2,2017,6,False
CA-2017-107552,2017-05-05,2017-05-05,AI-10855,1709,1,6.68,3.2064,0.0,2017,5,False
CA-2016-163328,2016-11-04,2016-11-06,TP-21565,1438,7,17.584,-4.1762,0.2,2016,11,False
CA-2016-163328,2016-11-04,2016-11-06,TP-21565,1205,1,104.784,-14.4078,0.2,2016,11,False
CA-2016-163328,2016-11-04,2016-11-06,TP-21565,1472,3,47.952,16.7832,0.2,2016,11,False
CA-2016-163328,2016-11-04,2016-11-06,TP-21565,748,3,650.352,-97.5528,0.2,2016,11,True
CA-2016-163328,2016-11-04,2016-11-06,TP-21565,534,8,629.184,228.0792,0.2,2016,11,True
CA-2016-163328,2016-11-04,2016-11-06,TP-21565,1669,1,15.176,5.3116,0.2,2016,11,False
CA-2014-112837,2014-09-11,2014-09-16,LW-17125,511,3,127.95,21.7515,0.0,2014,9,False
CA-2017-120019,2017-02-16,2017-02-21,NG-18355,657,3,579.51,81.1314,0.0,2017,2,True
CA-2017-120019,2017-02-16,2017-02-21,NG-18355,312,1,14.99,7.3451,0.0,2017,2,False
CA-2014-100762,2014-11-24,2014-11-29,NG-18355,888,4,151.92,45.576,0.0,2014,11,False
CA-2014-100762,2014-11-24,2014-11-29,NG-18355,534,2,196.62,96.3438,0.0,2014,11,False
CA-2014-100762,2014-11-24,2014-11-29,NG-18355,1667,3,144.12,69.1776,0.0,2014,11,False
CA-2014-100762,2014-11-24,2014-11-29,NG-18355,109,2,15.96,7.98,0.0,2014,11,False
CA-2017-161459,2017-11-25,2017-11-29,EB-13750,1247,5,39.96,3.4965,0.2,2017,11,False
CA-2017-161459,2017-11-25,2017-11-29,EB-13750,107,6,34.08,15.336,0.0,2017,11,False
CA-2017-160017,2017-09-28,2017-10-02,SP-20860,1817,2,10.368,3.6288,0.2,2017,9,False
CA-2014-123316,2014-10-13,2014-10-17,SP-20545,1337,3,7.752,2.8101,0.2,2014,10,False
CA-2014-141299,2014-06-03,2014-06-07,RB-19795,1431,2,15.28,7.4872,0.0,2014,6,False
CA-2014-104402,2014-06-17,2014-06-23,DB-13660,1564,3,65.97,31.0059,0.0,2014,6,False
CA-2015-110289,2015-10-29,2015-11-02,NB-18655,1681,5,33.4,16.032,0.0,2015,10,False
CA-2015-110289,2015-10-29,2015-11-02,NB-18655,1514,4,210.84,103.3116,0.0,2015,10,False
CA-2014-167927,2014-01-20,2014-01-26,XP-21865,573,1,13.98,4.0542,0.0,2014,1,False
CA-2014-167927,2014-01-20,2014-01-26,XP-21865,559,3,272.94,30.0234,0.0,2014,1,False
CA-2014-167927,2014-01-20,2014-01-26,XP-21865,75,5,19.05,8.9535,0.0,2014,1,False
CA-2014-167927,2014-01-20,2014-01-26,XP-21865,822,4,247.716,93.5816,0.1,2014,1,False
CA-2014-167927,2014-01-20,2014-01-26,XP-21865,636,2,66.58,15.9792,0.0,2014,1,False
CA-2014-167927,2014-01-20,2014-01-26,XP-21865,1232,3,43.92,12.7368,0.0,2014,1,False
CA-2014-167927,2014-01-20,2014-01-26,XP-21865,1587,3,14.73,4.8609,0.0,2014,1,False
CA-2014-167927,2014-01-20,2014-01-26,XP-21865,1511,5,29.7,13.365,0.0,2014,1,False
CA-2014-133305,2014-07-11,2014-07-15,MH-17455,1663,4,49.12,23.0864,0.0,2014,7,False
CA-2014-133305,2014-07-11,2014-07-15,MH-17455,1111,5,18.28,6.398,0.2,2014,7,False
CA-2016-165995,2016-08-30,2016-09-06,BG-11740,615,4,47.04,15.9936,0.0,2016,8,False
CA-2016-165995,2016-08-30,2016-09-06,BG-11740,1240,5,339.96,42.495,0.2,2016,8,False
CA-2017-143112,2017-10-05,2017-10-09,TS-21370,1395,4,87.8,43.9,0.0,2017,10,False
CA-2017-143112,2017-10-05,2017-10-09,TS-21370,754,2,221.382,2.4598,0.1,2017,10,False
CA-2017-143112,2017-10-05,2017-10-09,TS-21370,19,4,5199.96,1351.9896,0.0,2017,10,True
US-2017-105830,2016-12-31,2017-01-02,DB-13660,1552,4,156.512,-35.2152,0.2,2016,12,False
CA-2015-146255,2015-03-07,2015-03-10,EM-14140,1089,3,119.85,52.734,0.0,2015,3,False
CA-2015-146255,2015-03-07,2015-03-10,EM-14140,714,2,30.44,14.9156,0.0,2015,3,False
CA-2015-146255,2015-03-07,2015-03-10,EM-14140,1634,2,69.28,33.2544,0.0,2015,3,False
CA-2015-146255,2015-03-07,2015-03-10,EM-14140,971,3,587.97,170.5113,0.0,2015,3,True
CA-2017-104822,2017-10-20,2017-10-20,RB-19465,184,5,24.55,12.0295,0.0,2017,10,False
CA-2015-104486,2015-05-01,2015-05-06,PO-18850,714,1,12.176,4.4138,0.2,2015,5,False
CA-2015-104486,2015-05-01,2015-05-06,PO-18850,588,3,37.32,10.4496,0.0,2015,5,False
CA-2015-104486,2015-05-01,2015-05-06,PO-18850,84,2,35.06,10.518,0.0,2015,5,False
CA-2017-161557,2017-09-03,2017-09-08,AG-10900,554,5,108.4,-105.69,0.6,2017,9,False
CA-2017-161130,2017-11-03,2017-11-08,BF-11275,1287,2,361.376,27.1032,0.2,2017,11,False
US-2015-161347,2015-09-13,2015-09-19,HG-14845,663,1,2.412,-2.01,0.7,2015,9,False
US-2015-109015,2015-09-06,2015-09-12,BS-11590,338,1,8.39,2.0975,0.0,2015,9,False
US-2015-109015,2015-09-06,2015-09-12,BS-11590,1448,2,337.98,101.394,0.0,2015,9,False
CA-2014-110611,2014-10-06,2014-10-13,JD-16015,1553,5,83.92,-13.637,0.2,2014,10,False
CA-2017-139080,2017-01-23,2017-01-28,CS-12250,1308,5,19.68,6.888,0.2,2017,1,False
CA-2017-139080,2017-01-23,2017-01-28,CS-12250,1808,4,25.92,12.4416,0.0,2017,1,False
CA-2017-139080,2017-01-23,2017-01-28,CS-12250,1705,1,6.48,3.1104,0.0,2017,1,False
CA-2017-139080,2017-01-23,2017-01-28,CS-12250,782,6,86.352,8.6352,0.2,2017,1,False
CA-2015-115693,2015-12-10,2015-12-15,FC-14245,358,2,56.3,15.764,0.0,2015,12,False
US-2014-107993,2014-11-25,2014-11-30,SE-20110,528,7,51.016,8.2901,0.2,2014,11,False
CA-2017-110443,2017-11-21,2017-11-25,CK-12205,1602,5,150.8,56.55,0.2,2017,11,False
CA-2017-110443,2017-11-21,2017-11-25,CK-12205,20,1,1039.992,103.9992,0.2,2017,11,True
CA-2017-110443,2017-11-21,2017-11-25,CK-12205,1804,8,51.84,24.8832,0.0,2017,11,False
CA-2017-144848,2017-04-04,2017-04-05,DS-13030,1233,1,41.22,11.1294,0.0,2017,4,False
CA-2017-144848,2017-04-04,2017-04-05,DS-13030,1299,1,240.37,7.2111,0.0,2017,4,False
CA-2017-144848,2017-04-04,2017-04-05,DS-13030,968,2,119.02,33.3256,0.0,2017,4,False
US-2017-147998,2017-05-19,2017-05-24,SA-20830,713,5,133.12,49.92,0.2,2017,5,False
CA-2016-103919,2016-10-03,2016-10-07,TP-21565,565,5,38.08,-29.512,0.6,2016,10,False
CA-2016-113425,2016-11-21,2016-11-21,JK-16120,846,2,113.568,12.7764,0.2,2016,11,False
CA-2017-143035,2017-10-03,2017-10-05,CC-12430,1040,4,83.92,21.8192,0.0,2017,10,False
CA-2017-143035,2017-10-03,2017-10-05,CC-12430,1318,3,6.63,3.1161,0.0,2017,10,False
CA-2017-143035,2017-10-03,2017-10-05,CC-12430,999,3,371.97,66.9546,0.0,2017,10,False
CA-2014-107811,2014-04-29,2014-05-03,LA-16780,758,2,561.584,70.198,0.2,2014,4,True
CA-2014-107811,2014-04-29,2014-05-03,LA-16780,13,5,99.92,-1.249,0.2,2014,4,False
CA-2016-163216,2016-10-07,2016-10-10,AW-10930,221,2,4.928,1.7248,0.2,2016,10,False
US-2016-116442,2016-12-15,2016-12-22,BP-11230,569,2,14.76,4.2804,0.0,2016,12,False
CA-2017-150623,2017-04-10,2017-04-14,DB-13360,1005,1,99.99,41.9958,0.0,2017,4,False
CA-2017-150623,2017-04-10,2017-04-14,DB-13360,1338,5,286.15,71.5375,0.0,2017,4,False
US-2014-163797,2014-04-08,2014-04-13,PC-19000,133,8,49.792,-11.8256,0.2,2014,4,False
CA-2016-127236,2016-03-29,2016-04-02,TB-21595,378,5,299.975,-167.986,0.5,2016,3,False
CA-2016-127236,2016-03-29,2016-04-02,TB-21595,452,4,158.376,-36.9544,0.4,2016,3,False
US-2017-104661,2017-01-15,2017-01-18,TB-21250,1638,4,32.784,-52.4544,0.8,2017,1,False
US-2017-104661,2017-01-15,2017-01-18,TB-21250,993,2,47.984,14.3952,0.2,2017,1,False
US-2017-104661,2017-01-15,2017-01-18,TB-21250,1057,8,62.592,13.3008,0.2,2017,1,False
US-2017-104661,2017-01-15,2017-01-18,TB-21250,57,1,4.276,-6.6278,0.8,2017,1,False
CA-2014-134103,2014-01-30,2014-02-04,MV-18190,1762,2,10.56,4.752,0.0,2014,1,False
CA-2014-134103,2014-01-30,2014-02-04,MV-18190,1476,2,229.94,6.8982,0.0,2014,1,False
CA-2015-147529,2015-02-07,2015-02-11,DK-12835,395,5,311.15,146.2405,0.0,2015,2,False
CA-2015-147529,2015-02-07,2015-02-11,DK-12835,1746,2,12.96,6.3504,0.0,2015,2,False
CA-2016-129126,2016-12-14,2016-12-19,PK-19075,1515,2,14.62,6.7252,0.0,2016,12,False
CA-2016-129126,2016-12-14,2016-12-19,PK-19075,180,2,5.76,2.8224,0.0,2016,12,False
CA-2016-129126,2016-12-14,2016-12-19,PK-19075,1197,6,21.48,10.5252,0.0,2016,12,False
CA-2016-129126,2016-12-14,2016-12-19,PK-19075,727,4,396.92,198.46,0.0,2016,12,False
CA-2016-129126,2016-12-14,2016-12-19,PK-19075,125,1,17.15,4.6305,0.0,2016,12,False
CA-2016-129126,2016-12-14,2016-12-19,PK-19075,76,2,23.12,7.803,0.2,2016,12,False
CA-2017-131632,2017-10-31,2017-11-04,AH-10120,1160,2,5.248,0.5904,0.2,2017,10,False
CA-2017-151981,2017-08-06,2017-08-12,GM-14455,163,5,824.95,247.485,0.0,2017,8,True
CA-2017-151981,2017-08-06,2017-08-12,GM-14455,188,8,24.64,11.8272,0.0,2017,8,False
CA-2017-151981,2017-08-06,2017-08-12,GM-14455,888,6,227.88,68.364,0.0,2017,8,False
CA-2017-125472,2017-05-30,2017-05-31,BD-11725,1421,2,241.96,33.8744,0.0,2017,5,False
CA-2017-125472,2017-05-30,2017-05-31,BD-11725,234,1,3.89,1.8672,0.0,2017,5,False
CA-2017-125472,2017-05-30,2017-05-31,BD-11725,103,3,8.01,3.0438,0.0,2017,5,False
CA-2015-156328,2015-11-30,2015-12-05,RM-19375,172,3,177.48,19.9665,0.2,2015,11,False
CA-2017-154074,2017-08-31,2017-09-02,BW-11110,833,2,569.568,7.1196,0.2,2017,8,True
CA-2017-154074,2017-08-31,2017-09-02,BW-11110,1466,7,149.73,43.4217,0.0,2017,8,False
CA-2017-161774,2017-05-14,2017-05-15,GT-14710,742,5,899.43,-12.849,0.3,2017,5,True
CA-2017-161774,2017-05-14,2017-05-15,GT-14710,1114,5,46.2,5.775,0.2,2017,5,False
CA-2017-161774,2017-05-14,2017-05-15,GT-14710,1723,3,47.952,16.1838,0.2,2017,5,False
CA-2017-161774,2017-05-14,2017-05-15,GT-14710,1247,1,7.992,0.6993,0.2,2017,5,False
CA-2017-161774,2017-05-14,2017-05-15,GT-14710,1724,2,76.864,26.9024,0.2,2017,5,False
CA-2017-151211,2017-08-17,2017-08-23,AH-10120,701,3,102.93,48.3771,0.0,2017,8,False
CA-2017-151211,2017-08-17,2017-08-23,AH-10120,996,6,98.16,9.816,0.0,2017,8,False
CA-2017-142671,2017-11-10,2017-11-14,DR-12940,718,5,11.52,-7.68,0.7,2017,11,False
CA-2017-144750,2017-08-21,2017-08-21,DL-13495,1729,1,83.88,29.358,0.2,2017,8,False
CA-2016-111976,2016-03-08,2016-03-12,BD-11620,39,4,108.576,-25.3344,0.4,2016,3,False
CA-2016-111976,2016-03-08,2016-03-12,BD-11620,1359,2,5.984,-1.3464,0.2,2016,3,False
CA-2016-140130,2016-10-31,2016-11-05,HW-14935,670,2,21.96,6.1488,0.0,2016,10,False
CA-2016-140130,2016-10-31,2016-11-05,HW-14935,847,3,368.97,81.1734,0.0,2016,10,False
CA-2016-140130,2016-10-31,2016-11-05,HW-14935,1115,3,12.39,3.4692,0.0,2016,10,False
CA-2016-140130,2016-10-31,2016-11-05,HW-14935,419,3,332.94,9.9882,0.0,2016,10,False
CA-2014-159121,2014-07-26,2014-08-01,JO-15145,1070,7,111.93,34.6983,0.0,2014,7,False
CA-2015-149650,2015-10-24,2015-10-27,RD-19660,1172,8,454.272,-73.8192,0.2,2015,10,False
CA-2017-115777,2017-08-19,2017-08-24,DO-13645,1794,3,19.44,9.3312,0.0,2017,8,False
CA-2016-143714,2016-05-23,2016-05-27,CC-12370,404,4,8399.976,1119.9968,0.4,2016,5,True
CA-2016-143714,2016-05-23,2016-05-27,CC-12370,257,1,6.294,-4.196,0.7,2016,5,False
CA-2016-143714,2016-05-23,2016-05-27,CC-12370,1821,2,10.368,3.6288,0.2,2016,5,False
CA-2016-143714,2016-05-23,2016-05-27,CC-12370,173,3,122.382,-24.4764,0.4,2016,5,False
CA-2014-165764,2014-11-03,2014-11-07,SH-20395,71,2,25.984,-1.624,0.2,2014,11,False
CA-2014-165764,2014-11-03,2014-11-07,SH-20395,854,6,945.036,-299.2614,0.4,2014,11,True
CA-2014-165764,2014-11-03,2014-11-07,SH-20395,268,7,14.301,-10.4874,0.7,2014,11,False
CA-2014-165764,2014-11-03,2014-11-07,SH-20395,1534,3,410.352,-51.294,0.2,2014,11,False
CA-2015-121405,2015-03-30,2015-04-04,FC-14335,108,5,23.52,8.526,0.2,2015,3,False
CA-2015-121405,2015-03-30,2015-04-04,FC-14335,39,5,180.96,13.572,0.2,2015,3,False
US-2017-116897,2017-05-27,2017-05-29,JG-15160,551,4,35.0,14.7,0.0,2017,5,False
US-2017-116897,2017-05-27,2017-05-29,JG-15160,658,5,477.15,28.629,0.0,2017,5,False
US-2017-116897,2017-05-27,2017-05-29,JG-15160,1165,3,302.376,22.6782,0.2,2017,5,False
US-2017-113992,2017-12-14,2017-12-19,LC-16885,366,4,974.988,-97.4988,0.3,2017,12,True
CA-2014-166891,2014-10-04,2014-10-06,CC-12220,1205,5,589.41,-6.549,0.1,2014,10,True
CA-2016-101161,2016-10-13,2016-10-20,BW-11110,278,5,34.7,12.492,0.0,2016,10,False
CA-2016-101161,2016-10-13,2016-10-20,BW-11110,636,3,99.87,23.9688,0.0,2016,10,False
CA-2016-101161,2016-10-13,2016-10-20,BW-11110,464,2,37.94,18.2112,0.0,2016,10,False
CA-2016-101161,2016-10-13,2016-10-20,BW-11110,272,5,24.9,11.454,0.0,2016,10,False
CA-2016-101161,2016-10-13,2016-10-20,BW-11110,884,3,82.26,33.7266,0.0,2016,10,False
CA-2015-151785,2015-03-05,2015-03-10,JJ-15445,328,6,7.104,2.4864,0.2,2015,3,False
US-2017-119816,2017-03-04,2017-03-06,TT-21460,881,5,103.5,-77.625,0.6,2017,3,False
US-2017-119816,2017-03-04,2017-03-06,TT-21460,205,1,2.464,0.8624,0.2,2017,3,False
US-2017-119816,2017-03-04,2017-03-06,TT-21460,472,1,8.72,0.654,0.2,2017,3,False
CA-2015-156510,2015-09-25,2015-09-29,EH-13990,68,2,10.76,5.1648,0.0,2015,9,False
CA-2015-156510,2015-09-25,2015-09-29,EH-13990,1833,2,45.68,21.0128,0.0,2015,9,False
CA-2015-156510,2015-09-25,2015-09-29,EH-13990,1579,1,6.7,2.211,0.0,2015,9,False
US-2015-110261,2015-12-19,2015-12-23,PR-18880,1397,3,158.376,13.8579,0.2,2015,12,False
CA-2015-125710,2015-10-08,2015-10-13,BT-11680,333,2,3.44,0.559,0.2,2015,10,False
CA-2017-161102,2017-07-31,2017-08-03,EC-14050,582,2,56.56,15.2712,0.0,2017,7,False
CA-2017-161102,2017-07-31,2017-08-03,EC-14050,1045,7,36.96,11.4576,0.0,2017,7,False
CA-2014-110065,2014-08-05,2014-08-11,SP-20650,1268,1,135.99,36.7173,0.0,2014,8,False
CA-2014-110065,2014-08-05,2014-08-11,SP-20650,335,7,15.96,7.0224,0.0,2014,8,False
US-2017-133361,2017-05-14,2017-05-17,AJ-10780,1193,2,3.76,1.0904,0.0,2017,5,False
US-2017-133361,2017-05-14,2017-05-17,AJ-10780,1296,5,14.7,6.615,0.0,2017,5,False
US-2017-133361,2017-05-14,2017-05-17,AJ-10780,539,5,37.2,9.3,0.0,2017,5,False
US-2017-133361,2017-05-14,2017-05-17,AJ-10780,303,3,89.97,18.8937,0.0,2017,5,False
US-2017-133361,2017-05-14,2017-05-17,AJ-10780,1205,2,261.96,23.5764,0.0,2017,5,False
US-2017-133361,2017-05-14,2017-05-17,AJ-10780,214,5,74.0,37.0,0.0,2017,5,False
US-2016-155404,2016-09-22,2016-09-28,AS-10630,677,2,13.28,6.3744,0.0,2016,9,False
CA-2015-114503,2015-11-13,2015-11-17,AA-10375,1293,6,84.96,6.372,0.2,2015,11,False
CA-2017-153080,2017-05-22,2017-05-25,EH-13945,1057,7,68.46,25.3302,0.0,2017,5,False
CA-2016-163804,2016-12-02,2016-12-08,DB-13270,520,5,2079.4,582.232,0.0,2016,12,True
CA-2016-163804,2016-12-02,2016-12-08,DB-13270,1594,5,629.95,176.386,0.0,2016,12,True
CA-2016-163804,2016-12-02,2016-12-08,DB-13270,552,6,72.42,23.8986,0.0,2016,12,False
CA-2015-108532,2015-08-29,2015-09-02,CC-12100,1397,2,131.98,35.6346,0.0,2015,8,False
CA-2015-108532,2015-08-29,2015-09-02,CC-12100,996,7,114.52,11.452,0.0,2015,8,False
CA-2014-151897,2014-06-06,2014-06-10,VT-21700,1358,10,100.24,33.831,0.2,2014,6,False
CA-2016-113292,2016-03-18,2016-03-20,DB-13060,871,3,871.8,87.18,0.2,2016,3,True
CA-2014-149524,2014-01-14,2014-01-15,BS-11590,1424,4,61.96,-53.2856,0.5,2014,1,False
CA-2017-140872,2017-06-03,2017-06-10,NR-18550,1640,3,4.554,-3.4914,0.7,2017,6,False
CA-2017-140872,2017-06-03,2017-06-10,NR-18550,365,2,5.2,0.585,0.2,2017,6,False
CA-2017-140872,2017-06-03,2017-06-10,NR-18550,1025,1,205.992,-2.5749,0.2,2017,6,False
CA-2017-140872,2017-06-03,2017-06-10,NR-18550,1801,3,15.552,5.4432,0.2,2017,6,False
CA-2017-140872,2017-06-03,2017-06-10,NR-18550,1594,5,503.96,50.396,0.2,2017,6,True
CA-2017-140872,2017-06-03,2017-06-10,NR-18550,609,7,24.472,1.8354,0.2,2017,6,False
CA-2017-140872,2017-06-03,2017-06-10,NR-18550,384,2,241.568,0.0,0.2,2017,6,False
CA-2017-140872,2017-06-03,2017-06-10,NR-18550,1605,2,110.4,-4.14,0.2,2017,6,False
CA-2017-113908,2017-06-03,2017-06-09,KN-16390,423,2,384.768,-115.4304,0.4,2017,6,False
CA-2017-113908,2017-06-03,2017-06-09,KN-16390,806,6,78.66,36.1836,0.0,2017,6,False
CA-2017-113908,2017-06-03,2017-06-09,KN-16390,1661,4,45.36,22.2264,0.0,2017,6,False
CA-2015-120621,2015-03-21,2015-03-26,JW-16075,859,4,962.08,156.338,0.2,2015,3,True
CA-2015-120621,2015-03-21,2015-03-26,JW-16075,692,3,12.843,-9.8463,0.7,2015,3,False
CA-2015-120621,2015-03-21,2015-03-26,JW-16075,1665,14,295.456,96.0232,0.2,2015,3,False
US-2017-148866,2017-09-19,2017-09-24,JM-15535,1825,5,32.4,15.552,0.0,2017,9,False
CA-2014-149594,2014-09-15,2014-09-19,MF-18250,1443,4,103.936,16.8896,0.2,2014,9,False
CA-2016-113845,2016-11-20,2016-11-25,FA-14230,1180,2,289.568,10.8588,0.2,2016,11,False
CA-2016-113845,2016-11-20,2016-11-25,FA-14230,130,5,39.72,4.4685,0.2,2016,11,False
CA-2016-113845,2016-11-20,2016-11-25,FA-14230,778,4,244.768,24.4768,0.2,2016,11,False
CA-2017-111262,2017-10-28,2017-11-01,KH-16510,915,2,24.0,-2.7,0.2,2017,10,False
CA-2017-111262,2017-10-28,2017-11-01,KH-16510,1805,3,15.552,5.4432,0.2,2017,10,False
CA-2017-111262,2017-10-28,2017-11-01,KH-16510,996,2,26.176,-3.272,0.2,2017,10,False
CA-2015-103135,2015-07-24,2015-07-28,SS-20515,570,3,20.94,6.0726,0.0,2015,7,False
CA-2015-103135,2015-07-24,2015-07-28,SS-20515,700,9,135.09,62.1414,0.0,2015,7,False
CA-2015-103135,2015-07-24,2015-07-28,SS-20515,152,14,279.86,64.3678,0.0,2015,7,False
CA-2015-103135,2015-07-24,2015-07-28,SS-20515,700,6,90.06,41.4276,0.0,2015,7,False
CA-2014-129147,2014-11-02,2014-11-06,LC-17050,1285,6,539.964,-107.9928,0.4,2014,11,True
CA-2014-129147,2014-11-02,2014-11-06,LC-17050,890,7,50.232,-10.0464,0.4,2014,11,False
CA-2014-129147,2014-11-02,2014-11-06,LC-17050,57,3,19.242,-13.4694,0.7,2014,11,False
CA-2017-128265,2017-11-17,2017-11-22,VW-21775,520,3,1247.64,349.3392,0.0,2017,11,True
CA-2016-152331,2016-06-26,2016-06-30,LD-16855,1117,3,5.304,0.4641,0.2,2016,6,False
US-2016-128909,2016-10-09,2016-10-11,SP-20545,1735,4,19.136,5.98,0.2,2016,10,False
US-2016-128909,2016-10-09,2016-10-11,SP-20545,1037,4,332.832,-24.9624,0.2,2016,10,False
CA-2017-102197,2017-12-20,2017-12-26,DK-13150,1692,5,279.9,137.151,0.0,2017,12,False
CA-2017-102197,2017-12-20,2017-12-26,DK-13150,699,3,50.352,17.6232,0.2,2017,12,False
CA-2017-102197,2017-12-20,2017-12-26,DK-13150,1661,3,34.02,16.6698,0.0,2017,12,False
CA-2017-167640,2017-03-06,2017-03-10,FC-14245,675,6,23.88,8.1192,0.0,2017,3,False
CA-2017-167640,2017-03-06,2017-03-10,FC-14245,197,4,11.52,5.6448,0.0,2017,3,False
CA-2017-167640,2017-03-06,2017-03-10,FC-14245,1676,7,286.93,140.5957,0.0,2017,3,False
CA-2017-167640,2017-03-06,2017-03-10,FC-14245,524,2,206.384,23.2182,0.2,2017,3,False
US-2017-116652,2017-09-15,2017-09-19,RD-19480,975,3,218.352,0.0,0.2,2017,9,False
US-2017-116652,2017-09-15,2017-09-19,RD-19480,1533,5,529.9,105.98,0.0,2017,9,True
US-2017-116652,2017-09-15,2017-09-19,RD-19480,1251,10,99.3,41.706,0.0,2017,9,False
US-2017-116652,2017-09-15,2017-09-19,RD-19480,293,2,108.96,30.5088,0.0,2017,9,False
US-2017-116652,2017-09-15,2017-09-19,RD-19480,412,1,2.688,0.84,0.2,2017,9,False
CA-2017-138289,2017-01-16,2017-01-18,AR-10540,683,4,5443.96,2504.2216,0.0,2017,1,True
CA-2017-138289,2017-01-16,2017-01-18,AR-10540,1212,3,302.67,72.6408,0.0,2017,1,False
CA-2017-138289,2017-01-16,2017-01-18,AR-10540,1526,7,56.07,25.2315,0.0,2017,1,False
CA-2016-129308,2016-07-07,2016-07-13,CC-12100,1258,2,10.08,3.276,0.2,2016,7,False
CA-2016-129308,2016-07-07,2016-07-13,CC-12100,1236,1,59.994,-12.9987,0.4,2016,7,False
CA-2016-129308,2016-07-07,2016-07-13,CC-12100,73,5,5.715,-4.7625,0.7,2016,7,False
CA-2016-129308,2016-07-07,2016-07-13,CC-12100,709,5,9.42,-7.85,0.7,2016,7,False
CA-2016-157791,2016-12-23,2016-12-28,CA-11965,804,4,1999.96,899.982,0.0,2016,12,True
CA-2014-146864,2014-12-22,2014-12-26,BT-11530,522,4,216.4,56.264,0.0,2014,12,False
CA-2014-103744,2014-02-23,2014-02-27,MG-17875,1498,3,6.936,2.3409,0.2,2014,2,False
CA-2014-103744,2014-02-23,2014-02-27,MG-17875,695,3,4.428,-6.8634,0.8,2014,2,False
US-2017-107384,2017-12-04,2017-12-08,TP-21130,1116,5,8.8,2.552,0.0,2017,12,False
US-2017-107384,2017-12-04,2017-12-08,TP-21130,667,1,142.8,29.988,0.0,2017,12,False
US-2017-107384,2017-12-04,2017-12-08,TP-21130,1001,5,399.95,143.982,0.0,2017,12,False
CA-2014-128209,2014-11-17,2014-11-22,GT-14710,686,3,2152.776,726.5619,0.2,2014,11,True
CA-2014-128209,2014-11-17,2014-11-22,GT-14710,498,10,4007.84,-50.098,0.2,2014,11,True
CA-2014-169684,2014-10-20,2014-10-23,FH-14365,977,3,328.59,-147.8655,0.4,2014,10,False
CA-2014-169684,2014-10-20,2014-10-23,FH-14365,469,3,98.352,-24.588,0.2,2014,10,False
CA-2015-109862,2015-10-25,2015-10-30,HK-14890,450,1,158.99,41.3374,0.0,2015,10,False
CA-2015-109862,2015-10-25,2015-10-30,HK-14890,906,5,291.1,75.686,0.0,2015,10,False
US-2017-107888,2017-11-16,2017-11-19,CC-12220,1720,6,73.68,34.6296,0.0,2017,11,False
US-2017-107888,2017-11-16,2017-11-19,CC-12220,1532,2,139.92,23.7864,0.0,2017,11,False
US-2017-107888,2017-11-16,2017-11-19,CC-12220,1272,3,107.88,10.788,0.2,2017,11,False
US-2017-107888,2017-11-16,2017-11-19,CC-12220,636,1,33.29,7.9896,0.0,2017,11,False
US-2017-154872,2017-05-14,2017-05-18,DP-13000,1303,5,58.17,-46.536,0.7,2017,5,False
US-2017-154872,2017-05-14,2017-05-18,DP-13000,212,2,5.04,1.764,0.2,2017,5,False
US-2017-154872,2017-05-14,2017-05-18,DP-13000,1683,1,24.784,7.745,0.2,2017,5,False
CA-2014-113880,2014-03-01,2014-03-05,VF-21715,1173,6,634.116,-172.1172,0.3,2014,3,True
CA-2014-113880,2014-03-01,2014-03-05,VF-21715,340,3,17.472,5.6784,0.2,2014,3,False
US-2015-164966,2015-07-30,2015-08-01,GH-14410,766,6,155.88,38.97,0.0,2015,7,False
CA-2015-126739,2015-11-01,2015-11-03,JH-16180,755,4,327.564,21.8376,0.1,2015,11,False
CA-2017-161578,2017-12-16,2017-12-21,RB-19465,1681,2,13.36,6.4128,0.0,2017,12,False
CA-2017-161578,2017-12-16,2017-12-21,RB-19465,1386,5,158.9,7.945,0.0,2017,12,False
CA-2014-137092,2014-10-20,2014-10-22,LS-16975,1018,4,319.968,71.9928,0.2,2014,10,False
CA-2014-137092,2014-10-20,2014-10-22,LS-16975,14,3,505.32,31.5825,0.2,2014,10,True
CA-2014-137092,2014-10-20,2014-10-22,LS-16975,1656,1,3.808,1.2376,0.2,2014,10,False
CA-2014-137092,2014-10-20,2014-10-22,LS-16975,1419,1,8.682,-14.7594,0.8,2014,10,False
CA-2014-137092,2014-10-20,2014-10-22,LS-16975,178,1,24.424,7.9378,0.2,2014,10,False
CA-2015-166947,2015-06-05,2015-06-10,EB-13750,842,9,1522.638,169.182,0.1,2015,6,True
CA-2016-160941,2016-07-21,2016-07-26,DK-12835,139,5,419.9,197.353,0.0,2016,7,False
CA-2016-160941,2016-07-21,2016-07-26,DK-12835,1435,1,3.15,1.512,0.0,2016,7,False
CA-2017-144680,2017-03-31,2017-04-02,SC-20260,630,5,33.62,-90.774,0.8,2017,3,False
CA-2014-166086,2014-05-07,2014-05-12,CT-11995,66,3,16.14,7.9086,0.0,2014,5,False
CA-2014-166086,2014-05-07,2014-05-12,CT-11995,286,2,194.25,-38.85,0.3,2014,5,False
CA-2014-166086,2014-05-07,2014-05-12,CT-11995,1143,3,8.64,2.5056,0.0,2014,5,False
CA-2014-166086,2014-05-07,2014-05-12,CT-11995,989,4,872.32,244.2496,0.0,2014,5,True
CA-2017-131282,2017-02-05,2017-02-08,CB-12025,896,4,243.992,-426.986,0.8,2017,2,False
CA-2017-131282,2017-02-05,2017-02-08,CB-12025,1500,5,7.12,0.712,0.2,2017,2,False
CA-2014-100678,2014-04-18,2014-04-22,KM-16720,1298,2,2.688,1.008,0.2,2014,4,False
CA-2014-100678,2014-04-18,2014-04-22,KM-16720,497,3,317.058,-18.1176,0.3,2014,4,False
CA-2014-100678,2014-04-18,2014-04-22,KM-16720,395,3,149.352,50.4063,0.2,2014,4,False
CA-2014-100678,2014-04-18,2014-04-22,KM-16720,952,3,227.976,28.497,0.2,2014,4,False
CA-2016-161543,2016-05-10,2016-05-16,RD-19720,1754,2,11.96,5.8604,0.0,2016,5,False
CA-2016-160535,2016-11-25,2016-11-30,BP-11050,659,4,563.4,67.608,0.0,2016,11,True
CA-2016-160535,2016-11-25,2016-11-30,BP-11050,966,8,319.92,118.3704,0.0,2016,11,False
CA-2017-123085,2017-03-03,2017-03-08,EJ-13720,909,8,1049.44,440.7648,0.0,2017,3,True
CA-2017-123085,2017-03-03,2017-03-08,EJ-13720,1174,3,170.352,-17.0352,0.2,2017,3,False
CA-2015-153752,2015-12-06,2015-12-11,RO-19780,42,6,173.94,50.4426,0.0,2015,12,False
CA-2014-103660,2014-08-25,2014-08-30,MW-18220,1290,7,1007.944,75.5958,0.2,2014,8,True
CA-2016-169887,2016-10-22,2016-10-22,MS-17530,1777,1,6.68,3.2064,0.0,2016,10,False
CA-2016-169887,2016-10-22,2016-10-22,MS-17530,1297,3,8.34,2.2518,0.0,2016,10,False
CA-2016-169887,2016-10-22,2016-10-22,MS-17530,991,3,101.94,30.582,0.0,2016,10,False
CA-2016-148516,2016-08-07,2016-08-11,DW-13585,1022,3,179.97,86.3856,0.0,2016,8,False
CA-2017-104731,2017-07-21,2017-07-27,AM-10705,315,6,101.94,29.5626,0.0,2017,7,False
CA-2017-104731,2017-07-21,2017-07-27,AM-10705,1170,4,271.96,67.99,0.0,2017,7,False
CA-2017-104731,2017-07-21,2017-07-27,AM-10705,1345,5,8.8,3.872,0.0,2017,7,False
CA-2017-104731,2017-07-21,2017-07-27,AM-10705,1159,6,19.68,5.7072,0.0,2017,7,False
CA-2017-104731,2017-07-21,2017-07-27,AM-10705,389,3,302.94,69.6762,0.0,2017,7,False
CA-2017-104731,2017-07-21,2017-07-27,AM-10705,410,3,14.94,7.1712,0.0,2017,7,False
CA-2017-104731,2017-07-21,2017-07-27,AM-10705,1300,2,231.72,11.586,0.0,2017,7,False
CA-2014-164749,2014-03-23,2014-03-26,BG-11740,182,3,9.912,3.2214,0.2,2014,3,False
CA-2015-103716,2015-04-30,2015-05-06,KB-16585,1131,3,34.65,9.702,0.0,2015,4,False
CA-2015-103716,2015-04-30,2015-05-06,KB-16585,477,5,19.8,1.7325,0.2,2015,4,False
CA-2016-126795,2016-06-13,2016-06-16,GT-14710,1302,2,33.568,11.7488,0.2,2016,6,False
CA-2015-146290,2015-05-04,2015-05-11,SV-20815,1095,7,125.93,35.2604,0.0,2015,5,False
CA-2017-157112,2017-04-23,2017-04-26,GG-14650,1837,5,11.76,-7.84,0.7,2017,4,False
CA-2017-157112,2017-04-23,2017-04-26,GG-14650,1738,1,5.344,1.8704,0.2,2017,4,False
CA-2014-169257,2014-06-06,2014-06-12,SV-20785,1309,1,1.365,-0.91,0.7,2014,6,False
CA-2014-169257,2014-06-06,2014-06-12,SV-20785,1732,2,62.016,22.4808,0.2,2014,6,False
CA-2014-154095,2014-12-02,2014-12-07,ON-18715,487,3,60.72,23.6808,0.0,2014,12,False
CA-2014-154095,2014-12-02,2014-12-07,ON-18715,1730,3,146.82,73.41,0.0,2014,12,False
CA-2014-154095,2014-12-02,2014-12-07,ON-18715,765,8,239.84,64.7568,0.0,2014,12,False
CA-2014-154095,2014-12-02,2014-12-07,ON-18715,218,6,15.66,7.2036,0.0,2014,12,False
CA-2017-146346,2017-06-17,2017-06-20,RA-19945,418,3,146.352,-32.9292,0.2,2017,6,False
CA-2016-148852,2016-05-26,2016-05-31,SV-20785,131,3,5.94,0.0,0.0,2016,5,False
CA-2016-148852,2016-05-26,2016-05-31,SV-20785,1734,7,45.36,21.7728,0.0,2016,5,False
CA-2016-148852,2016-05-26,2016-05-31,SV-20785,440,4,211.168,23.7564,0.2,2016,5,False
CA-2016-148852,2016-05-26,2016-05-31,SV-20785,762,6,484.704,-84.8232,0.2,2016,5,False
CA-2016-148852,2016-05-26,2016-05-31,SV-20785,652,3,371.976,116.2425,0.2,2016,5,False
US-2015-118906,2015-03-10,2015-03-10,KB-16585,1264,6,89.82,25.1496,0.0,2015,3,False
CA-2016-168921,2016-10-20,2016-10-22,AG-10495,663,3,19.296,6.03,0.2,2016,10,False
CA-2015-107678,2015-04-21,2015-04-28,JK-16090,745,2,191.96,51.8292,0.0,2015,4,False
CA-2015-107678,2015-04-21,2015-04-28,JK-16090,1633,3,21.3,9.798,0.0,2015,4,False
CA-2015-107678,2015-04-21,2015-04-28,JK-16090,933,5,469.95,131.586,0.0,2015,4,False
CA-2015-107678,2015-04-21,2015-04-28,JK-16090,1532,3,209.88,35.6796,0.0,2015,4,False
CA-2016-123512,2016-06-17,2016-06-19,MV-18190,383,2,239.666,14.098,0.15,2016,6,False
CA-2016-123512,2016-06-17,2016-06-19,MV-18190,204,6,22.5,10.8,0.0,2016,6,False
CA-2016-123512,2016-06-17,2016-06-19,MV-18190,1699,4,219.84,107.7216,0.0,2016,6,False
US-2017-167402,2017-01-13,2017-01-18,CP-12085,1827,5,32.4,15.552,0.0,2017,1,False
US-2017-167402,2017-01-13,2017-01-18,CP-12085,887,6,209.94,54.5844,0.0,2017,1,False
US-2017-167402,2017-01-13,2017-01-18,CP-12085,1043,5,4164.05,83.281,0.0,2017,1,True
US-2017-167402,2017-01-13,2017-01-18,CP-12085,844,3,212.94,53.235,0.0,2017,1,False
CA-2014-130449,2014-09-06,2014-09-09,VP-21760,570,6,41.88,12.1452,0.0,2014,9,False
CA-2014-130449,2014-09-06,2014-09-09,VP-21760,226,8,58.48,27.4856,0.0,2014,9,False
CA-2015-141250,2015-01-19,2015-01-23,PM-18940,324,1,102.438,-13.1706,0.3,2015,1,False
CA-2015-141250,2015-01-19,2015-01-23,PM-18940,798,4,199.304,-8.5416,0.3,2015,1,False
CA-2014-145541,2014-12-14,2014-12-21,TB-21400,787,4,6999.96,2239.9872,0.0,2014,12,True
CA-2014-138513,2014-05-23,2014-05-27,EH-13990,1791,2,12.96,6.2208,0.0,2014,5,False
CA-2015-135489,2015-09-19,2015-09-22,GW-14605,1313,14,279.86,134.3328,0.0,2015,9,False
CA-2015-125696,2015-10-02,2015-10-06,NP-18685,1308,5,7.38,-5.412,0.7,2015,10,False
CA-2016-105081,2016-12-25,2016-12-30,JE-15715,751,3,698.352,52.3764,0.2,2016,12,True
CA-2016-105081,2016-12-25,2016-12-30,JE-15715,1371,5,1747.25,629.01,0.0,2016,12,True
US-2016-146857,2016-05-06,2016-05-08,BE-11455,293,1,54.48,15.2544,0.0,2016,5,False
CA-2016-166275,2016-10-24,2016-10-24,SS-20590,1329,1,199.99,85.9957,0.0,2016,10,False
CA-2017-144498,2017-05-06,2017-05-06,MB-18085,1625,11,68.541,-52.5481,0.7,2017,5,False
CA-2017-144498,2017-05-06,2017-05-06,MB-18085,725,4,627.168,70.5564,0.2,2017,5,True
CA-2017-144498,2017-05-06,2017-05-06,MB-18085,178,5,122.12,39.689,0.2,2017,5,False
CA-2017-103352,2017-11-27,2017-11-30,RP-19390,138,3,6.99,2.0271,0.0,2017,11,False
CA-2017-103352,2017-11-27,2017-11-30,RP-19390,243,6,107.424,36.2556,0.2,2017,11,False
CA-2014-108609,2014-10-31,2014-11-02,AJ-10780,836,8,1421.664,-734.5264,0.4,2014,10,True
CA-2017-128328,2017-08-05,2017-08-09,PO-18865,1302,6,125.88,60.4224,0.0,2017,8,False
CA-2017-128328,2017-08-05,2017-08-09,PO-18865,1024,2,79.78,29.5186,0.0,2017,8,False
CA-2017-128328,2017-08-05,2017-08-09,PO-18865,181,9,133.2,66.6,0.0,2017,8,False
US-2015-156496,2015-08-10,2015-08-16,WB-21850,37,4,438.368,38.3572,0.2,2015,8,False
US-2015-156496,2015-08-10,2015-08-16,WB-21850,1221,7,139.944,-31.4874,0.2,2015,8,False
US-2015-156496,2015-08-10,2015-08-16,WB-21850,629,4,133.472,15.0156,0.2,2015,8,False
US-2016-127334,2016-12-15,2016-12-21,MP-18175,368,3,564.195,-304.6653,0.5,2016,12,True
US-2016-127334,2016-12-15,2016-12-21,MP-18175,293,2,87.168,8.7168,0.2,2016,12,False
US-2017-124779,2017-09-08,2017-09-11,BF-11020,1301,7,42.616,-68.1856,0.8,2017,9,False
US-2017-124779,2017-09-08,2017-09-11,BF-11020,399,2,319.984,107.9946,0.2,2017,9,False
US-2017-124779,2017-09-08,2017-09-11,BF-11020,1601,5,45.92,15.498,0.2,2017,9,False
US-2017-124779,2017-09-08,2017-09-11,BF-11020,479,2,21.184,-11.6512,0.6,2017,9,False
US-2017-124779,2017-09-08,2017-09-11,BF-11020,1800,4,20.736,7.2576,0.2,2017,9,False
US-2017-124779,2017-09-08,2017-09-11,BF-11020,737,5,213.43,-39.637,0.3,2017,9,False
CA-2017-135937,2017-02-20,2017-02-27,KM-16375,1570,3,333.576,25.0182,0.2,2017,2,False
CA-2017-135937,2017-02-20,2017-02-27,KM-16375,1090,1,31.992,4.7988,0.2,2017,2,False
CA-2017-135937,2017-02-20,2017-02-27,KM-16375,635,2,51.168,-6.396,0.2,2017,2,False
CA-2017-135937,2017-02-20,2017-02-27,KM-16375,982,5,10.64,3.857,0.2,2017,2,False
CA-2017-135937,2017-02-20,2017-02-27,KM-16375,879,2,68.704,16.3172,0.2,2017,2,False
CA-2017-135937,2017-02-20,2017-02-27,KM-16375,942,9,386.91,-185.7168,0.5,2017,2,False
CA-2015-129322,2015-08-08,2015-08-10,DB-13405,355,2,39.66,11.898,0.0,2015,8,False
CA-2015-129322,2015-08-08,2015-08-10,DB-13405,466,2,113.92,33.0368,0.0,2015,8,False
CA-2015-129322,2015-08-08,2015-08-10,DB-13405,684,7,447.86,210.4942,0.0,2015,8,False
CA-2017-162173,2017-10-26,2017-11-01,OT-18730,978,5,356.85,60.6645,0.0,2017,10,False
CA-2017-162173,2017-10-26,2017-11-01,OT-18730,1580,7,251.58,113.211,0.0,2017,10,False
CA-2016-115483,2016-07-14,2016-07-18,JS-15880,1699,5,219.84,79.692,0.2,2016,7,False
CA-2017-122175,2017-05-12,2017-05-14,CA-12775,485,5,42.85,15.426,0.0,2017,5,False
CA-2017-122175,2017-05-12,2017-05-14,CA-12775,1455,2,6.16,2.9568,0.0,2017,5,False
CA-2017-122175,2017-05-12,2017-05-14,CA-12775,101,2,17.0,4.42,0.0,2017,5,False
CA-2017-122175,2017-05-12,2017-05-14,CA-12775,1060,5,87.4,34.96,0.0,2017,5,False
CA-2017-161088,2017-05-25,2017-05-29,MH-18115,1332,2,29.84,13.428,0.0,2017,5,False
CA-2014-154837,2014-08-23,2014-08-27,RB-19645,693,2,49.568,17.3488,0.2,2014,8,False
CA-2015-153794,2015-09-11,2015-09-16,SB-20290,888,7,265.86,79.758,0.0,2015,9,False
CA-2015-135510,2015-09-05,2015-09-12,TW-21025,1560,4,67.96,12.2328,0.0,2015,9,False
CA-2015-109337,2015-11-21,2015-11-23,DL-13330,473,6,10.92,4.914,0.0,2015,11,False
CA-2015-109337,2015-11-21,2015-11-23,DL-13330,1347,2,83.9,22.653,0.0,2015,11,False
CA-2015-109337,2015-11-21,2015-11-23,DL-13330,868,5,19.75,5.135,0.0,2015,11,False
CA-2015-109337,2015-11-21,2015-11-23,DL-13330,909,3,393.54,165.2868,0.0,2015,11,False
CA-2014-150329,2014-10-10,2014-10-14,SD-20485,1610,7,46.872,3.5154,0.2,2014,10,False
CA-2017-145037,2017-09-02,2017-09-07,TB-21055,472,1,10.9,2.834,0.0,2017,9,False
CA-2017-145037,2017-09-02,2017-09-07,TB-21055,1694,4,79.92,37.5624,0.0,2017,9,False
CA-2017-145037,2017-09-02,2017-09-07,TB-21055,1673,3,146.82,73.41,0.0,2017,9,False
CA-2017-154466,2017-01-01,2017-01-02,DP-13390,1629,2,3.6,1.728,0.0,2017,1,False
CA-2014-109134,2014-11-05,2014-11-10,DE-13255,1198,6,20.04,8.8176,0.0,2014,11,False
US-2015-129637,2015-12-17,2015-12-22,MC-18100,1551,1,180.016,-15.7514,0.2,2015,12,False
US-2015-129637,2015-12-17,2015-12-22,MC-18100,875,2,41.552,-19.7372,0.6,2015,12,False
US-2015-129637,2015-12-17,2015-12-22,MC-18100,1159,5,13.12,1.476,0.2,2015,12,False
CA-2015-165162,2015-05-14,2015-05-21,HG-15025,1557,4,1117.92,55.896,0.0,2015,5,True
CA-2017-140494,2017-03-10,2017-03-15,CM-11815,1061,4,111.96,21.2724,0.0,2017,3,False
CA-2017-104108,2017-12-02,2017-12-09,RP-19855,1041,5,12.16,2.128,0.2,2017,12,False
US-2017-165869,2017-07-31,2017-08-05,LS-17200,49,4,17.52,8.4096,0.0,2017,7,False
US-2017-165869,2017-07-31,2017-08-05,LS-17200,22,6,155.88,54.558,0.0,2017,7,False
CA-2017-160899,2017-08-11,2017-08-13,DR-12940,1419,11,477.51,219.6546,0.0,2017,8,False
CA-2017-144225,2017-09-30,2017-10-02,CC-12475,780,3,164.88,80.7912,0.0,2017,9,False
US-2016-163538,2016-08-26,2016-08-30,SS-20515,1070,3,47.97,14.8707,0.0,2016,8,False
US-2016-155103,2016-12-02,2016-12-07,JF-15190,894,3,415.176,134.9322,0.2,2016,12,False
US-2016-155103,2016-12-02,2016-12-07,JF-15190,1836,3,35.232,11.4504,0.2,2016,12,False
US-2016-155103,2016-12-02,2016-12-07,JF-15190,780,1,54.96,26.9304,0.0,2016,12,False
CA-2017-145429,2017-07-21,2017-07-25,SW-20455,1654,2,16.34,7.6798,0.0,2017,7,False
CA-2017-145429,2017-07-21,2017-07-25,SW-20455,851,2,225.296,22.5296,0.2,2017,7,False
CA-2017-145429,2017-07-21,2017-07-25,SW-20455,699,3,50.352,17.6232,0.2,2017,7,False
CA-2015-153535,2015-05-20,2015-05-24,SG-20470,502,4,163.136,20.392,0.2,2015,5,False
CA-2015-153535,2015-05-20,2015-05-24,SG-20470,1307,4,6.408,-4.9128,0.7,2015,5,False
CA-2015-139164,2015-06-23,2015-06-28,CS-12355,1268,2,217.584,19.0386,0.2,2015,6,False
CA-2015-139164,2015-06-23,2015-06-28,CS-12355,161,3,5.43,1.7919,0.0,2015,6,False
CA-2015-139164,2015-06-23,2015-06-28,CS-12355,930,3,143.976,8.9985,0.2,2015,6,False
CA-2016-112277,2016-09-10,2016-09-15,SC-20695,732,7,519.68,58.464,0.2,2016,9,True
CA-2014-167724,2014-04-13,2014-04-18,BF-11170,185,3,7.83,3.6018,0.0,2014,4,False
CA-2015-123141,2015-11-14,2015-11-19,GZ-14470,1363,4,883.84,99.432,0.2,2015,11,True
CA-2015-123141,2015-11-14,2015-11-19,GZ-14470,745,3,230.352,20.1558,0.2,2015,11,False
CA-2016-149503,2016-12-09,2016-12-12,SP-20650,1630,8,273.92,99.296,0.2,2016,12,False
CA-2017-163069,2017-08-18,2017-08-21,PJ-19015,1132,3,9.912,1.239,0.2,2017,8,False
CA-2017-107629,2017-12-14,2017-12-14,DB-13060,1360,6,266.352,-292.9872,0.6,2017,12,False
CA-2017-107629,2017-12-14,2017-12-14,DB-13060,878,3,56.328,-26.7558,0.6,2017,12,False
CA-2017-107629,2017-12-14,2017-12-14,DB-13060,996,3,39.264,-4.908,0.2,2017,12,False
CA-2017-107629,2017-12-14,2017-12-14,DB-13060,1311,6,95.232,24.9984,0.2,2017,12,False
CA-2016-134789,2016-04-08,2016-04-15,CK-12325,121,6,30.0,14.4,0.0,2016,4,False
CA-2016-134789,2016-04-08,2016-04-15,CK-12325,1785,4,25.92,12.7008,0.0,2016,4,False
CA-2016-134789,2016-04-08,2016-04-15,CK-12325,584,4,159.92,31.984,0.0,2016,4,False
CA-2016-130442,2016-12-16,2016-12-19,SF-20065,52,3,34.944,3.0576,0.2,2016,12,False
CA-2017-102974,2017-09-19,2017-09-24,DP-13105,1087,5,149.95,31.4895,0.0,2017,9,False
CA-2017-102974,2017-09-19,2017-09-24,DP-13105,351,2,23.32,6.0632,0.0,2017,9,False
CA-2017-102974,2017-09-19,2017-09-24,DP-13105,1137,3,16.74,4.8546,0.0,2017,9,False
US-2017-166394,2017-09-04,2017-09-06,VM-21835,1499,6,14.82,6.9654,0.0,2017,9,False
CA-2016-128811,2016-09-12,2016-09-16,SF-20200,1196,3,10.47,4.8162,0.0,2016,9,False
CA-2016-128811,2016-09-12,2016-09-16,SF-20200,194,3,11.07,5.2029,0.0,2016,9,False
CA-2016-128811,2016-09-12,2016-09-16,SF-20200,691,4,20.704,7.764,0.2,2016,9,False
CA-2017-145443,2017-08-10,2017-08-15,SC-20695,1690,5,177.2,83.284,0.0,2017,8,False
CA-2016-165827,2016-11-04,2016-11-09,MF-17665,1586,6,50.496,8.2056,0.2,2016,11,False
CA-2015-156734,2015-06-18,2015-06-20,BV-11245,268,3,6.129,-4.4946,0.7,2015,6,False
CA-2015-156734,2015-06-18,2015-06-20,BV-11245,759,4,643.136,56.2744,0.2,2015,6,True
CA-2015-156734,2015-06-18,2015-06-20,BV-11245,1805,4,20.736,7.2576,0.2,2015,6,False
CA-2014-120096,2014-07-04,2014-07-07,KE-16420,1727,4,177.536,62.1376,0.2,2014,7,False
CA-2014-120096,2014-07-04,2014-07-07,KE-16420,644,2,32.432,3.2432,0.2,2014,7,False
CA-2015-141754,2015-12-20,2015-12-25,EM-14200,193,2,11.696,3.9474,0.2,2015,12,False
CA-2016-123358,2016-04-10,2016-04-17,BT-11680,26,3,113.76,44.3664,0.0,2016,4,False
CA-2016-123358,2016-04-10,2016-04-17,BT-11680,657,3,579.51,81.1314,0.0,2016,4,True
CA-2016-123358,2016-04-10,2016-04-17,BT-11680,1355,9,150.66,6.0264,0.0,2016,4,False
CA-2016-123358,2016-04-10,2016-04-17,BT-11680,700,4,48.032,15.6104,0.2,2016,4,False
CA-2014-144029,2014-05-26,2014-05-31,MM-18055,1368,3,102.624,7.6968,0.2,2014,5,False
CA-2014-144029,2014-05-26,2014-05-31,MM-18055,742,2,359.772,-5.1396,0.3,2014,5,False
CA-2014-144029,2014-05-26,2014-05-31,MM-18055,496,3,13.392,3.1806,0.2,2014,5,False
US-2017-101784,2017-07-06,2017-07-11,PO-18850,768,3,122.136,-13.7403,0.2,2017,7,False
CA-2015-156923,2015-02-16,2015-02-20,SP-20860,1706,6,35.88,16.146,0.0,2015,2,False
CA-2017-111269,2017-06-16,2017-06-18,CS-12355,1018,6,479.952,107.9892,0.2,2017,6,False
CA-2017-111269,2017-06-16,2017-06-18,CS-12355,1138,5,23.92,1.794,0.2,2017,6,False
CA-2017-159156,2017-11-13,2017-11-16,KB-16600,1165,5,629.95,163.787,0.0,2017,11,True
CA-2017-100230,2017-12-11,2017-12-15,AA-10375,448,1,14.952,5.0463,0.2,2017,12,False
CA-2017-100230,2017-12-11,2017-12-15,AA-10375,1678,3,17.94,8.073,0.0,2017,12,False
CA-2017-100230,2017-12-11,2017-12-15,AA-10375,523,2,116.98,29.245,0.0,2017,12,False
CA-2016-154767,2016-06-28,2016-06-30,BP-11155,737,2,121.96,20.7332,0.0,2016,6,False
CA-2016-154767,2016-06-28,2016-06-30,BP-11155,525,2,8.74,2.2724,0.0,2016,6,False
CA-2016-154767,2016-06-28,2016-06-30,BP-11155,1750,2,61.96,27.882,0.0,2016,6,False
CA-2016-154767,2016-06-28,2016-06-30,BP-11155,901,2,7.96,3.7412,0.0,2016,6,False
CA-2016-154767,2016-06-28,2016-06-30,BP-11155,822,4,275.24,121.1056,0.0,2016,6,False
CA-2017-124205,2017-09-15,2017-09-19,TC-21145,490,5,47.4,18.96,0.0,2017,9,False
CA-2017-124205,2017-09-15,2017-09-19,TC-21145,1367,4,512.96,143.6288,0.0,2017,9,True
CA-2017-124205,2017-09-15,2017-09-19,TC-21145,1265,6,395.94,102.9444,0.0,2017,9,False
CA-2017-124205,2017-09-15,2017-09-19,TC-21145,469,2,81.96,0.0,0.0,2017,9,False
CA-2017-165715,2017-12-02,2017-12-08,BG-11035,1406,1,32.776,2.4582,0.2,2017,12,False
CA-2017-100636,2017-06-26,2017-06-30,DO-13435,1382,3,272.94,0.0,0.0,2017,6,False
CA-2016-162943,2016-07-24,2016-07-26,DB-12970,1202,2,253.764,31.0156,0.1,2016,7,False
CA-2016-144764,2016-09-02,2016-09-08,RL-19615,1433,5,29.24,9.8685,0.2,2016,9,False
CA-2016-144764,2016-09-02,2016-09-08,RL-19615,1352,2,35.168,-8.3524,0.2,2016,9,False
CA-2016-144764,2016-09-02,2016-09-08,RL-19615,1217,3,1362.9,-19.47,0.3,2016,9,True
CA-2017-100615,2017-04-20,2017-04-24,SJ-20215,497,3,317.058,-18.1176,0.3,2017,4,False
CA-2017-100615,2017-04-20,2017-04-24,SJ-20215,1031,2,15.76,3.546,0.2,2017,4,False
CA-2017-100615,2017-04-20,2017-04-24,SJ-20215,1049,5,14.56,-6.188,0.6,2017,4,False
CA-2014-109302,2014-08-12,2014-08-16,CS-12175,1254,7,196.21,98.105,0.0,2014,8,False
CA-2017-139787,2017-09-19,2017-09-23,JP-16135,1373,5,35.4,13.452,0.0,2017,9,False
CA-2017-139402,2017-12-09,2017-12-13,NC-18535,1104,5,419.4,146.79,0.2,2017,12,False
CA-2017-139402,2017-12-09,2017-12-13,NC-18535,76,3,13.005,-9.9705,0.7,2017,12,False
CA-2016-119018,2016-11-04,2016-11-08,CW-11905,1578,2,7.712,2.7956,0.2,2016,11,False
CA-2016-119018,2016-11-04,2016-11-08,CW-11905,59,1,4.176,1.305,0.2,2016,11,False
CA-2016-119018,2016-11-04,2016-11-08,CW-11905,1826,6,38.88,18.6624,0.0,2016,11,False
CA-2015-105361,2015-03-29,2015-04-04,CM-12115,142,4,17.64,8.1144,0.0,2015,3,False
US-2016-152373,2016-09-05,2016-09-11,PT-19090,556,3,93.456,-17.523,0.2,2016,9,False
US-2017-166037,2017-01-28,2017-02-01,CL-12700,1266,9,449.91,157.4685,0.0,2017,1,False
US-2016-147711,2016-09-03,2016-09-08,HF-14995,1422,3,344.94,31.0446,0.0,2016,9,False
US-2016-147711,2016-09-03,2016-09-08,HF-14995,569,2,14.76,4.2804,0.0,2016,9,False
US-2016-147711,2016-09-03,2016-09-08,HF-14995,60,2,12.76,5.8696,0.0,2016,9,False
US-2016-147711,2016-09-03,2016-09-08,HF-14995,193,8,58.48,27.4856,0.0,2016,9,False
CA-2017-121293,2017-07-25,2017-07-28,JC-15775,546,4,20.096,3.0144,0.2,2017,7,False
CA-2017-121293,2017-07-25,2017-07-28,JC-15775,90,3,37.752,4.2471,0.2,2017,7,False
CA-2017-121293,2017-07-25,2017-07-28,JC-15775,382,1,138.588,-34.647,0.4,2017,7,False
CA-2017-121293,2017-07-25,2017-07-28,JC-15775,634,5,259.92,-25.992,0.2,2017,7,False
CA-2017-121293,2017-07-25,2017-07-28,JC-15775,1812,4,20.736,7.2576,0.2,2017,7,False
CA-2015-118843,2015-09-13,2015-09-20,JH-15910,553,3,129.93,12.993,0.0,2015,9,False
CA-2015-118843,2015-09-13,2015-09-20,JH-15910,1736,7,69.93,31.4685,0.0,2015,9,False
CA-2015-161445,2015-09-07,2015-09-09,CC-12610,348,4,140.736,12.3144,0.2,2015,9,False
CA-2016-124527,2016-11-16,2016-11-17,IM-15055,1357,5,8.32,2.808,0.2,2016,11,False
CA-2016-162348,2016-11-10,2016-11-15,BF-11170,571,1,9.98,2.7944,0.0,2016,11,False
CA-2014-141005,2014-08-15,2014-08-18,CS-12355,1302,3,62.94,30.2112,0.0,2014,8,False
CA-2015-145394,2015-11-16,2015-11-20,MC-17605,1109,2,21.488,1.6116,0.2,2015,11,False
CA-2015-145394,2015-11-16,2015-11-20,MC-17605,792,3,239.976,26.9973,0.2,2015,11,False
CA-2015-145394,2015-11-16,2015-11-20,MC-17605,873,2,34.504,-15.5268,0.6,2015,11,False
CA-2015-168809,2015-08-25,2015-08-25,MC-18100,563,2,20.104,-16.5858,0.6,2015,8,False
CA-2015-168809,2015-08-25,2015-08-25,MC-18100,1283,1,3.798,-6.0768,0.8,2015,8,False
CA-2015-168809,2015-08-25,2015-08-25,MC-18100,1175,5,7.88,-3.94,0.6,2015,8,False
CA-2016-109827,2016-12-25,2017-01-01,LW-16825,943,1,35.445,-24.1026,0.5,2016,12,False
CA-2016-109827,2016-12-25,2017-01-01,LW-16825,1235,2,269.97,-386.957,0.7,2016,12,False
CA-2016-109827,2016-12-25,2017-01-01,LW-16825,916,3,45.12,-7.896,0.2,2016,12,False
CA-2016-109827,2016-12-25,2017-01-01,LW-16825,889,2,100.8,21.42,0.2,2016,12,False
CA-2016-109827,2016-12-25,2017-01-01,LW-16825,765,2,47.968,4.1972,0.2,2016,12,False
CA-2014-152233,2014-10-05,2014-10-06,KH-16510,1266,2,99.98,34.993,0.0,2014,10,False
CA-2014-125682,2014-11-22,2014-11-25,RB-19645,795,2,9.96,4.8804,0.0,2014,11,False
CA-2017-162880,2017-12-25,2017-12-29,GD-14590,1578,1,3.856,1.3978,0.2,2017,12,False
CA-2015-128125,2015-03-31,2015-04-05,EB-13705,1617,3,98.376,35.6613,0.2,2015,3,False
CA-2015-128125,2015-03-31,2015-04-05,EB-13705,24,3,22.38,-7.833,0.6,2015,3,False
CA-2017-156237,2017-09-14,2017-09-15,PS-18760,691,2,3.882,-2.588,0.7,2017,9,False
CA-2017-156237,2017-09-14,2017-09-15,PS-18760,1347,1,12.585,-18.0385,0.7,2017,9,False
CA-2017-156237,2017-09-14,2017-09-15,PS-18760,1207,2,113.372,-29.1528,0.3,2017,9,False
CA-2017-156237,2017-09-14,2017-09-15,PS-18760,136,4,18.312,-12.208,0.7,2017,9,False
CA-2017-156237,2017-09-14,2017-09-15,PS-18760,1562,8,127.936,4.7976,0.2,2017,9,False
CA-2017-156237,2017-09-14,2017-09-15,PS-18760,986,2,241.17,-168.819,0.7,2017,9,False
CA-2014-144414,2014-06-17,2014-06-21,GH-14425,591,3,6.24,2.6208,0.0,2014,6,False
CA-2014-144414,2014-06-17,2014-06-21,GH-14425,1194,5,17.9,8.95,0.0,2014,6,False
CA-2014-144414,2014-06-17,2014-06-21,GH-14425,683,3,3266.376,1061.5722,0.2,2014,6,True
CA-2017-163860,2017-12-28,2018-01-01,LO-17170,462,5,1.68,-2.688,0.8,2017,12,False
CA-2017-163860,2017-12-28,2018-01-01,LO-17170,677,3,7.968,-2.3904,0.6,2017,12,False
CA-2017-163860,2017-12-28,2018-01-01,LO-17170,1226,2,113.372,-3.2392,0.3,2017,12,False
CA-2017-163860,2017-12-28,2018-01-01,LO-17170,21,2,2.96,-1.406,0.6,2017,12,False
US-2017-115609,2017-11-02,2017-11-07,CS-12505,630,5,168.1,43.706,0.0,2017,11,False
CA-2015-154291,2015-07-25,2015-07-29,YS-21880,1615,9,98.46,49.23,0.0,2015,7,False
CA-2015-154291,2015-07-25,2015-07-29,YS-21880,325,2,358.58,39.4438,0.0,2015,7,False
CA-2016-118689,2016-10-02,2016-10-09,TC-20980,71,2,32.48,4.872,0.0,2016,10,False
CA-2016-118689,2016-10-02,2016-10-09,TC-20980,404,5,17499.95,8399.976,0.0,2016,10,True
CA-2016-118689,2016-10-02,2016-10-09,TC-20980,897,2,735.98,331.191,0.0,2016,10,True
CA-2016-118689,2016-10-02,2016-10-09,TC-20980,74,7,34.37,16.8413,0.0,2016,10,False
CA-2016-118689,2016-10-02,2016-10-09,TC-20980,1491,2,33.96,9.5088,0.0,2016,10,False
CA-2016-140438,2016-12-24,2016-12-27,PW-19030,1397,3,197.97,53.4519,0.0,2016,12,False
US-2017-123204,2017-07-21,2017-07-27,CS-11860,609,4,17.48,4.5448,0.0,2017,7,False
CA-2015-112522,2015-10-10,2015-10-17,DP-13165,244,3,8.016,1.002,0.2,2015,10,False
CA-2016-153101,2016-09-08,2016-09-08,PJ-19015,977,1,146.04,-12.7785,0.2,2016,9,False
CA-2016-142615,2016-11-20,2016-11-24,BM-11575,1464,2,27.88,3.9032,0.0,2016,11,False
CA-2017-142643,2017-10-15,2017-10-20,DL-13495,178,5,152.65,70.219,0.0,2017,10,False
CA-2017-142643,2017-10-15,2017-10-20,DL-13495,623,1,22.72,9.3152,0.0,2017,10,False
CA-2015-116260,2015-07-06,2015-07-12,BF-10975,1141,4,11.12,2.8912,0.0,2015,7,False
CA-2017-107517,2017-02-05,2017-02-09,FC-14335,1418,5,1640.7,459.396,0.0,2017,2,True
CA-2017-107517,2017-02-05,2017-02-09,FC-14335,732,5,371.2,41.76,0.2,2017,2,False
CA-2015-166338,2015-12-06,2015-12-07,MP-18175,904,3,14.832,-10.3824,0.7,2015,12,False
CA-2016-123946,2016-09-12,2016-09-17,AJ-10795,912,3,20.7,1.656,0.0,2016,9,False
CA-2016-123946,2016-09-12,2016-09-17,AJ-10795,1499,3,11.34,5.2164,0.0,2016,9,False
CA-2016-123946,2016-09-12,2016-09-17,AJ-10795,1354,5,67.9,0.679,0.0,2016,9,False
CA-2016-123946,2016-09-12,2016-09-17,AJ-10795,850,4,1059.12,307.1448,0.0,2016,9,True
CA-2014-147543,2014-07-06,2014-07-12,BC-11125,740,2,478.48,47.848,0.2,2014,7,False
US-2016-159093,2016-05-09,2016-05-14,RS-19420,1526,4,32.04,14.418,0.0,2016,5,False
CA-2016-162110,2016-07-18,2016-07-22,NP-18670,1844,1,55.992,3.4995,0.2,2016,7,False
US-2016-163461,2016-06-18,2016-06-21,BT-11440,1724,2,76.864,26.9024,0.2,2016,6,False
CA-2014-101462,2014-04-20,2014-04-25,BP-11230,726,4,59.92,27.5632,0.0,2014,4,False
US-2016-100461,2016-01-08,2016-01-12,JO-15145,167,6,1565.88,407.1288,0.0,2016,1,True
US-2016-100461,2016-01-08,2016-01-12,JO-15145,1280,7,106.05,49.8435,0.0,2016,1,False
US-2017-162670,2017-12-23,2017-12-28,MF-18250,1261,4,62.04,17.3712,0.0,2017,12,False
US-2017-162670,2017-12-23,2017-12-28,MF-18250,163,3,494.97,148.491,0.0,2017,12,False
US-2017-162670,2017-12-23,2017-12-28,MF-18250,775,4,367.96,14.7184,0.0,2017,12,False
US-2017-162670,2017-12-23,2017-12-28,MF-18250,922,2,44.96,20.6816,0.0,2017,12,False
US-2017-162670,2017-12-23,2017-12-28,MF-18250,1582,3,182.94,85.9818,0.0,2017,12,False
CA-2017-128965,2017-04-17,2017-04-22,PS-18760,1341,3,28.14,13.5072,0.0,2017,4,False
CA-2017-128965,2017-04-17,2017-04-22,PS-18760,227,2,7.38,3.4686,0.0,2017,4,False
CA-2017-128965,2017-04-17,2017-04-22,PS-18760,1510,5,10.9,3.597,0.0,2017,4,False
CA-2017-128965,2017-04-17,2017-04-22,PS-18760,1019,11,274.89,46.7313,0.0,2017,4,False
CA-2017-128965,2017-04-17,2017-04-22,PS-18760,180,8,23.04,11.2896,0.0,2017,4,False
CA-2017-128965,2017-04-17,2017-04-22,PS-18760,772,3,218.352,-19.1058,0.2,2017,4,False
CA-2017-138618,2017-12-01,2017-12-08,MY-17380,1796,2,10.368,3.6288,0.2,2017,12,False
US-2016-126452,2016-08-21,2016-08-28,SC-20230,239,2,12.672,4.752,0.2,2016,8,False
US-2016-126452,2016-08-21,2016-08-28,SC-20230,1099,5,91.96,-20.691,0.2,2016,8,False
US-2016-126452,2016-08-21,2016-08-28,SC-20230,1021,3,254.97,91.7892,0.0,2016,8,False
US-2016-126452,2016-08-21,2016-08-28,SC-20230,151,2,31.984,-7.996,0.2,2016,8,False
US-2016-126452,2016-08-21,2016-08-28,SC-20230,367,9,2887.056,180.441,0.2,2016,8,True
US-2016-126452,2016-08-21,2016-08-28,SC-20230,1789,2,12.96,6.2208,0.0,2016,8,False
US-2016-126452,2016-08-21,2016-08-28,SC-20230,1714,9,47.52,21.384,0.0,2016,8,False
CA-2016-145009,2016-12-05,2016-12-08,RF-19345,190,3,11.952,3.8844,0.2,2016,12,False
CA-2015-162544,2015-12-16,2015-12-19,SG-20080,1684,1,4.98,2.3406,0.0,2015,12,False
CA-2014-124394,2014-10-17,2014-10-22,TB-21520,710,5,10.78,-17.248,0.8,2014,10,False
CA-2014-124394,2014-10-17,2014-10-22,TB-21520,420,3,119.976,-17.9964,0.2,2014,10,False
US-2016-121013,2016-09-05,2016-09-10,MM-17920,209,2,25.06,11.7782,0.0,2016,9,False
US-2016-121013,2016-09-05,2016-09-10,MM-17920,424,3,1652.94,314.0586,0.0,2016,9,True
US-2015-123918,2015-10-15,2015-10-15,CG-12520,392,6,131.376,-95.2476,0.6,2015,10,False
US-2015-123918,2015-10-15,2015-10-15,CG-12520,1777,1,5.344,1.8704,0.2,2015,10,False
CA-2015-137113,2015-12-01,2015-12-05,TW-21025,769,5,2003.92,125.245,0.2,2015,12,True
CA-2015-137113,2015-12-01,2015-12-05,TW-21025,1815,5,32.4,15.552,0.0,2015,12,False
CA-2015-137113,2015-12-01,2015-12-05,TW-21025,377,9,1913.4,401.814,0.0,2015,12,True
CA-2015-137113,2015-12-01,2015-12-05,TW-21025,1552,3,146.73,2.9346,0.0,2015,12,False
CA-2015-137113,2015-12-01,2015-12-05,TW-21025,1833,5,114.2,52.532,0.0,2015,12,False
CA-2015-120677,2015-05-31,2015-06-04,BD-11320,852,8,2567.84,770.352,0.0,2015,5,True
CA-2017-123036,2017-09-10,2017-09-17,HA-14905,1078,4,37.056,8.8008,0.2,2017,9,False
CA-2017-123036,2017-09-10,2017-09-17,HA-14905,434,2,259.896,-56.3108,0.4,2017,9,False
CA-2017-120222,2017-04-25,2017-05-02,LL-16840,1530,3,19.05,8.763,0.0,2017,4,False
CA-2017-120222,2017-04-25,2017-05-02,LL-16840,1521,3,73.344,27.504,0.2,2017,4,False
CA-2017-164756,2017-09-18,2017-09-22,SS-20140,890,8,95.68,26.7904,0.0,2017,9,False
CA-2017-164756,2017-09-18,2017-09-22,SS-20140,1294,7,50.96,24.4608,0.0,2017,9,False
CA-2017-164756,2017-09-18,2017-09-22,SS-20140,888,3,113.94,34.182,0.0,2017,9,False
CA-2017-164756,2017-09-18,2017-09-22,SS-20140,1789,4,25.92,12.4416,0.0,2017,9,False
CA-2017-164756,2017-09-18,2017-09-22,SS-20140,1047,4,20.32,6.9088,0.0,2017,9,False
CA-2017-164756,2017-09-18,2017-09-22,SS-20140,43,2,411.98,119.4742,0.0,2017,9,False
CA-2017-164756,2017-09-18,2017-09-22,SS-20140,668,2,34.48,9.9992,0.0,2017,9,False
CA-2017-164756,2017-09-18,2017-09-22,SS-20140,1702,5,244.55,114.9385,0.0,2017,9,False
CA-2017-122028,2017-08-18,2017-08-25,CK-12205,694,3,10.782,-7.9068,0.7,2017,8,False
US-2015-165512,2015-05-24,2015-05-26,VS-21820,754,7,602.651,-163.5767,0.3,2015,5,True
US-2015-165512,2015-05-24,2015-05-26,VS-21820,248,6,7.656,-13.0152,0.8,2015,5,False
CA-2015-140557,2015-09-07,2015-09-11,TN-21040,1328,7,559.93,167.979,0.0,2015,9,True
US-2017-135013,2017-07-24,2017-07-24,HR-14830,805,5,2399.96,839.986,0.2,2017,7,True
CA-2017-111220,2017-09-02,2017-09-08,JS-15595,121,4,16.0,5.6,0.2,2017,9,False
CA-2017-111220,2017-09-02,2017-09-08,JS-15595,297,2,5.588,-15.0876,0.8,2017,9,False
CA-2017-111220,2017-09-02,2017-09-08,JS-15595,290,5,235.92,-44.235,0.2,2017,9,False
US-2017-149006,2017-12-06,2017-12-08,BN-11470,1495,1,10.68,2.8836,0.0,2017,12,False
CA-2017-149468,2017-05-20,2017-05-20,AR-10405,1485,2,41.28,19.8144,0.0,2017,5,False
CA-2016-140249,2016-09-27,2016-10-03,SW-20455,1392,2,1001.584,125.198,0.2,2016,9,True
US-2017-135503,2017-12-10,2017-12-15,JE-16165,569,2,14.76,4.2804,0.0,2017,12,False
CA-2014-126277,2014-09-13,2014-09-18,LH-16900,81,3,2.502,-2.0016,0.7,2014,9,False
US-2017-115301,2017-07-29,2017-08-02,VG-21790,390,2,115.96,25.5112,0.0,2017,7,False
CA-2017-168942,2017-08-01,2017-08-05,EM-13960,645,3,186.54,50.3658,0.0,2017,8,False
US-2017-128398,2017-05-02,2017-05-05,EM-13825,1024,4,159.56,59.0372,0.0,2017,5,False
CA-2015-104115,2015-06-12,2015-06-16,JH-15910,1478,2,55.984,4.1988,0.2,2015,6,False
CA-2014-142510,2014-12-22,2014-12-29,NP-18700,543,1,132.16,9.912,0.2,2014,12,False
CA-2014-142510,2014-12-22,2014-12-29,NP-18700,1332,6,17.904,-31.332,0.8,2014,12,False
CA-2014-142510,2014-12-22,2014-12-29,NP-18700,1616,4,124.032,44.9616,0.2,2014,12,False
CA-2014-124247,2014-12-16,2014-12-21,SH-20635,1210,5,1403.92,70.196,0.2,2014,12,True
CA-2016-105473,2016-04-16,2016-04-18,BM-11785,1508,3,28.8,0.864,0.0,2016,4,False
CA-2015-102806,2015-05-21,2015-05-28,HG-14965,1638,2,24.588,-18.0312,0.7,2015,5,False
CA-2017-121706,2017-02-26,2017-03-02,BM-11140,1576,7,356.79,99.9012,0.0,2017,2,False
CA-2017-109211,2017-04-04,2017-04-10,PS-19045,373,1,16.98,8.49,0.0,2017,4,False
CA-2015-134257,2015-03-16,2015-03-19,MS-17710,534,5,491.55,240.8595,0.0,2015,3,False
CA-2015-134257,2015-03-16,2015-03-19,MS-17710,455,2,7.38,3.3948,0.0,2015,3,False
CA-2015-137925,2015-11-30,2015-12-04,JL-15235,273,7,23.66,10.8836,0.0,2015,11,False
CA-2015-137925,2015-11-30,2015-12-04,JL-15235,844,12,681.408,42.588,0.2,2015,11,True
CA-2016-140046,2016-07-28,2016-08-03,KM-16660,203,3,18.9,8.694,0.0,2016,7,False
CA-2016-140382,2016-06-23,2016-06-25,RD-19900,1094,4,93.68,25.2936,0.0,2016,6,False
CA-2016-140382,2016-06-23,2016-06-25,RD-19900,226,3,21.93,10.3071,0.0,2016,6,False
CA-2016-140382,2016-06-23,2016-06-25,RD-19900,1168,7,862.344,97.0137,0.2,2016,6,True
CA-2016-140382,2016-06-23,2016-06-25,RD-19900,1666,1,19.98,9.3906,0.0,2016,6,False
CA-2014-164182,2014-07-14,2014-07-18,ST-20530,783,1,13.494,-2.249,0.4,2014,7,False
CA-2014-164182,2014-07-14,2014-07-18,ST-20530,1846,2,23.988,-13.993,0.4,2014,7,False
CA-2014-164182,2014-07-14,2014-07-18,ST-20530,1562,2,31.984,1.1994,0.2,2014,7,False
CA-2014-164182,2014-07-14,2014-07-18,ST-20530,280,2,41.584,4.6782,0.2,2014,7,False
CA-2017-137365,2017-11-30,2017-12-03,BP-11095,1405,3,95.976,-10.7973,0.2,2017,11,False
CA-2016-129847,2016-09-02,2016-09-04,TA-21385,510,2,84.272,-75.8448,0.6,2016,9,False
CA-2014-126963,2014-06-15,2014-06-15,PS-18760,1687,2,36.544,11.8768,0.2,2014,6,False
CA-2016-125094,2016-11-05,2016-11-09,NP-18700,422,4,479.72,52.7692,0.0,2016,11,False
CA-2017-107132,2017-06-26,2017-06-30,SC-20260,703,2,102.368,37.1084,0.2,2017,6,False
CA-2017-107132,2017-06-26,2017-06-30,SC-20260,95,5,28.4,8.236,0.0,2017,6,False
CA-2017-107132,2017-06-26,2017-06-30,SC-20260,872,4,713.88,214.164,0.0,2017,6,True
CA-2017-107132,2017-06-26,2017-06-30,SC-20260,1783,3,68.52,31.5192,0.0,2017,6,False
CA-2015-139248,2015-07-25,2015-07-30,RD-19930,1100,5,623.96,38.9975,0.2,2015,7,True
CA-2014-148369,2014-09-23,2014-09-27,TH-21115,1641,4,11.12,5.4488,0.0,2014,9,False
CA-2016-106243,2016-09-30,2016-10-04,GM-14680,1187,5,523.92,-26.196,0.2,2016,9,True
CA-2015-126466,2015-11-09,2015-11-13,JO-15550,1195,2,2.48,1.1656,0.0,2015,11,False
CA-2015-130365,2015-04-25,2015-04-29,ZC-21910,1366,2,221.024,-55.256,0.2,2015,4,False
CA-2015-130365,2015-04-25,2015-04-29,ZC-21910,737,3,128.058,-23.7822,0.3,2015,4,False
CA-2017-143021,2017-11-19,2017-11-19,AP-10720,58,7,58.408,18.2525,0.2,2017,11,False
CA-2017-143021,2017-11-19,2017-11-19,AP-10720,835,3,79.974,-29.3238,0.4,2017,11,False
CA-2015-161767,2015-11-20,2015-11-24,GK-14620,1110,2,479.988,55.9986,0.4,2015,11,False
CA-2015-129917,2015-10-02,2015-10-03,HM-14980,1308,3,11.808,4.1328,0.2,2015,10,False
CA-2015-129917,2015-10-02,2015-10-03,HM-14980,697,4,53.568,19.4184,0.2,2015,10,False
CA-2015-129917,2015-10-02,2015-10-03,HM-14980,793,5,503.96,50.396,0.2,2015,10,True
CA-2015-115420,2015-04-25,2015-05-02,LS-16945,974,2,21.34,9.8164,0.0,2015,4,False
CA-2016-157588,2016-07-14,2016-07-19,AR-10570,411,5,36.4,17.108,0.0,2016,7,False
CA-2016-157588,2016-07-14,2016-07-19,AR-10570,881,1,51.75,15.525,0.0,2016,7,False
CA-2015-167255,2015-09-27,2015-09-29,RH-19510,1261,1,15.51,4.3428,0.0,2015,9,False
CA-2015-167255,2015-09-27,2015-09-29,RH-19510,1701,3,146.82,73.41,0.0,2015,9,False
CA-2015-167255,2015-09-27,2015-09-29,RH-19510,1823,2,12.96,6.2208,0.0,2015,9,False
CA-2017-162096,2017-11-10,2017-11-10,TB-21190,10,3,7.8,2.106,0.0,2017,11,False
CA-2016-157161,2016-07-16,2016-07-20,JD-15895,1284,5,10.2,4.794,0.0,2016,7,False
CA-2016-157161,2016-07-16,2016-07-20,JD-15895,539,3,22.32,5.58,0.0,2016,7,False
CA-2016-157161,2016-07-16,2016-07-20,JD-15895,1642,5,24.1,11.086,0.0,2016,7,False
CA-2016-157161,2016-07-16,2016-07-20,JD-15895,918,2,75.98,18.2352,0.0,2016,7,False
CA-2016-157161,2016-07-16,2016-07-20,JD-15895,1337,2,6.46,3.1654,0.0,2016,7,False
CA-2016-157161,2016-07-16,2016-07-20,JD-15895,788,9,60.12,28.8576,0.0,2016,7,False
CA-2015-110765,2015-10-16,2015-10-20,MP-17965,1093,3,824.97,214.4922,0.0,2015,10,True
CA-2016-163937,2016-01-10,2016-01-13,JB-16000,492,5,24.85,7.7035,0.0,2016,1,False
CA-2017-153822,2017-09-19,2017-09-25,AB-10105,129,2,12.624,-2.5248,0.2,2017,9,False
CA-2017-153822,2017-09-19,2017-09-25,AB-10105,1463,2,89.584,4.4792,0.2,2017,9,False
CA-2017-153822,2017-09-19,2017-09-25,AB-10105,1291,2,471.92,29.495,0.2,2017,9,False
CA-2017-153822,2017-09-19,2017-09-25,AB-10105,1280,4,18.18,-13.938,0.7,2017,9,False
CA-2017-146185,2017-09-15,2017-09-19,CC-12145,1311,2,31.744,8.3328,0.2,2017,9,False
CA-2015-112144,2015-06-28,2015-07-02,CY-12745,211,2,5.904,1.9926,0.2,2015,6,False
CA-2015-112144,2015-06-28,2015-07-02,CY-12745,595,4,621.76,46.632,0.2,2015,6,True
US-2016-119298,2016-11-25,2016-11-28,EP-13915,1223,2,59.98,17.994,0.0,2016,11,False
CA-2017-155159,2017-11-25,2017-11-29,DL-13315,1647,9,48.87,23.9463,0.0,2017,11,False
CA-2017-149076,2017-01-14,2017-01-19,SO-20335,1683,5,154.9,69.705,0.0,2017,1,False
CA-2014-146990,2014-11-07,2014-11-08,BP-11095,328,4,5.92,2.8416,0.0,2014,11,False
CA-2014-146990,2014-11-07,2014-11-08,BP-11095,1348,3,30.18,13.8828,0.0,2014,11,False
CA-2016-116526,2016-09-01,2016-09-05,JA-15970,1642,5,24.1,11.086,0.0,2016,9,False
CA-2016-116526,2016-09-01,2016-09-05,JA-15970,308,1,8.78,2.2828,0.0,2016,9,False
CA-2016-116526,2016-09-01,2016-09-05,JA-15970,612,4,376.74,71.162,0.1,2016,9,False
CA-2016-116526,2016-09-01,2016-09-05,JA-15970,695,4,29.52,14.4648,0.0,2016,9,False
CA-2016-116526,2016-09-01,2016-09-05,JA-15970,1121,2,11.96,2.99,0.0,2016,9,False
CA-2016-116526,2016-09-01,2016-09-05,JA-15970,1622,5,26.4,12.672,0.0,2016,9,False
CA-2017-158561,2017-11-11,2017-11-16,BB-11545,870,5,1158.12,130.2885,0.2,2017,11,True
CA-2017-165099,2017-12-11,2017-12-13,DK-13375,862,2,1.392,-3.7584,0.8,2017,12,False
CA-2015-109386,2015-11-08,2015-11-13,RH-19600,820,3,44.43,18.6606,0.0,2015,11,False
CA-2015-109386,2015-11-08,2015-11-13,RH-19600,39,5,226.2,58.812,0.0,2015,11,False
CA-2015-109386,2015-11-08,2015-11-13,RH-19600,514,3,186.54,41.0388,0.0,2015,11,False
CA-2015-109386,2015-11-08,2015-11-13,RH-19600,888,7,265.86,79.758,0.0,2015,11,False
CA-2015-109386,2015-11-08,2015-11-13,RH-19600,1120,5,27.9,6.975,0.0,2015,11,False
CA-2015-166800,2015-11-19,2015-11-26,AG-10300,864,4,31.08,8.3916,0.0,2015,11,False
CA-2017-117443,2017-12-23,2017-12-25,JB-15400,1636,4,13.84,-22.144,0.8,2017,12,False
CA-2017-117443,2017-12-23,2017-12-25,JB-15400,1728,4,175.872,63.7536,0.2,2017,12,False
US-2016-134369,2016-09-16,2016-09-22,BC-11125,1755,2,12.96,6.3504,0.0,2016,9,False
CA-2017-123687,2017-05-26,2017-05-29,KC-16675,301,3,208.44,62.532,0.0,2017,5,False
CA-2017-123687,2017-05-26,2017-05-29,KC-16675,1044,2,25.76,0.7728,0.0,2017,5,False
CA-2015-104871,2015-03-30,2015-04-03,DR-12940,1205,4,366.744,-110.0232,0.3,2015,3,False
CA-2014-133158,2014-08-19,2014-08-21,DW-13195,513,7,289.24,26.0316,0.0,2014,8,False
CA-2014-133158,2014-08-19,2014-08-21,DW-13195,1419,2,69.456,22.5732,0.2,2014,8,False
CA-2014-126333,2014-12-23,2014-12-28,ME-18010,1795,1,5.184,1.8144,0.2,2014,12,False
CA-2015-141740,2015-11-01,2015-11-05,JF-15490,837,2,205.164,13.6776,0.1,2015,11,False
CA-2014-119466,2014-12-15,2014-12-21,SP-20860,504,2,8.544,-7.476,0.6,2014,12,False
CA-2015-154823,2015-08-21,2015-08-25,KN-16390,57,2,12.828,-8.9796,0.7,2015,8,False
CA-2015-154823,2015-08-21,2015-08-25,KN-16390,741,3,598.458,-42.747,0.3,2015,8,True
CA-2015-154823,2015-08-21,2015-08-25,KN-16390,1539,1,25.984,-3.8976,0.2,2015,8,False
US-2014-135881,2014-05-23,2014-05-27,GT-14710,259,5,17.96,5.837,0.2,2014,5,False
US-2014-135881,2014-05-23,2014-05-27,GT-14710,981,2,5.04,0.1512,0.0,2014,5,False
US-2014-135881,2014-05-23,2014-05-27,GT-14710,8,1,208.16,56.2032,0.0,2014,5,False
CA-2017-141201,2017-12-09,2017-12-11,DB-12910,1182,3,148.257,15.6978,0.15,2017,12,False
CA-2014-114790,2014-03-11,2014-03-13,FM-14215,653,3,146.76,38.1576,0.0,2014,3,False
CA-2014-114790,2014-03-11,2014-03-13,FM-14215,1059,2,32.96,14.1728,0.0,2014,3,False
CA-2014-114790,2014-03-11,2014-03-13,FM-14215,1242,3,587.97,164.6316,0.0,2014,3,True
CA-2014-114790,2014-03-11,2014-03-13,FM-14215,1770,3,14.94,7.0218,0.0,2014,3,False
US-2016-154256,2016-06-23,2016-06-27,SM-20005,194,7,25.83,12.1401,0.0,2016,6,False
CA-2014-124737,2014-08-23,2014-08-27,AP-10915,1766,3,15.552,5.4432,0.2,2014,8,False
CA-2014-124737,2014-08-23,2014-08-27,AP-10915,101,1,6.8,0.51,0.2,2014,8,False
CA-2014-124737,2014-08-23,2014-08-27,AP-10915,1345,3,4.224,1.2672,0.2,2014,8,False
CA-2014-124737,2014-08-23,2014-08-27,AP-10915,442,9,143.64,10.773,0.2,2014,8,False
CA-2014-124737,2014-08-23,2014-08-27,AP-10915,1718,6,31.104,10.8864,0.2,2014,8,False
CA-2014-124737,2014-08-23,2014-08-27,AP-10915,1779,9,223.056,69.705,0.2,2014,8,False
US-2017-101840,2017-02-06,2017-02-12,SP-20545,777,6,227.46,65.9634,0.0,2017,2,False
US-2017-101840,2017-02-06,2017-02-12,SP-20545,76,4,46.24,15.606,0.2,2017,2,False
CA-2017-131653,2017-01-29,2017-02-05,RD-19585,1257,2,5.22,2.4012,0.0,2017,1,False
US-2016-157840,2016-12-20,2016-12-23,MC-17575,1516,5,33.9,15.594,0.0,2016,12,False
CA-2016-145548,2016-11-11,2016-11-16,EB-13750,1495,3,28.14,7.8792,0.0,2016,11,False
CA-2016-145548,2016-11-11,2016-11-16,EB-13750,957,2,36.0,6.48,0.0,2016,11,False
CA-2016-145548,2016-11-11,2016-11-16,EB-13750,363,3,92.94,25.0938,0.0,2016,11,False
CA-2016-145548,2016-11-11,2016-11-16,EB-13750,772,3,245.646,8.1882,0.1,2016,11,False
CA-2016-145548,2016-11-11,2016-11-16,EB-13750,519,3,55.008,17.19,0.2,2016,11,False
CA-2016-145548,2016-11-11,2016-11-16,EB-13750,1836,3,35.232,11.4504,0.2,2016,11,False
CA-2017-119494,2017-11-09,2017-11-13,JE-15610,989,3,523.392,52.3392,0.2,2017,11,True
CA-2014-124618,2014-05-02,2014-05-04,CS-11860,371,2,479.984,89.997,0.2,2014,5,False
CA-2017-161970,2017-09-22,2017-09-27,PB-19105,1815,2,12.96,6.2208,0.0,2017,9,False
CA-2017-161970,2017-09-22,2017-09-27,PB-19105,1517,3,17.94,6.4584,0.0,2017,9,False
CA-2017-103443,2017-12-17,2017-12-23,AT-10735,1383,2,166.72,41.68,0.0,2017,12,False
CA-2017-103443,2017-12-17,2017-12-23,AT-10735,721,3,24.816,8.3754,0.2,2017,12,False
CA-2017-103443,2017-12-17,2017-12-23,AT-10735,514,2,124.36,27.3592,0.0,2017,12,False
US-2017-165358,2017-07-18,2017-07-23,SV-20365,399,5,599.97,69.9965,0.4,2017,7,True
US-2017-165358,2017-07-18,2017-07-23,SV-20365,1450,4,198.744,-14.196,0.3,2017,7,False
US-2017-165358,2017-07-18,2017-07-23,SV-20365,93,2,9.184,1.148,0.2,2017,7,False
CA-2016-160136,2016-11-03,2016-11-09,PJ-18835,1768,2,9.248,3.3524,0.2,2016,11,False
CA-2014-150581,2014-04-08,2014-04-12,NM-18445,317,1,99.592,2.4898,0.2,2014,4,False
CA-2014-150581,2014-04-08,2014-04-12,NM-18445,1016,4,399.96,139.986,0.0,2014,4,False
CA-2016-119515,2016-08-14,2016-08-16,TR-21325,1794,3,15.552,5.4432,0.2,2016,8,False
CA-2014-141355,2014-09-25,2014-09-30,BF-11005,528,2,14.576,2.3686,0.2,2014,9,False
CA-2016-165330,2016-12-11,2016-12-11,WB-21850,898,5,209.6,68.12,0.2,2016,12,False
CA-2016-165330,2016-12-11,2016-12-11,WB-21850,351,2,23.32,6.0632,0.0,2016,12,False
CA-2016-165330,2016-12-11,2016-12-11,WB-21850,892,1,30.98,13.941,0.0,2016,12,False
CA-2016-165330,2016-12-11,2016-12-11,WB-21850,1087,4,119.96,25.1916,0.0,2016,12,False
CA-2016-165330,2016-12-11,2016-12-11,WB-21850,772,5,363.92,-31.843,0.2,2016,12,False
CA-2016-165330,2016-12-11,2016-12-11,WB-21850,1332,3,35.808,11.19,0.2,2016,12,False
CA-2016-165330,2016-12-11,2016-12-11,WB-21850,707,9,122.688,39.8736,0.2,2016,12,False
CA-2016-165330,2016-12-11,2016-12-11,WB-21850,849,7,892.136,111.517,0.2,2016,12,True
CA-2016-165330,2016-12-11,2016-12-11,WB-21850,1355,3,50.22,2.0088,0.0,2016,12,False
CA-2016-165330,2016-12-11,2016-12-11,WB-21850,629,2,83.42,24.1918,0.0,2016,12,False
CA-2016-165330,2016-12-11,2016-12-11,WB-21850,339,2,5.872,2.1286,0.2,2016,12,False
CA-2015-132633,2015-02-03,2015-02-05,KH-16630,1640,3,12.144,4.0986,0.2,2015,2,False
CA-2016-157742,2016-12-29,2016-12-31,KL-16645,1249,3,27.792,10.422,0.2,2016,12,False
CA-2017-127712,2017-08-31,2017-09-05,MG-17890,92,2,6.208,0.6984,0.2,2017,8,False
CA-2017-169474,2017-02-04,2017-02-09,JF-15355,294,3,32.67,8.4942,0.0,2017,2,False
CA-2014-106726,2014-12-06,2014-12-08,RS-19765,1490,7,1261.33,327.9458,0.0,2014,12,True
CA-2016-147473,2016-05-30,2016-06-03,NL-18310,1825,6,38.88,18.6624,0.0,2016,5,False
CA-2016-114209,2016-05-21,2016-05-26,AS-10285,1305,2,1.964,-3.2406,0.8,2016,5,False
CA-2016-114209,2016-05-21,2016-05-26,AS-10285,1467,9,82.656,30.996,0.2,2016,5,False
CA-2014-141901,2014-08-09,2014-08-14,GM-14500,779,1,5.98,2.691,0.0,2014,8,False
CA-2016-164490,2016-09-05,2016-09-10,SU-20665,1749,2,9.248,3.3524,0.2,2016,9,False
CA-2016-112256,2016-07-23,2016-07-28,CK-12205,1147,2,4.448,0.3336,0.2,2016,7,False
CA-2016-112256,2016-07-23,2016-07-28,CK-12205,1829,1,5.184,1.8144,0.2,2016,7,False
CA-2016-112256,2016-07-23,2016-07-28,CK-12205,348,5,175.92,15.393,0.2,2016,7,False
CA-2016-112256,2016-07-23,2016-07-28,CK-12205,1511,4,4.752,-8.316,0.8,2016,7,False
CA-2016-112256,2016-07-23,2016-07-28,CK-12205,88,2,13.344,1.0008,0.2,2016,7,False
CA-2016-167416,2016-05-12,2016-05-17,JM-15580,1042,5,54.9,26.901,0.0,2016,5,False
CA-2016-106950,2016-09-02,2016-09-06,JE-15715,802,7,22.911,-17.5651,0.7,2016,9,False
CA-2016-106950,2016-09-02,2016-09-06,JE-15715,306,9,309.456,34.8138,0.2,2016,9,False
CA-2016-106950,2016-09-02,2016-09-06,JE-15715,1841,4,19.456,3.4048,0.2,2016,9,False
CA-2016-106950,2016-09-02,2016-09-06,JE-15715,854,3,472.518,-149.6307,0.4,2016,9,False
CA-2016-106950,2016-09-02,2016-09-06,JE-15715,1276,3,1012.68,303.804,0.2,2016,9,True
CA-2016-106950,2016-09-02,2016-09-06,JE-15715,696,5,17.22,-12.628,0.7,2016,9,False
CA-2017-118724,2017-07-21,2017-07-25,AR-10825,1166,2,3.52,1.6896,0.0,2017,7,False
CA-2017-118724,2017-07-21,2017-07-25,AR-10825,1287,9,1626.192,121.9644,0.2,2017,7,True
CA-2017-112004,2017-09-25,2017-09-28,AH-10075,258,5,8.595,-6.303,0.7,2017,9,False
CA-2017-112004,2017-09-25,2017-09-28,AH-10075,460,2,190.896,-42.9516,0.2,2017,9,False
US-2017-143175,2017-08-03,2017-08-06,GA-14515,636,3,99.87,23.9688,0.0,2017,8,False
CA-2015-105844,2015-10-25,2015-10-27,JF-15415,1125,4,79.36,23.808,0.0,2015,10,False
CA-2017-118864,2017-06-15,2017-06-19,KH-16690,1237,1,119.96,7.4975,0.2,2017,6,False
CA-2015-119480,2015-01-09,2015-01-13,CC-12685,537,3,106.32,49.9704,0.0,2015,1,False
CA-2015-119480,2015-01-09,2015-01-13,CC-12685,293,3,163.44,45.7632,0.0,2015,1,False
CA-2015-119480,2015-01-09,2015-01-13,CC-12685,353,2,42.76,11.1176,0.0,2015,1,False
CA-2015-119480,2015-01-09,2015-01-13,CC-12685,1479,5,51.55,24.2285,0.0,2015,1,False
US-2015-153374,2015-02-09,2015-02-13,JF-15565,1016,6,479.952,89.991,0.2,2015,2,False
CA-2016-101980,2016-08-19,2016-08-20,RP-19390,1521,6,146.688,55.008,0.2,2016,8,False
CA-2016-101980,2016-08-19,2016-08-20,RP-19390,894,2,276.784,89.9548,0.2,2016,8,False
CA-2016-101980,2016-08-19,2016-08-20,RP-19390,408,5,25.32,9.1785,0.2,2016,8,False
CA-2017-144596,2017-11-06,2017-11-10,CD-11980,1690,9,318.96,149.9112,0.0,2017,11,False
CA-2015-124933,2015-12-26,2015-12-30,DF-13135,1690,6,212.64,99.9408,0.0,2015,12,False
CA-2014-159625,2014-11-23,2014-11-28,SM-20005,1493,3,23.472,8.802,0.2,2014,11,False
CA-2016-144337,2016-08-01,2016-08-05,SG-20890,537,2,19.648,6.6312,0.2,2016,8,False
CA-2014-117478,2014-09-21,2014-09-24,LH-16750,146,3,6.57,-5.037,0.7,2014,9,False
CA-2017-147410,2017-09-04,2017-09-08,EJ-14155,14,2,421.1,105.275,0.0,2017,9,False
CA-2017-128944,2017-06-19,2017-06-21,KH-16330,750,6,760.116,-43.4352,0.3,2017,6,True
CA-2017-128944,2017-06-19,2017-06-21,KH-16330,468,3,38.784,7.272,0.2,2017,6,False
CA-2017-128944,2017-06-19,2017-06-21,KH-16330,1066,9,122.328,1.5291,0.2,2017,6,False
CA-2016-109666,2016-04-19,2016-04-26,KM-16720,731,2,25.98,0.7794,0.0,2016,4,False
CA-2016-109666,2016-04-19,2016-04-26,KM-16720,274,2,3.28,1.476,0.0,2016,4,False
CA-2016-109666,2016-04-19,2016-04-26,KM-16720,1476,4,459.88,13.7964,0.0,2016,4,False
CA-2016-109666,2016-04-19,2016-04-26,KM-16720,92,2,7.76,2.2504,0.0,2016,4,False
CA-2016-109666,2016-04-19,2016-04-26,KM-16720,1231,2,71.96,17.99,0.0,2016,4,False
CA-2016-109666,2016-04-19,2016-04-26,KM-16720,670,5,54.9,15.372,0.0,2016,4,False
CA-2016-109666,2016-04-19,2016-04-26,KM-16720,1626,2,9.28,3.248,0.2,2016,4,False
US-2016-102239,2016-05-05,2016-05-06,LW-16990,735,6,1685.88,320.3172,0.0,2016,5,True
US-2016-102239,2016-05-05,2016-05-06,LW-16990,262,2,5.728,2.0048,0.2,2016,5,False
CA-2014-143168,2014-10-18,2014-10-23,IG-15085,1711,2,61.96,27.882,0.0,2014,10,False
CA-2014-143168,2014-10-18,2014-10-23,IG-15085,462,1,1.344,0.4704,0.2,2014,10,False
CA-2017-104906,2017-02-13,2017-02-17,JP-15460,1688,3,17.94,8.7906,0.0,2017,2,False
CA-2017-118122,2017-11-17,2017-11-24,GG-14650,413,2,13.904,4.5188,0.2,2017,11,False
US-2014-147774,2014-01-20,2014-01-26,MM-18280,685,1,67.194,-51.5154,0.7,2014,1,False
CA-2017-166926,2017-12-01,2017-12-08,SO-20335,1735,7,41.86,18.837,0.0,2017,12,False
CA-2017-166926,2017-12-01,2017-12-08,SO-20335,846,2,141.96,41.1684,0.0,2017,12,False
CA-2015-128013,2015-08-09,2015-08-16,MF-18250,1198,3,10.02,4.4088,0.0,2015,8,False
CA-2015-128013,2015-08-09,2015-08-16,MF-18250,1667,3,144.12,69.1776,0.0,2015,8,False
CA-2016-123176,2016-09-27,2016-09-29,JG-15160,1754,3,17.94,8.7906,0.0,2016,9,False
CA-2016-123176,2016-09-27,2016-09-29,JG-15160,331,3,13.89,4.5837,0.0,2016,9,False
US-2016-117541,2016-11-14,2016-11-20,JM-16195,1569,5,16.45,7.567,0.0,2016,11,False
US-2016-117541,2016-11-14,2016-11-20,JM-16195,1488,4,19.92,6.5736,0.0,2016,11,False
CA-2016-166282,2016-04-16,2016-04-22,PK-19075,1068,4,35.168,8.3524,0.2,2016,4,False
CA-2016-166282,2016-04-16,2016-04-22,PK-19075,1489,7,123.088,40.0036,0.2,2016,4,False
CA-2017-141439,2017-11-26,2017-12-01,TT-21460,942,3,257.94,67.0644,0.0,2017,11,False
CA-2017-141439,2017-11-26,2017-12-01,TT-21460,1394,4,1879.96,545.1884,0.0,2017,11,True
CA-2017-141439,2017-11-26,2017-12-01,TT-21460,493,2,27.46,9.8856,0.0,2017,11,False
CA-2017-141439,2017-11-26,2017-12-01,TT-21460,923,2,89.98,43.1904,0.0,2017,11,False
CA-2017-141439,2017-11-26,2017-12-01,TT-21460,1363,3,828.6,240.294,0.0,2017,11,True
CA-2015-163965,2015-11-20,2015-11-27,SS-20875,1642,5,7.23,-5.784,0.7,2015,11,False
CA-2015-163965,2015-11-20,2015-11-27,SS-20875,472,2,17.44,1.308,0.2,2015,11,False
CA-2015-163965,2015-11-20,2015-11-27,SS-20875,898,4,62.88,-50.304,0.7,2015,11,False
CA-2015-163965,2015-11-20,2015-11-27,SS-20875,1188,3,290.352,-36.294,0.2,2015,11,False
CA-2017-128783,2017-09-07,2017-09-07,TG-21640,1053,4,113.52,46.5432,0.0,2017,9,False
CA-2017-128783,2017-09-07,2017-09-07,TG-21640,505,5,135.3,37.884,0.0,2017,9,False
CA-2014-122217,2014-11-24,2014-11-29,HP-14815,620,5,111.15,48.906,0.0,2014,11,False
US-2017-141558,2017-03-11,2017-03-16,MH-17290,1169,5,776.85,-181.265,0.4,2017,3,True
US-2017-141558,2017-03-11,2017-03-16,MH-17290,270,1,12.294,-8.6058,0.7,2017,3,False
US-2017-141558,2017-03-11,2017-03-16,MH-17290,942,3,154.764,-46.4292,0.4,2017,3,False
US-2017-141558,2017-03-11,2017-03-16,MH-17290,522,1,43.28,3.246,0.2,2017,3,False
CA-2016-139941,2016-06-12,2016-06-17,CB-12415,892,3,92.94,41.823,0.0,2016,6,False
CA-2016-139941,2016-06-12,2016-06-17,CB-12415,336,3,52.56,18.396,0.0,2016,6,False
CA-2015-166583,2015-06-26,2015-06-30,VD-21670,1289,3,971.88,109.3365,0.2,2015,6,True
CA-2017-100412,2017-12-22,2017-12-26,SR-20425,1450,2,141.96,35.49,0.0,2017,12,False
CA-2017-142909,2017-12-22,2017-12-25,AG-10330,977,2,182.55,-135.087,0.5,2017,12,False
CA-2014-137911,2014-10-09,2014-10-15,BP-11095,538,2,88.768,31.0688,0.2,2014,10,False
CA-2015-106208,2015-12-10,2015-12-15,JW-16075,26,7,53.088,-108.8304,0.8,2015,12,False
US-2015-136749,2015-12-25,2015-12-27,LH-16900,1535,6,275.88,46.8996,0.0,2015,12,False
US-2015-136749,2015-12-25,2015-12-27,LH-16900,1577,5,157.9,74.213,0.0,2015,12,False
CA-2017-126718,2017-04-29,2017-05-04,KT-16480,454,1,4.91,2.4059,0.0,2017,4,False
CA-2016-131380,2016-03-28,2016-03-31,CC-12220,1352,4,87.92,0.8792,0.0,2016,3,False
CA-2016-131380,2016-03-28,2016-03-31,CC-12220,1774,1,5.98,2.9302,0.0,2016,3,False
CA-2015-145835,2015-05-13,2015-05-18,BF-11170,1570,2,222.384,16.6788,0.2,2015,5,False
CA-2015-145835,2015-05-13,2015-05-18,BF-11170,121,4,16.0,5.6,0.2,2015,5,False
CA-2014-138709,2014-07-04,2014-07-09,MS-17770,1474,3,21.84,10.92,0.0,2014,7,False
CA-2014-138709,2014-07-04,2014-07-09,MS-17770,1842,5,15.6,7.644,0.0,2014,7,False
CA-2014-122070,2014-04-22,2014-04-24,AH-10030,1493,8,247.84,121.4416,0.0,2014,4,False
CA-2014-122070,2014-04-22,2014-04-24,AH-10030,32,3,9.912,3.3453,0.2,2014,4,False
CA-2016-158610,2016-09-19,2016-09-22,CK-12595,824,2,69.52,17.38,0.0,2016,9,False
CA-2014-117464,2014-07-22,2014-07-24,NP-18325,1126,4,11.52,3.2256,0.0,2014,7,False
CA-2014-117464,2014-07-22,2014-07-24,NP-18325,740,3,717.72,71.772,0.2,2014,7,True
CA-2014-117464,2014-07-22,2014-07-24,NP-18325,580,10,236.5,68.585,0.0,2014,7,False
CA-2014-117464,2014-07-22,2014-07-24,NP-18325,1379,3,170.352,19.1646,0.2,2014,7,False
US-2017-168613,2017-10-08,2017-10-14,GM-14440,1207,2,145.764,3.2392,0.1,2017,10,False
CA-2017-125381,2017-04-25,2017-04-27,SG-20605,1461,3,107.97,22.6737,0.0,2017,4,False
US-2017-141677,2017-03-26,2017-03-30,HK-14890,1461,5,143.96,1.7995,0.2,2017,3,False
US-2017-141677,2017-03-26,2017-03-30,HK-14890,401,5,2399.96,569.9905,0.2,2017,3,True
US-2017-141677,2017-03-26,2017-03-30,HK-14890,1740,3,74.352,23.235,0.2,2017,3,False
US-2017-141677,2017-03-26,2017-03-30,HK-14890,293,8,87.168,-226.6368,0.8,2017,3,False
US-2017-141677,2017-03-26,2017-03-30,HK-14890,1109,3,32.232,2.4174,0.2,2017,3,False
CA-2017-133067,2017-05-04,2017-05-10,MY-18295,339,2,2.202,-1.5414,0.7,2017,5,False
CA-2017-133067,2017-05-04,2017-05-10,MY-18295,177,3,9.396,-7.5168,0.7,2017,5,False
US-2016-144351,2016-11-14,2016-11-18,RC-19960,346,3,89.97,25.1916,0.0,2016,11,False
CA-2014-106054,2014-01-06,2014-01-07,JO-15145,527,3,12.78,5.2398,0.0,2014,1,False
CA-2016-138667,2016-12-27,2016-12-30,MW-18220,1083,2,40.0,0.5,0.2,2016,12,False
CA-2017-150609,2017-04-30,2017-05-04,NZ-18565,639,5,23.24,7.553,0.2,2017,4,False
CA-2017-128853,2017-04-21,2017-04-23,JM-15250,752,9,908.82,227.205,0.0,2017,4,True
CA-2017-133102,2017-08-17,2017-08-24,ED-13885,77,2,5.552,-1.041,0.2,2017,8,False
CA-2017-133102,2017-08-17,2017-08-24,ED-13885,244,3,8.016,1.002,0.2,2017,8,False
CA-2017-133102,2017-08-17,2017-08-24,ED-13885,1369,4,74.592,-2.1312,0.3,2017,8,False
CA-2017-133102,2017-08-17,2017-08-24,ED-13885,18,2,16.784,-22.2388,0.6,2017,8,False
CA-2017-133102,2017-08-17,2017-08-24,ED-13885,310,4,38.864,-99.1032,0.8,2017,8,False
CA-2016-164399,2016-11-12,2016-11-15,DW-13480,1240,3,203.976,25.497,0.2,2016,11,False
CA-2016-164399,2016-11-12,2016-11-15,DW-13480,735,3,674.352,-8.4294,0.2,2016,11,True
CA-2016-116918,2016-10-01,2016-10-06,JK-15205,259,4,5.388,-4.49,0.7,2016,10,False
CA-2016-116918,2016-10-01,2016-10-06,JK-15205,1500,8,30.976,5.0336,0.2,2016,10,False
CA-2016-110492,2016-02-12,2016-02-14,JS-15880,1551,6,1350.12,175.5156,0.0,2016,2,True
CA-2016-110492,2016-02-12,2016-02-14,JS-15880,241,4,15.92,7.4824,0.0,2016,2,False
CA-2016-147683,2016-11-13,2016-11-17,PO-19180,489,2,19.54,7.2298,0.0,2016,11,False
CA-2014-116785,2014-04-26,2014-04-30,MH-17290,1156,5,21.4,6.206,0.0,2014,4,False
CA-2014-116785,2014-04-26,2014-04-30,MH-17290,203,2,12.6,5.796,0.0,2014,4,False
US-2015-156797,2015-08-11,2015-08-15,PO-19180,1138,2,11.96,3.1096,0.0,2015,8,False
US-2015-156797,2015-08-11,2015-08-15,PO-19180,40,2,138.0,34.5,0.0,2015,8,False
CA-2016-104276,2016-11-27,2016-12-03,HF-14995,1620,1,116.76,14.595,0.2,2016,11,False
CA-2016-104276,2016-11-27,2016-12-03,HF-14995,942,7,331.023,-114.3534,0.45,2016,11,False
CA-2016-120369,2016-10-28,2016-10-28,VB-21745,1537,5,756.8,75.68,0.0,2016,10,True
CA-2014-118276,2014-12-29,2015-01-02,MG-17890,1048,3,8.736,-4.8048,0.6,2014,12,False
CA-2015-136658,2015-09-10,2015-09-17,BO-11425,1041,2,6.08,2.0672,0.0,2015,9,False
CA-2017-137414,2017-10-02,2017-10-06,CM-12115,506,2,17.46,5.9364,0.0,2017,10,False
CA-2017-137414,2017-10-02,2017-10-06,CM-12115,1347,11,369.16,32.3015,0.2,2017,10,False
CA-2016-143476,2016-09-11,2016-09-13,LC-16930,473,2,2.912,0.91,0.2,2016,9,False
CA-2016-143476,2016-09-11,2016-09-13,LC-16930,1766,4,20.736,7.2576,0.2,2016,9,False
CA-2016-143476,2016-09-11,2016-09-13,LC-16930,779,2,9.568,2.99,0.2,2016,9,False
US-2016-119046,2016-06-02,2016-06-06,EH-13765,1348,3,30.18,13.8828,0.0,2016,6,False
US-2016-119046,2016-06-02,2016-06-06,EH-13765,66,12,51.648,18.7224,0.2,2016,6,False
US-2016-119046,2016-06-02,2016-06-06,EH-13765,82,3,11.232,3.9312,0.2,2016,6,False
CA-2017-154949,2017-10-15,2017-10-19,MC-17275,184,3,14.73,7.2177,0.0,2017,10,False
CA-2015-103072,2015-09-27,2015-09-30,HW-14935,1128,5,16.4,4.756,0.0,2015,9,False
CA-2015-103072,2015-09-27,2015-09-30,HW-14935,1788,4,25.92,12.4416,0.0,2015,9,False
CA-2015-150770,2015-05-03,2015-05-06,LC-16870,1123,3,8.82,2.5578,0.0,2015,5,False
CA-2015-150770,2015-05-03,2015-05-06,LC-16870,903,2,62.496,21.8736,0.2,2015,5,False
CA-2015-150770,2015-05-03,2015-05-06,LC-16870,1021,4,339.96,122.3856,0.0,2015,5,False
CA-2015-150770,2015-05-03,2015-05-06,LC-16870,693,2,49.568,17.3488,0.2,2015,5,False
CA-2017-154760,2017-01-09,2017-01-13,BP-11290,896,3,274.491,-228.7425,0.7,2017,1,False
US-2017-104437,2017-01-27,2017-01-31,TG-21310,939,3,137.94,35.8644,0.0,2017,1,False
CA-2017-113075,2017-09-02,2017-09-06,MC-18100,961,3,40.68,-7.119,0.2,2017,9,False
CA-2016-109953,2016-07-14,2016-07-18,RB-19360,1244,3,110.376,12.4173,0.2,2016,7,False
CA-2016-109953,2016-07-14,2016-07-18,RB-19360,815,7,151.62,50.0346,0.0,2016,7,False
CA-2016-109953,2016-07-14,2016-07-18,RB-19360,509,4,30.8,10.164,0.0,2016,7,False
CA-2017-127397,2017-02-24,2017-02-28,ES-14080,1779,5,123.92,38.725,0.2,2017,2,False
CA-2017-127397,2017-02-24,2017-02-28,ES-14080,1269,5,1319.8,214.4675,0.2,2017,2,True
CA-2014-157546,2014-07-20,2014-07-22,RD-19720,448,6,89.712,30.2778,0.2,2014,7,False
CA-2014-157546,2014-07-20,2014-07-22,RD-19720,1653,3,22.83,10.7301,0.0,2014,7,False
CA-2017-153843,2017-03-13,2017-03-15,SC-20380,715,2,30.88,15.44,0.0,2017,3,False
CA-2017-153843,2017-03-13,2017-03-15,SC-20380,863,2,465.16,120.9416,0.0,2017,3,False
CA-2017-153843,2017-03-13,2017-03-15,SC-20380,1516,4,27.12,12.4752,0.0,2017,3,False
CA-2016-137337,2016-03-08,2016-03-12,GB-14575,457,8,113.6,44.304,0.0,2016,3,False
CA-2016-137337,2016-03-08,2016-03-12,GB-14575,1785,2,12.96,6.3504,0.0,2016,3,False
CA-2016-137337,2016-03-08,2016-03-12,GB-14575,1419,2,69.456,22.5732,0.2,2016,3,False
CA-2014-138737,2014-12-07,2014-12-10,FP-14320,1126,3,8.64,2.4192,0.0,2014,12,False
CA-2016-164924,2016-07-10,2016-07-10,EA-14035,372,3,341.991,-319.1916,0.7,2016,7,False
CA-2016-101651,2016-12-24,2016-12-30,SC-20305,549,7,43.96,18.4632,0.0,2016,12,False
CA-2016-101651,2016-12-24,2016-12-30,SC-20305,1493,7,39.76,18.6872,0.0,2016,12,False
CA-2017-136651,2017-04-23,2017-04-25,JF-15355,490,7,66.36,26.544,0.0,2017,4,False
CA-2017-136651,2017-04-23,2017-04-25,JF-15355,687,6,92.88,30.186,0.2,2017,4,False
CA-2017-136651,2017-04-23,2017-04-25,JF-15355,552,2,24.14,7.9662,0.0,2017,4,False
CA-2017-118892,2017-08-17,2017-08-22,TP-21415,786,9,4416.174,-630.882,0.3,2017,8,True
US-2017-151127,2017-05-22,2017-05-25,RL-19615,1373,7,49.56,18.8328,0.0,2017,5,False
CA-2017-145807,2017-02-09,2017-02-13,SB-20170,1437,5,354.9,17.745,0.0,2017,2,False
US-2014-127978,2014-03-03,2014-03-08,JS-15595,203,3,15.12,4.914,0.2,2014,3,False
US-2014-127978,2014-03-03,2014-03-08,JS-15595,1183,5,302.45,-199.617,0.5,2014,3,False
US-2014-127978,2014-03-03,2014-03-08,JS-15595,587,8,44.672,-10.0512,0.2,2014,3,False
CA-2015-158491,2015-06-04,2015-06-09,BP-11155,1013,2,119.98,35.994,0.0,2015,6,False
CA-2015-158491,2015-06-04,2015-06-09,BP-11155,1028,3,989.97,395.988,0.0,2015,6,True
CA-2016-116764,2016-08-27,2016-09-02,EM-13825,191,4,9.216,3.3408,0.2,2016,8,False
CA-2016-152457,2016-09-12,2016-09-18,SC-20695,1783,3,68.52,31.5192,0.0,2016,9,False
CA-2016-152730,2016-05-30,2016-06-04,EM-14140,54,3,364.74,109.422,0.0,2016,5,False
CA-2016-152730,2016-05-30,2016-06-04,EM-14140,480,5,47.4,21.33,0.0,2016,5,False
CA-2016-152730,2016-05-30,2016-06-04,EM-14140,588,4,49.76,13.9328,0.0,2016,5,False
CA-2016-152730,2016-05-30,2016-06-04,EM-14140,1141,2,5.56,1.4456,0.0,2016,5,False
CA-2016-152730,2016-05-30,2016-06-04,EM-14140,1700,6,629.1,301.968,0.0,2016,5,True
CA-2016-152730,2016-05-30,2016-06-04,EM-14140,1152,5,14.7,3.969,0.0,2016,5,False
CA-2016-152730,2016-05-30,2016-06-04,EM-14140,1813,7,45.36,21.7728,0.0,2016,5,False
CA-2016-152730,2016-05-30,2016-06-04,EM-14140,1594,1,125.99,35.2772,0.0,2016,5,False
CA-2017-137001,2017-06-10,2017-06-13,GZ-14545,1410,7,14.7,4.116,0.0,2017,6,False
CA-2017-156363,2017-10-22,2017-10-28,ML-17395,967,5,32.7,-6.54,0.4,2017,10,False
CA-2017-156363,2017-10-22,2017-10-28,ML-17395,7,4,31.68,11.088,0.2,2017,10,False
CA-2017-122056,2017-06-13,2017-06-17,PG-18895,354,7,181.86,50.9208,0.0,2017,6,False
US-2014-143721,2014-11-23,2014-11-26,DK-12835,1213,2,155.372,-35.5136,0.3,2014,11,False
CA-2017-122987,2017-08-16,2017-08-16,SJ-20215,1332,3,13.428,-11.19,0.7,2017,8,False
CA-2017-122987,2017-08-16,2017-08-16,SJ-20215,70,4,67.136,-0.8392,0.2,2017,8,False
CA-2016-133368,2016-01-14,2016-01-20,AG-10675,1664,2,89.568,32.4684,0.2,2016,1,False
CA-2016-133368,2016-01-14,2016-01-20,AG-10675,594,8,315.776,31.5776,0.2,2016,1,False
CA-2016-123337,2016-09-16,2016-09-22,KD-16495,1427,2,273.666,-12.8784,0.15,2016,9,False
CA-2016-123337,2016-09-16,2016-09-22,KD-16495,609,4,17.48,4.5448,0.0,2016,9,False
US-2016-150357,2016-10-10,2016-10-14,EB-13975,1044,2,20.608,-4.3792,0.2,2016,10,False
US-2016-150357,2016-10-10,2016-10-14,EB-13975,1309,3,4.095,-2.73,0.7,2016,10,False
CA-2015-144519,2015-11-13,2015-11-17,AW-10930,1240,5,339.96,42.495,0.2,2015,11,False
CA-2015-144519,2015-11-13,2015-11-17,AW-10930,590,7,63.98,21.7532,0.0,2015,11,False
CA-2014-120670,2014-11-02,2014-11-06,JK-16120,1327,10,799.92,239.976,0.2,2014,11,True
CA-2016-157217,2016-07-19,2016-07-21,TC-21535,783,2,35.984,4.498,0.2,2016,7,False
CA-2016-157217,2016-07-19,2016-07-21,TC-21535,1000,3,389.97,132.5898,0.0,2016,7,False
CA-2016-108224,2016-05-14,2016-05-14,TH-21235,911,7,185.528,48.7011,0.2,2016,5,False
CA-2015-162782,2015-02-21,2015-02-27,PW-19240,650,2,2541.98,1270.99,0.0,2015,2,True
CA-2017-159282,2017-10-16,2017-10-21,GH-14410,1522,5,599.985,-479.988,0.7,2017,10,True
CA-2017-155936,2017-06-22,2017-06-29,JK-15730,1640,3,3.036,-5.0094,0.8,2017,6,False
CA-2017-169439,2017-09-09,2017-09-13,LC-17140,277,5,25.92,3.888,0.2,2017,9,False
CA-2017-169439,2017-09-09,2017-09-13,LC-17140,513,2,66.112,-9.0904,0.2,2017,9,False
CA-2017-151183,2017-10-14,2017-10-19,BK-11260,1597,4,46.36,15.2988,0.0,2017,10,False
CA-2016-149965,2016-06-20,2016-06-25,BS-11365,912,1,6.9,0.552,0.0,2016,6,False
CA-2016-149965,2016-06-20,2016-06-25,BS-11365,618,3,57.69,23.6529,0.0,2016,6,False
CA-2014-158281,2014-09-02,2014-09-07,AG-10525,603,3,559.71,-121.2705,0.4,2014,9,True
CA-2016-153661,2016-01-30,2016-01-31,SC-20725,665,9,305.01,76.2525,0.0,2016,1,False
CA-2016-153661,2016-01-30,2016-01-31,SC-20725,722,2,50.784,17.7744,0.2,2016,1,False
CA-2016-153661,2016-01-30,2016-01-31,SC-20725,222,9,26.01,12.2247,0.0,2016,1,False
CA-2017-109183,2017-12-04,2017-12-09,LR-16915,1217,2,649.0,-272.58,0.5,2017,12,True
CA-2016-113656,2016-01-23,2016-01-29,CB-12415,485,7,59.99,21.5964,0.0,2016,1,False
CA-2015-148964,2015-05-26,2015-05-31,RD-19900,487,1,20.24,7.8936,0.0,2015,5,False
CA-2014-111899,2014-05-04,2014-05-05,NC-18340,360,2,37.84,2.838,0.2,2014,5,False
CA-2014-111899,2014-05-04,2014-05-05,NC-18340,1199,6,5.472,1.8468,0.2,2014,5,False
CA-2015-101126,2015-02-10,2015-02-14,NB-18655,583,5,77.24,7.724,0.2,2015,2,False
CA-2014-163468,2014-11-18,2014-11-21,JK-15730,281,4,292.1,-175.26,0.5,2014,11,False
CA-2014-163468,2014-11-18,2014-11-21,JK-15730,504,2,8.544,-7.476,0.6,2014,11,False
CA-2014-163468,2014-11-18,2014-11-21,JK-15730,829,6,424.116,-30.294,0.3,2014,11,False
CA-2014-163468,2014-11-18,2014-11-21,JK-15730,1642,3,2.892,-4.9164,0.8,2014,11,False
CA-2014-163468,2014-11-18,2014-11-21,JK-15730,658,5,381.72,-66.801,0.2,2014,11,False
US-2017-117450,2017-09-04,2017-09-08,DO-13645,771,2,97.184,6.074,0.2,2017,9,False
US-2017-117450,2017-09-04,2017-09-08,DO-13645,1809,2,10.368,3.6288,0.2,2017,9,False
CA-2014-137274,2014-03-29,2014-04-02,MG-18145,376,3,890.841,-152.7156,0.3,2014,3,True
CA-2016-144092,2016-11-05,2016-11-07,LH-17155,957,4,72.0,12.96,0.0,2016,11,False
CA-2016-144092,2016-11-05,2016-11-07,LH-17155,798,2,113.888,9.9652,0.2,2016,11,False
CA-2016-144092,2016-11-05,2016-11-07,LH-17155,1514,3,158.13,77.4837,0.0,2016,11,False
CA-2017-112172,2017-06-10,2017-06-14,MM-18280,1282,3,14.13,0.7065,0.0,2017,6,False
CA-2015-121699,2015-08-10,2015-08-14,BD-11320,678,5,64.75,29.1375,0.0,2015,8,False
CA-2015-162761,2015-10-09,2015-10-13,SC-20575,1842,2,1.872,-1.3104,0.7,2015,10,False
CA-2015-162761,2015-10-09,2015-10-13,SC-20575,448,2,11.214,-8.5974,0.7,2015,10,False
CA-2015-162761,2015-10-09,2015-10-13,SC-20575,254,8,37.376,7.4752,0.2,2015,10,False
CA-2016-121377,2016-05-28,2016-06-02,TN-21040,1621,1,286.4,25.06,0.2,2016,5,False
CA-2017-115322,2017-05-11,2017-05-16,ZC-21910,1232,3,43.92,12.7368,0.0,2017,5,False
CA-2016-132066,2016-10-16,2016-10-20,NB-18655,427,1,142.182,-37.9152,0.4,2016,10,False
CA-2017-158120,2017-11-17,2017-11-21,KH-16330,1654,3,19.608,6.6177,0.2,2017,11,False
CA-2017-158120,2017-11-17,2017-11-21,KH-16330,266,7,4.158,-3.465,0.7,2017,11,False
CA-2017-100097,2017-11-26,2017-11-29,MN-17935,1270,5,979.95,264.5865,0.0,2017,11,True
CA-2017-100097,2017-11-26,2017-11-29,MN-17935,505,5,135.3,37.884,0.0,2017,11,False
CA-2017-167626,2017-09-03,2017-09-07,MY-18295,0,3,8.904,3.339,0.2,2017,9,False
CA-2017-167626,2017-09-03,2017-09-07,MY-18295,889,2,100.8,21.42,0.2,2017,9,False
US-2017-126053,2017-12-05,2017-12-08,CS-11950,1040,2,41.96,10.9096,0.0,2017,12,False
US-2017-126053,2017-12-05,2017-12-08,CS-11950,1435,3,9.45,4.536,0.0,2017,12,False
US-2017-128447,2017-11-10,2017-11-17,MC-17845,611,5,400.8,112.224,0.0,2017,11,False
US-2017-128447,2017-11-10,2017-11-17,MC-17845,717,1,28.792,10.0772,0.2,2017,11,False
US-2014-131275,2014-03-18,2014-03-24,SC-20050,557,2,111.0,14.43,0.0,2014,3,False
US-2014-131275,2014-03-18,2014-03-24,SC-20050,1522,4,1279.968,415.9896,0.2,2014,3,True
US-2014-131275,2014-03-18,2014-03-24,SC-20050,1549,7,1856.19,334.1142,0.0,2014,3,True
CA-2016-149349,2016-11-12,2016-11-13,SP-20650,480,6,22.752,-8.532,0.6,2016,11,False
CA-2017-115119,2017-10-26,2017-10-30,SC-20440,443,1,61.542,-13.3341,0.4,2017,10,False
CA-2017-115119,2017-10-26,2017-10-30,SC-20440,1303,7,81.438,-65.1504,0.7,2017,10,False
CA-2015-125563,2015-04-11,2015-04-17,PR-18880,626,2,67.36,10.104,0.2,2015,4,False
CA-2015-125563,2015-04-11,2015-04-17,PR-18880,623,3,54.528,14.3136,0.2,2015,4,False
CA-2015-113152,2015-12-25,2015-12-30,JK-15625,1276,2,843.9,371.316,0.0,2015,12,True
CA-2015-113152,2015-12-25,2015-12-30,JK-15625,168,2,449.568,56.196,0.2,2015,12,False
CA-2017-165155,2017-09-21,2017-09-23,BM-11575,1542,1,15.51,3.8775,0.0,2017,9,False
CA-2014-163412,2014-12-20,2014-12-23,SM-20950,798,3,192.186,36.3018,0.1,2014,12,False
CA-2015-159590,2015-07-18,2015-07-21,KC-16255,1126,2,5.76,1.6128,0.0,2015,7,False
CA-2014-116190,2014-07-26,2014-08-01,SG-20470,1082,2,67.88,18.3276,0.0,2014,7,False
CA-2014-116190,2014-07-26,2014-08-01,SG-20470,192,13,162.89,76.5583,0.0,2014,7,False
CA-2014-116190,2014-07-26,2014-08-01,SG-20470,485,3,25.71,9.2556,0.0,2014,7,False
CA-2014-168473,2014-12-26,2015-01-01,TB-21520,635,6,191.88,19.188,0.0,2014,12,False
CA-2017-168389,2017-12-11,2017-12-17,DV-13045,364,6,721.875,-420.0,0.45,2017,12,True
CA-2017-168389,2017-12-11,2017-12-17,DV-13045,1099,4,73.568,-16.5528,0.2,2017,12,False
CA-2017-168389,2017-12-11,2017-12-17,DV-13045,1491,1,13.584,1.3584,0.2,2017,12,False
CA-2017-168389,2017-12-11,2017-12-17,DV-13045,753,1,64.784,-12.147,0.2,2017,12,False
CA-2014-130421,2014-03-03,2014-03-07,SC-20020,17,3,176.772,-459.6072,0.8,2014,3,False
CA-2017-142125,2017-10-21,2017-10-27,JB-15400,691,6,38.82,19.41,0.0,2017,10,False
CA-2017-142125,2017-10-21,2017-10-27,JB-15400,49,5,21.9,10.512,0.0,2017,10,False
CA-2017-141138,2017-11-10,2017-11-16,GH-14425,1074,7,111.79,43.5981,0.0,2017,11,False
CA-2017-152135,2017-03-16,2017-03-18,MG-17650,732,8,445.44,-81.664,0.4,2017,3,False
CA-2016-151974,2016-09-22,2016-09-29,RD-19660,182,5,16.52,5.369,0.2,2016,9,False
CA-2017-154102,2017-02-06,2017-02-13,SN-20560,1735,5,29.9,13.455,0.0,2017,2,False
CA-2015-139780,2015-12-31,2016-01-02,AH-10690,654,8,116.4,52.38,0.0,2015,12,False
CA-2016-114748,2016-10-09,2016-10-14,MZ-17335,1116,1,1.408,0.1584,0.2,2016,10,False
CA-2016-114748,2016-10-09,2016-10-14,MZ-17335,1533,2,169.568,0.0,0.2,2016,10,False
US-2014-115189,2014-12-30,2015-01-03,AR-10345,451,6,251.964,-50.3928,0.4,2014,12,False
US-2014-115189,2014-12-30,2015-01-03,AR-10345,834,3,523.764,-192.0468,0.4,2014,12,True
CA-2016-163594,2016-04-12,2016-04-14,JF-15295,1801,3,19.44,9.3312,0.0,2016,4,False
CA-2016-163594,2016-04-12,2016-04-14,JF-15295,753,3,194.352,-36.441,0.2,2016,4,False
CA-2016-163594,2016-04-12,2016-04-14,JF-15295,136,3,36.624,13.734,0.2,2016,4,False
CA-2016-127243,2016-11-28,2016-12-04,DS-13180,1657,3,340.182,-73.7061,0.4,2016,11,False
CA-2016-127243,2016-11-28,2016-12-04,DS-13180,1571,8,12.672,2.6928,0.2,2016,11,False
CA-2016-127243,2016-11-28,2016-12-04,DS-13180,696,2,6.888,-5.0512,0.7,2016,11,False
CA-2016-127243,2016-11-28,2016-12-04,DS-13180,1550,2,32.544,-7.7292,0.2,2016,11,False
CA-2016-127243,2016-11-28,2016-12-04,DS-13180,1450,7,347.802,-24.843,0.3,2016,11,False
CA-2017-161851,2017-04-15,2017-04-17,BP-11095,1595,3,15.57,-11.937,0.7,2017,4,False
CA-2015-110345,2015-03-09,2015-03-11,TG-21310,224,2,4.608,1.6704,0.2,2015,3,False
CA-2014-107769,2014-10-28,2014-11-01,BT-11395,524,2,257.98,74.8142,0.0,2014,10,False
US-2017-123862,2017-01-07,2017-01-09,JF-15190,573,11,153.78,44.5962,0.0,2017,1,False
US-2017-123862,2017-01-07,2017-01-09,JF-15190,1550,3,61.02,0.6102,0.0,2017,1,False
US-2017-123862,2017-01-07,2017-01-09,JF-15190,90,7,110.11,31.9319,0.0,2017,1,False
US-2017-123862,2017-01-07,2017-01-09,JF-15190,1499,1,7.89,3.5505,0.0,2017,1,False
CA-2017-100580,2017-08-13,2017-08-20,MK-17905,700,3,36.024,11.7078,0.2,2017,8,False
US-2017-145597,2017-11-02,2017-11-05,GG-14650,1491,4,54.336,5.4336,0.2,2017,11,False
CA-2014-132787,2014-09-19,2014-09-23,MC-18130,508,6,92.52,24.9804,0.0,2014,9,False
CA-2015-136224,2015-05-31,2015-05-31,ML-18265,1156,3,10.272,1.1556,0.2,2015,5,False
CA-2016-105732,2016-09-13,2016-09-18,AG-10270,1354,3,40.74,0.4074,0.0,2016,9,False
CA-2016-105732,2016-09-13,2016-09-18,AG-10270,197,5,14.4,7.056,0.0,2016,9,False
CA-2016-105732,2016-09-13,2016-09-18,AG-10270,346,5,149.95,41.986,0.0,2016,9,False
CA-2016-105732,2016-09-13,2016-09-18,AG-10270,597,2,16.9,5.07,0.0,2016,9,False
CA-2016-105732,2016-09-13,2016-09-18,AG-10270,1565,3,17.61,8.4528,0.0,2016,9,False
CA-2016-105732,2016-09-13,2016-09-18,AG-10270,800,2,378.0,136.08,0.0,2016,9,False
CA-2016-105732,2016-09-13,2016-09-18,AG-10270,108,3,17.64,8.6436,0.0,2016,9,False
CA-2016-105732,2016-09-13,2016-09-18,AG-10270,645,6,373.08,100.7316,0.0,2016,9,False
CA-2016-105732,2016-09-13,2016-09-18,AG-10270,593,14,1336.44,387.5676,0.0,2016,9,True
CA-2016-105732,2016-09-13,2016-09-18,AG-10270,1064,3,29.97,0.2997,0.0,2016,9,False
CA-2017-108035,2017-11-29,2017-12-03,TT-21070,839,2,390.368,48.796,0.2,2017,11,False
CA-2017-108035,2017-11-29,2017-12-03,TT-21070,617,5,101.52,19.035,0.2,2017,11,False
CA-2017-160031,2017-12-04,2017-12-07,LT-16765,892,3,74.352,23.235,0.2,2017,12,False
CA-2017-147844,2017-05-02,2017-05-06,DD-13570,104,5,15.7,7.065,0.0,2017,5,False
CA-2017-147844,2017-05-02,2017-05-06,DD-13570,1148,3,59.52,15.4752,0.0,2017,5,False
CA-2017-147844,2017-05-02,2017-05-06,DD-13570,105,5,34.4,15.824,0.0,2017,5,False
CA-2016-110975,2016-12-25,2016-12-30,DB-12970,320,2,313.176,-120.0508,0.4,2016,12,False
CA-2016-110975,2016-12-25,2016-12-30,DB-12970,832,3,866.646,173.3292,0.1,2016,12,True
CA-2014-141649,2014-09-30,2014-09-30,DM-12955,608,6,795.408,59.6556,0.2,2014,9,True
CA-2014-124807,2014-07-12,2014-07-15,ME-17725,1737,9,35.856,12.9978,0.2,2014,7,False
CA-2014-124807,2014-07-12,2014-07-15,ME-17725,1596,4,23.84,3.278,0.2,2014,7,False
CA-2016-110009,2016-09-08,2016-09-13,TR-21325,874,1,43.13,14.6642,0.0,2016,9,False
CA-2016-110009,2016-09-08,2016-09-13,TR-21325,142,7,30.87,14.2002,0.0,2016,9,False
CA-2017-168172,2017-08-06,2017-08-10,SH-20395,84,4,70.12,21.036,0.0,2017,8,False
CA-2015-100146,2015-05-14,2015-05-19,CB-12535,378,5,509.9575,41.9965,0.15,2015,5,True
CA-2015-100146,2015-05-14,2015-05-19,CB-12535,503,3,122.91,34.4148,0.0,2015,5,False
CA-2015-100146,2015-05-14,2015-05-19,CB-12535,1171,2,97.568,-6.098,0.2,2015,5,False
CA-2015-100146,2015-05-14,2015-05-19,CB-12535,761,3,722.352,81.2646,0.2,2015,5,True
CA-2017-152079,2017-01-20,2017-01-21,ML-17410,242,5,11.52,4.176,0.2,2017,1,False
CA-2016-129728,2016-05-30,2016-06-06,JG-15310,18,8,167.84,11.7488,0.0,2016,5,False
CA-2014-121769,2014-04-08,2014-04-12,JS-15880,1350,1,172.11,-94.6605,0.4,2014,4,False
CA-2014-103058,2014-07-23,2014-07-24,AG-10270,420,2,99.98,7.9984,0.0,2014,7,False
CA-2017-121125,2017-05-30,2017-06-03,MG-17890,971,1,156.792,17.6391,0.2,2017,5,False
CA-2017-121125,2017-05-30,2017-06-03,MG-17890,1404,2,35.36,-3.094,0.2,2017,5,False
CA-2017-121125,2017-05-30,2017-06-03,MG-17890,1560,1,13.592,-0.3398,0.2,2017,5,False
US-2016-114013,2016-03-13,2016-03-15,SC-20770,1363,2,386.68,-5.524,0.3,2016,3,False
US-2016-114013,2016-03-13,2016-03-15,SC-20770,952,5,379.96,47.495,0.2,2016,3,False
US-2016-114013,2016-03-13,2016-03-15,SC-20770,1286,3,539.91,-116.9805,0.4,2016,3,True
US-2016-114013,2016-03-13,2016-03-15,SC-20770,1479,5,41.24,13.9185,0.2,2016,3,False
US-2016-114013,2016-03-13,2016-03-15,SC-20770,894,1,51.897,-41.5176,0.7,2016,3,False
US-2016-114013,2016-03-13,2016-03-15,SC-20770,1366,5,552.56,-138.14,0.2,2016,3,True
US-2016-114013,2016-03-13,2016-03-15,SC-20770,715,5,23.16,-15.44,0.7,2016,3,False
US-2016-114013,2016-03-13,2016-03-15,SC-20770,1477,2,126.08,-28.368,0.2,2016,3,False
US-2016-114013,2016-03-13,2016-03-15,SC-20770,1218,3,449.1,-643.71,0.7,2016,3,False
CA-2017-135069,2017-04-10,2017-04-14,BS-11755,1574,4,195.104,21.9492,0.2,2017,4,False
CA-2017-135069,2017-04-10,2017-04-14,BS-11755,990,3,36.672,6.4176,0.2,2017,4,False
CA-2016-101693,2016-06-25,2016-06-27,LC-17140,770,2,85.246,-6.089,0.3,2016,6,False
CA-2016-101693,2016-06-25,2016-06-27,LC-17140,562,2,32.712,-26.1696,0.6,2016,6,False
US-2014-164763,2014-03-17,2014-03-21,MH-17440,75,3,11.43,5.3721,0.0,2014,3,False
US-2014-164763,2014-03-17,2014-03-21,MH-17440,714,2,30.44,14.9156,0.0,2014,3,False
US-2014-164763,2014-03-17,2014-03-21,MH-17440,1746,2,12.96,6.3504,0.0,2014,3,False
US-2014-164763,2014-03-17,2014-03-21,MH-17440,540,4,16.0,7.68,0.0,2014,3,False
US-2014-164763,2014-03-17,2014-03-21,MH-17440,294,3,32.67,8.4942,0.0,2014,3,False
CA-2014-161249,2014-08-09,2014-08-13,RD-19720,1519,3,4.464,-0.9486,0.2,2014,8,False
CA-2014-161249,2014-08-09,2014-08-13,RD-19720,256,5,9.345,-6.5415,0.7,2014,8,False
CA-2015-148180,2015-07-26,2015-07-31,BP-11095,75,3,9.144,3.0861,0.2,2015,7,False
CA-2015-148180,2015-07-26,2015-07-31,BP-11095,1578,6,23.136,8.3868,0.2,2015,7,False
CA-2015-148180,2015-07-26,2015-07-31,BP-11095,1142,5,99.2,25.792,0.0,2015,7,False
CA-2014-165568,2014-02-15,2014-02-19,BF-11020,1307,5,21.36,7.209,0.2,2014,2,False
CA-2015-145457,2015-03-24,2015-03-27,CP-12085,567,5,46.9,13.132,0.0,2015,3,False
US-2017-163657,2017-09-02,2017-09-06,JL-15235,82,5,18.72,6.552,0.2,2017,9,False
US-2017-163657,2017-09-02,2017-09-06,JL-15235,827,2,236.528,-2.9566,0.2,2017,9,False
CA-2015-120446,2015-11-16,2015-11-18,JG-15805,219,3,18.9,8.694,0.0,2015,11,False
CA-2014-109932,2014-12-09,2014-12-11,VP-21760,1738,2,10.688,3.7408,0.2,2014,12,False
CA-2014-109932,2014-12-09,2014-12-11,VP-21760,1330,3,237.096,20.7459,0.2,2014,12,False
CA-2017-127474,2017-02-03,2017-02-07,RD-19810,1792,1,5.184,1.8144,0.2,2017,2,False
CA-2017-127474,2017-02-03,2017-02-07,RD-19810,1676,2,65.584,23.7742,0.2,2017,2,False
CA-2017-127474,2017-02-03,2017-02-07,RD-19810,557,1,22.2,-26.085,0.6,2017,2,False
CA-2017-127474,2017-02-03,2017-02-07,RD-19810,1672,5,419.4,146.79,0.2,2017,2,False
CA-2017-115448,2017-11-11,2017-11-14,MH-18025,621,5,88.92,14.4495,0.2,2017,11,False
CA-2017-105669,2017-09-17,2017-09-22,SJ-20125,1162,3,9.912,3.2214,0.2,2017,9,False
CA-2017-105669,2017-09-17,2017-09-22,SJ-20125,772,5,318.43,-77.333,0.3,2017,9,False
CA-2017-105669,2017-09-17,2017-09-22,SJ-20125,1644,5,5.8,-10.15,0.8,2017,9,False
CA-2017-105669,2017-09-17,2017-09-22,SJ-20125,1291,6,1415.76,88.485,0.2,2017,9,True
CA-2017-134796,2017-06-25,2017-07-01,FM-14380,732,2,148.48,16.704,0.2,2017,6,False
CA-2016-137743,2016-07-30,2016-08-04,KH-16360,206,4,9.248,3.1212,0.2,2016,7,False
CA-2016-137743,2016-07-30,2016-08-04,KH-16360,1548,2,1036.624,51.8312,0.2,2016,7,True
CA-2015-137974,2015-04-16,2015-04-18,LL-16840,965,2,569.64,148.1064,0.0,2015,4,True
CA-2015-137974,2015-04-16,2015-04-18,LL-16840,407,1,9.14,4.57,0.0,2015,4,False
CA-2015-137974,2015-04-16,2015-04-18,LL-16840,1534,7,1196.86,119.686,0.0,2015,4,True
CA-2015-137974,2015-04-16,2015-04-18,LL-16840,1182,9,523.26,125.5824,0.0,2015,4,True
US-2015-136987,2015-04-11,2015-04-14,AR-10540,399,4,639.968,215.9892,0.2,2015,4,True
US-2015-136987,2015-04-11,2015-04-14,AR-10540,537,2,52.76,24.2696,0.0,2015,4,False
CA-2015-138485,2015-02-27,2015-03-01,NP-18670,1088,9,538.92,80.838,0.0,2015,2,True
CA-2016-103709,2016-09-08,2016-09-15,LP-17095,539,2,14.88,3.72,0.0,2016,9,False
CA-2016-103709,2016-09-08,2016-09-15,LP-17095,1685,8,34.24,15.408,0.0,2016,9,False
CA-2016-103709,2016-09-08,2016-09-15,LP-17095,1091,2,261.74,65.435,0.0,2016,9,False
CA-2016-138282,2016-05-19,2016-05-23,AH-10690,1494,8,87.84,23.7168,0.0,2016,5,False
CA-2017-148985,2017-11-11,2017-11-15,TB-21190,506,4,34.92,11.8728,0.0,2017,11,False
CA-2014-138100,2014-09-15,2014-09-20,AA-10315,537,3,14.94,7.0218,0.0,2014,9,False
CA-2014-138100,2014-09-15,2014-09-20,AA-10315,1049,2,14.56,6.2608,0.0,2014,9,False
CA-2015-100734,2015-09-15,2015-09-20,AC-10615,255,4,3.576,-2.8608,0.7,2015,9,False
CA-2015-100734,2015-09-15,2015-09-20,AC-10615,775,2,147.184,-29.4368,0.2,2015,9,False
CA-2016-139997,2016-07-01,2016-07-03,EM-14140,803,5,1499.95,449.985,0.0,2016,7,True
CA-2016-109652,2016-04-10,2016-04-15,QJ-19255,275,4,13.568,3.2224,0.2,2016,4,False
CA-2014-167199,2014-01-06,2014-01-10,ME-17320,743,9,2573.82,746.4078,0.0,2014,1,True
CA-2014-167199,2014-01-06,2014-01-10,ME-17320,896,2,609.98,274.491,0.0,2014,1,True
CA-2014-167199,2014-01-06,2014-01-10,ME-17320,1353,2,5.48,1.4796,0.0,2014,1,False
CA-2014-167199,2014-01-06,2014-01-10,ME-17320,725,2,391.98,113.6742,0.0,2014,1,False
CA-2014-167199,2014-01-06,2014-01-10,ME-17320,1657,4,755.96,204.1092,0.0,2014,1,True
CA-2014-167199,2014-01-06,2014-01-10,ME-17320,133,4,31.12,0.3112,0.0,2014,1,False
CA-2014-167199,2014-01-06,2014-01-10,ME-17320,1470,1,6.54,3.0084,0.0,2014,1,False
CA-2016-124583,2016-09-01,2016-09-03,LB-16795,773,1,12.78,5.751,0.0,2016,9,False
CA-2014-113964,2014-09-23,2014-09-30,JP-16135,235,4,18.464,6.924,0.2,2014,9,False
CA-2014-129938,2014-12-15,2014-12-17,EB-13705,772,7,445.802,-108.2662,0.3,2014,12,False
CA-2017-135111,2017-12-28,2018-01-02,CS-12400,1500,1,2.48,0.868,0.0,2017,12,False
CA-2017-135111,2017-12-28,2018-01-02,CS-12400,1635,5,25.9,12.691,0.0,2017,12,False
US-2015-134558,2015-12-19,2015-12-24,PM-19135,1688,5,29.9,14.651,0.0,2015,12,False
US-2015-134558,2015-12-19,2015-12-24,PM-19135,1020,9,2249.91,517.4793,0.0,2015,12,True
US-2015-134558,2015-12-19,2015-12-24,PM-19135,368,4,1053.164,-105.3164,0.3,2015,12,True
CA-2017-157196,2017-11-05,2017-11-09,AA-10645,1788,2,12.96,6.2208,0.0,2017,11,False
CA-2015-108672,2015-09-10,2015-09-16,FA-14230,1440,6,106.68,33.0708,0.0,2015,9,False
US-2017-118598,2017-11-16,2017-11-16,CM-12190,1846,6,119.94,5.997,0.0,2017,11,False
US-2017-160836,2017-09-11,2017-09-16,CC-12475,1742,3,10.272,3.21,0.2,2017,9,False
US-2017-160836,2017-09-11,2017-09-16,CC-12475,324,5,512.19,-65.853,0.3,2017,9,True
US-2017-160836,2017-09-11,2017-09-16,CC-12475,459,2,1.556,-4.2012,0.8,2017,9,False
CA-2017-121048,2017-07-14,2017-07-18,TC-21295,81,2,4.448,1.4456,0.2,2017,7,False
CA-2017-121048,2017-07-14,2017-07-18,TC-21295,515,3,276.69,49.8042,0.0,2017,7,False
CA-2017-121048,2017-07-14,2017-07-18,TC-21295,1195,4,4.96,2.3312,0.0,2017,7,False
CA-2017-121048,2017-07-14,2017-07-18,TC-21295,279,4,71.92,20.8568,0.0,2017,7,False
CA-2017-121048,2017-07-14,2017-07-18,TC-21295,548,3,18.84,7.9128,0.0,2017,7,False
CA-2017-121048,2017-07-14,2017-07-18,TC-21295,1465,3,140.97,19.7358,0.0,2017,7,False
CA-2017-121048,2017-07-14,2017-07-18,TC-21295,725,3,470.376,52.9173,0.2,2017,7,False
US-2017-120147,2017-03-30,2017-03-30,TB-21400,1041,2,6.08,2.0672,0.0,2017,3,False
US-2017-120147,2017-03-30,2017-03-30,TB-21400,43,1,164.792,18.5391,0.2,2017,3,False
CA-2016-158043,2016-01-31,2016-02-04,JK-15325,1493,2,23.36,11.68,0.0,2016,1,False
US-2017-106579,2017-06-08,2017-06-13,BW-11200,714,4,12.176,-18.8728,0.8,2017,6,False
CA-2014-115889,2014-11-02,2014-11-06,SH-20395,42,2,46.384,5.2182,0.2,2014,11,False
CA-2014-115889,2014-11-02,2014-11-06,SH-20395,112,2,362.92,105.2468,0.0,2014,11,False
US-2017-161935,2017-07-14,2017-07-18,JL-15835,1739,2,9.248,3.3524,0.2,2017,7,False
US-2017-161935,2017-07-14,2017-07-18,JL-15835,1391,9,1889.946,-377.9892,0.4,2017,7,True
US-2017-161935,2017-07-14,2017-07-18,JL-15835,1541,5,62.04,4.653,0.2,2017,7,False
US-2017-161935,2017-07-14,2017-07-18,JL-15835,727,5,396.92,148.845,0.2,2017,7,False
US-2017-161935,2017-07-14,2017-07-18,JL-15835,1368,7,239.456,17.9592,0.2,2017,7,False
US-2017-161935,2017-07-14,2017-07-18,JL-15835,474,5,13.12,2.132,0.2,2017,7,False
US-2017-167920,2017-12-09,2017-12-12,JL-15835,1836,2,29.36,13.5056,0.0,2017,12,False
US-2017-167920,2017-12-09,2017-12-12,JL-15835,306,5,214.9,62.321,0.0,2017,12,False
US-2017-167920,2017-12-09,2017-12-12,JL-15835,241,4,15.92,7.4824,0.0,2017,12,False
US-2017-167920,2017-12-09,2017-12-12,JL-15835,995,5,146.45,48.3285,0.0,2017,12,False
US-2017-167920,2017-12-09,2017-12-12,JL-15835,574,1,15.14,0.6056,0.0,2017,12,False
US-2017-167920,2017-12-09,2017-12-12,JL-15835,200,2,5.76,2.6496,0.0,2017,12,False
US-2017-167920,2017-12-09,2017-12-12,JL-15835,398,2,1399.98,629.991,0.0,2017,12,True
CA-2016-162383,2016-09-05,2016-09-11,MD-17350,1332,2,8.952,-7.46,0.7,2016,9,False
CA-2016-162383,2016-09-05,2016-09-11,MD-17350,1308,6,8.856,-6.4944,0.7,2016,9,False
CA-2016-162383,2016-09-05,2016-09-11,MD-17350,764,2,85.246,-1.2178,0.3,2016,9,False
CA-2014-125731,2014-09-10,2014-09-16,CL-12565,1248,7,21.728,7.6048,0.2,2014,9,False
CA-2014-125731,2014-09-10,2014-09-16,CL-12565,785,5,1487.04,148.704,0.2,2014,9,True
US-2017-106145,2017-09-26,2017-09-26,RA-19885,1493,6,71.88,33.0648,0.0,2017,9,False
US-2017-106145,2017-09-26,2017-09-26,RA-19885,1486,3,9.24,2.9568,0.0,2017,9,False
US-2017-106145,2017-09-26,2017-09-26,RA-19885,1678,6,35.88,16.146,0.0,2017,9,False
US-2017-106145,2017-09-26,2017-09-26,RA-19885,1633,3,17.04,5.538,0.2,2017,9,False
US-2017-106145,2017-09-26,2017-09-26,RA-19885,649,3,931.176,314.2719,0.2,2017,9,True
CA-2016-107146,2016-06-17,2016-06-19,LC-16885,1360,3,266.352,-13.3176,0.2,2016,6,False
CA-2016-107146,2016-06-17,2016-06-19,LC-16885,763,4,483.136,54.3528,0.2,2016,6,False
US-2017-134642,2017-02-25,2017-03-01,SW-20245,754,2,196.784,-22.1382,0.2,2017,2,False
US-2017-134642,2017-02-25,2017-03-01,SW-20245,390,5,231.92,5.798,0.2,2017,2,False
US-2017-160143,2017-03-31,2017-04-07,HG-14965,100,3,29.7,8.019,0.0,2017,3,False
CA-2017-103415,2017-12-03,2017-12-08,MV-17485,1560,2,13.592,-14.2716,0.6,2017,12,False
CA-2016-106460,2016-02-19,2016-02-22,GT-14710,1662,2,70.88,33.3136,0.0,2016,2,False
US-2017-112347,2017-12-02,2017-12-06,BS-11380,979,1,114.288,12.8574,0.2,2017,12,False
US-2017-112347,2017-12-02,2017-12-06,BS-11380,136,8,36.624,-24.416,0.7,2017,12,False
US-2017-112347,2017-12-02,2017-12-06,BS-11380,829,8,242.352,-363.528,0.7,2017,12,False
US-2017-112347,2017-12-02,2017-12-06,BS-11380,1432,2,49.616,4.9616,0.2,2017,12,False
US-2017-112347,2017-12-02,2017-12-06,BS-11380,1533,6,508.704,0.0,0.2,2017,12,True
US-2017-112347,2017-12-02,2017-12-06,BS-11380,1038,6,57.36,-14.34,0.2,2017,12,False
US-2017-112347,2017-12-02,2017-12-06,BS-11380,843,5,906.68,68.001,0.2,2017,12,True
CA-2014-103492,2014-10-10,2014-10-15,CM-12715,1098,6,719.952,71.9952,0.2,2014,10,True
CA-2014-103492,2014-10-10,2014-10-15,CM-12715,430,7,755.944,66.1451,0.2,2014,10,True
CA-2014-103492,2014-10-10,2014-10-15,CM-12715,694,5,11.98,-19.168,0.8,2014,10,False
CA-2014-103492,2014-10-10,2014-10-15,CM-12715,259,1,0.898,-1.5715,0.8,2014,10,False
CA-2016-136595,2016-09-05,2016-09-07,EM-13825,616,3,21.204,-11.6622,0.6,2016,9,False
CA-2014-140396,2014-11-20,2014-11-25,KH-16330,1249,3,34.74,17.37,0.0,2014,11,False
CA-2014-140396,2014-11-20,2014-11-25,KH-16330,1570,6,833.94,216.8244,0.0,2014,11,True
CA-2014-140396,2014-11-20,2014-11-25,KH-16330,23,3,12.96,4.536,0.2,2014,11,False
CA-2014-140396,2014-11-20,2014-11-25,KH-16330,1795,4,25.92,12.4416,0.0,2014,11,False
CA-2014-114181,2014-05-10,2014-05-14,AF-10885,316,7,349.965,-216.9783,0.5,2014,5,False
CA-2014-114181,2014-05-10,2014-05-14,AF-10885,496,5,22.32,5.301,0.2,2014,5,False
CA-2017-159506,2017-11-27,2017-12-02,JR-16210,1693,6,158.28,72.8088,0.0,2017,11,False
CA-2017-159506,2017-11-27,2017-12-02,JR-16210,682,3,497.94,224.073,0.0,2017,11,False
US-2014-137155,2014-11-01,2014-11-05,DL-12925,950,3,533.94,154.8426,0.0,2014,11,True
US-2014-137155,2014-11-01,2014-11-05,DL-12925,1721,3,167.94,82.2906,0.0,2014,11,False
US-2014-137155,2014-11-01,2014-11-05,DL-12925,1045,6,31.68,9.8208,0.0,2014,11,False
CA-2016-105746,2016-12-30,2017-01-01,BD-11605,839,1,170.786,0.0,0.3,2016,12,False
US-2016-104815,2016-09-03,2016-09-07,RB-19570,1385,4,198.744,0.0,0.3,2016,9,False
CA-2017-157672,2017-10-05,2017-10-07,RB-19795,1024,2,63.824,13.5626,0.2,2017,10,False
US-2016-166660,2016-01-30,2016-02-01,TB-21250,744,4,435.168,-59.8356,0.2,2016,1,False
US-2016-166660,2016-01-30,2016-02-01,TB-21250,1181,1,48.58,7.7728,0.0,2016,1,False
CA-2017-140802,2017-04-21,2017-04-23,KN-16390,1023,3,47.976,8.3958,0.2,2017,4,False
CA-2017-140802,2017-04-21,2017-04-23,KN-16390,1828,4,20.736,7.2576,0.2,2017,4,False
CA-2014-133830,2014-12-05,2014-12-10,RL-19615,1296,9,26.46,11.907,0.0,2014,12,False
CA-2014-133830,2014-12-05,2014-12-10,RL-19615,1720,4,49.12,23.0864,0.0,2014,12,False
CA-2014-133830,2014-12-05,2014-12-10,RL-19615,121,3,15.0,7.2,0.0,2014,12,False
CA-2014-100916,2014-10-21,2014-10-26,FH-14275,556,5,194.7,9.735,0.0,2014,10,False
CA-2014-100916,2014-10-21,2014-10-26,FH-14275,827,4,591.32,112.3508,0.0,2014,10,True
CA-2014-100916,2014-10-21,2014-10-26,FH-14275,1372,1,2.84,0.8804,0.0,2014,10,False
CA-2015-129532,2015-12-08,2015-12-12,YS-21880,1518,2,221.96,4.4392,0.0,2015,12,False
CA-2015-129532,2015-12-08,2015-12-12,YS-21880,1607,4,236.0,40.12,0.0,2015,12,False
CA-2014-134726,2014-11-02,2014-11-07,SW-20755,1056,2,41.94,15.0984,0.0,2014,11,False
CA-2014-134726,2014-11-02,2014-11-07,SW-20755,1397,1,52.792,4.6193,0.2,2014,11,False
CA-2016-138597,2016-12-18,2016-12-21,PN-18775,842,3,563.94,112.788,0.0,2016,12,True
CA-2015-123113,2015-11-23,2015-11-27,AT-10735,1418,8,2625.12,735.0336,0.0,2015,11,True
CA-2015-123113,2015-11-23,2015-11-27,AT-10735,1121,3,17.94,4.485,0.0,2015,11,False
CA-2015-169656,2015-08-13,2015-08-16,EJ-13720,643,3,422.856,15.8571,0.2,2015,8,False
CA-2015-142734,2015-04-16,2015-04-21,DM-13345,1174,2,127.764,2.8392,0.1,2015,4,False
CA-2014-163223,2014-03-21,2014-03-25,KH-16690,1393,7,3499.93,909.9818,0.0,2014,3,True
CA-2014-163223,2014-03-21,2014-03-25,KH-16690,200,5,14.4,6.624,0.0,2014,3,False
CA-2014-163223,2014-03-21,2014-03-25,KH-16690,1704,3,122.97,60.2553,0.0,2014,3,False
CA-2014-163223,2014-03-21,2014-03-25,KH-16690,138,4,9.32,2.7028,0.0,2014,3,False
CA-2014-163223,2014-03-21,2014-03-25,KH-16690,1638,3,122.94,59.0112,0.0,2014,3,False
CA-2017-122945,2017-11-16,2017-11-22,MB-18085,484,3,17.31,5.193,0.0,2017,11,False
CA-2015-139738,2015-09-25,2015-09-29,DK-12895,361,7,128.744,12.8744,0.2,2015,9,False
CA-2016-158778,2016-09-05,2016-09-09,DB-13210,30,9,58.248,11.6496,0.2,2016,9,False
CA-2016-158778,2016-09-05,2016-09-09,DB-13210,768,2,71.246,-19.3382,0.3,2016,9,False
CA-2016-158778,2016-09-05,2016-09-09,DB-13210,1136,3,7.872,0.5904,0.2,2016,9,False
CA-2016-158778,2016-09-05,2016-09-09,DB-13210,739,3,887.271,-63.3765,0.3,2016,9,True
CA-2017-119655,2017-04-20,2017-04-24,CV-12295,1302,7,146.86,70.4928,0.0,2017,4,False
CA-2017-119655,2017-04-20,2017-04-24,CV-12295,407,4,36.56,18.28,0.0,2017,4,False
CA-2015-164567,2015-06-15,2015-06-19,GK-14620,933,3,225.576,22.5576,0.2,2015,6,False
CA-2014-131947,2014-09-17,2014-09-22,JA-15970,1119,2,5.248,0.4592,0.2,2014,9,False
CA-2014-131947,2014-09-17,2014-09-22,JA-15970,349,3,38.256,4.782,0.2,2014,9,False
CA-2014-131947,2014-09-17,2014-09-22,JA-15970,1348,5,40.24,13.078,0.2,2014,9,False
CA-2014-131947,2014-09-17,2014-09-22,JA-15970,1277,5,29.925,-21.945,0.7,2014,9,False
CA-2014-131947,2014-09-17,2014-09-22,JA-15970,1750,6,148.704,46.47,0.2,2014,9,False
CA-2014-131947,2014-09-17,2014-09-22,JA-15970,1599,10,55.92,16.776,0.2,2014,9,False
CA-2016-152520,2016-07-08,2016-07-12,TH-21115,1809,2,12.96,6.2208,0.0,2016,7,False
CA-2016-101791,2016-05-27,2016-05-31,BS-11665,18,3,25.176,-33.3582,0.6,2016,5,False
CA-2016-101791,2016-05-27,2016-05-31,BS-11665,676,2,5.584,-1.6752,0.6,2016,5,False
CA-2016-101791,2016-05-27,2016-05-31,BS-11665,1490,9,1297.368,97.3026,0.2,2016,5,True
CA-2017-121195,2017-12-24,2017-12-27,NS-18505,543,2,264.32,19.824,0.2,2017,12,False
CA-2017-163209,2017-05-03,2017-05-07,MK-18160,1792,4,25.92,12.4416,0.0,2017,5,False
CA-2017-163209,2017-05-03,2017-05-07,MK-18160,1160,7,22.96,6.6584,0.0,2017,5,False
CA-2014-133354,2014-02-22,2014-02-24,SA-20830,1817,3,19.44,9.3312,0.0,2014,2,False
US-2015-130491,2015-02-08,2015-02-11,BH-11710,1650,2,9.54,4.293,0.0,2015,2,False
US-2015-130491,2015-02-08,2015-02-11,BH-11710,123,1,5.81,1.8011,0.0,2015,2,False
US-2015-130491,2015-02-08,2015-02-11,BH-11710,1407,2,5.76,1.728,0.0,2015,2,False
CA-2015-113740,2015-08-24,2015-08-28,SC-20380,492,3,14.91,4.6221,0.0,2015,8,False
CA-2014-148425,2014-11-30,2014-12-04,RF-19345,271,9,6.642,-4.428,0.7,2014,11,False
CA-2016-144309,2016-12-10,2016-12-16,CM-12235,1652,2,18.54,8.7138,0.0,2016,12,False
CA-2016-144309,2016-12-10,2016-12-16,CM-12235,648,5,679.96,220.987,0.2,2016,12,True
CA-2017-151225,2017-10-27,2017-10-29,JM-15655,427,1,189.576,9.4788,0.2,2017,10,False
CA-2017-151225,2017-10-27,2017-10-29,JM-15655,782,5,71.96,7.196,0.2,2017,10,False
US-2014-144078,2014-11-25,2014-11-29,RB-19435,1011,5,539.92,47.243,0.2,2014,11,True
US-2014-144078,2014-11-25,2014-11-29,RB-19435,843,4,725.344,54.4008,0.2,2014,11,True
US-2014-144078,2014-11-25,2014-11-29,RB-19435,1500,3,7.44,2.604,0.0,2014,11,False
CA-2014-124464,2014-07-14,2014-07-20,SS-20515,295,1,39.48,11.0544,0.0,2014,7,False
CA-2015-136805,2015-05-23,2015-05-27,NM-18445,800,5,850.5,245.7,0.1,2015,5,True
CA-2015-136805,2015-05-23,2015-05-27,NM-18445,1610,9,75.33,19.5858,0.0,2015,5,False
US-2015-159499,2015-11-21,2015-11-23,EM-14095,640,6,325.632,28.4928,0.2,2015,11,False
US-2015-159499,2015-11-21,2015-11-23,EM-14095,313,2,23.344,-1.459,0.2,2015,11,False
US-2015-159499,2015-11-21,2015-11-23,EM-14095,215,5,16.52,5.369,0.2,2015,11,False
CA-2014-162089,2014-03-30,2014-04-01,MP-17470,128,5,335.72,113.3055,0.2,2014,3,False
CA-2014-162089,2014-03-30,2014-04-01,MP-17470,923,7,251.944,88.1804,0.2,2014,3,False
CA-2014-162089,2014-03-30,2014-04-01,MP-17470,766,7,127.302,-9.093,0.3,2014,3,False
US-2017-158526,2017-12-29,2018-01-01,KH-16360,497,8,1207.84,314.0384,0.0,2017,12,True
US-2017-158526,2017-12-29,2018-01-01,KH-16360,704,1,12.53,5.8891,0.0,2017,12,False
US-2017-158526,2017-12-29,2018-01-01,KH-16360,1230,1,34.58,10.0282,0.0,2017,12,False
US-2017-158526,2017-12-29,2018-01-01,KH-16360,761,1,300.98,87.2842,0.0,2017,12,False
US-2017-158526,2017-12-29,2018-01-01,KH-16360,799,3,258.75,77.625,0.0,2017,12,False
CA-2017-104885,2017-03-02,2017-03-08,DB-13555,1148,3,59.52,15.4752,0.0,2017,3,False
CA-2017-104885,2017-03-02,2017-03-08,DB-13555,1493,7,57.96,27.2412,0.0,2017,3,False
CA-2017-104885,2017-03-02,2017-03-08,DB-13555,381,2,441.96,101.6508,0.0,2017,3,False
CA-2017-104885,2017-03-02,2017-03-08,DB-13555,537,6,68.04,33.3396,0.0,2017,3,False
US-2016-157490,2016-10-06,2016-10-07,LB-16795,1838,6,703.71,-938.28,0.7,2016,10,True
US-2016-157490,2016-10-06,2016-10-07,LB-16795,1332,4,17.904,-14.92,0.7,2016,10,False
US-2016-157490,2016-10-06,2016-10-07,LB-16795,245,4,11.976,-9.1816,0.7,2016,10,False
US-2016-157490,2016-10-06,2016-10-07,LB-16795,1066,5,67.96,0.8495,0.2,2016,10,False
CA-2015-161452,2015-04-05,2015-04-11,CA-11965,785,3,892.224,89.2224,0.2,2015,4,True
US-2014-115196,2014-09-09,2014-09-13,DL-12925,20,2,1299.99,-571.9956,0.5,2014,9,True
CA-2016-138968,2016-03-15,2016-03-16,FC-14335,267,2,4.544,1.6472,0.2,2016,3,False
CA-2016-138968,2016-03-15,2016-03-16,FC-14335,739,4,1352.032,84.502,0.2,2016,3,True
CA-2015-101889,2015-12-27,2015-12-31,DB-13120,1349,9,1548.99,-464.697,0.4,2015,12,True
CA-2015-101889,2015-12-27,2015-12-31,DB-13120,1493,3,19.872,6.7068,0.2,2015,12,False
CA-2017-110821,2017-08-07,2017-08-08,CK-12205,1007,3,119.448,-13.4379,0.2,2017,8,False
CA-2017-110821,2017-08-07,2017-08-08,CK-12205,1380,2,118.16,-25.109,0.2,2017,8,False
CA-2015-121552,2015-03-22,2015-03-27,FW-14395,1122,4,19.56,5.4768,0.0,2015,3,False
CA-2015-107685,2015-11-30,2015-12-02,JM-15865,482,4,80.96,29.1456,0.0,2015,11,False
CA-2015-107685,2015-11-30,2015-12-02,JM-15865,1789,4,25.92,12.4416,0.0,2015,11,False
US-2014-120740,2014-04-15,2014-04-15,PS-18970,304,2,106.96,31.0184,0.0,2014,4,False
US-2014-120740,2014-04-15,2014-04-15,PS-18970,878,4,187.76,76.9816,0.0,2014,4,False
CA-2017-155740,2017-07-30,2017-08-02,TC-21475,703,4,76.776,-53.7432,0.7,2017,7,False
CA-2017-146493,2017-06-01,2017-06-05,CV-12805,710,5,53.9,25.872,0.0,2017,6,False
CA-2014-105417,2014-01-07,2014-01-12,VS-21820,882,3,76.728,-53.7096,0.6,2014,1,False
CA-2014-105417,2014-01-07,2014-01-12,VS-21820,62,7,10.43,-18.2525,0.8,2014,1,False
US-2017-141509,2017-09-29,2017-10-01,SC-20575,1142,5,99.2,25.792,0.0,2017,9,False
CA-2017-139493,2017-09-13,2017-09-19,SG-20605,675,5,15.92,2.786,0.2,2017,9,False
CA-2014-151967,2014-10-22,2014-10-26,NB-18580,1539,4,129.92,10.3936,0.0,2014,10,False
US-2016-140158,2016-10-04,2016-10-08,DR-12940,899,1,30.4,13.984,0.0,2016,10,False
US-2016-140158,2016-10-04,2016-10-08,DR-12940,805,9,5399.91,2591.9568,0.0,2016,10,True
US-2016-140158,2016-10-04,2016-10-08,DR-12940,980,3,119.1,34.539,0.0,2016,10,False
CA-2015-130974,2015-11-27,2015-11-29,MA-17560,1767,6,40.08,19.2384,0.0,2015,11,False
CA-2015-130974,2015-11-27,2015-11-29,MA-17560,1666,3,59.94,28.1718,0.0,2015,11,False
CA-2015-130974,2015-11-27,2015-11-29,MA-17560,1000,2,259.98,88.3932,0.0,2015,11,False
CA-2015-130974,2015-11-27,2015-11-29,MA-17560,1361,1,170.98,32.4862,0.0,2015,11,False
CA-2015-130974,2015-11-27,2015-11-29,MA-17560,1559,3,38.97,4.6764,0.0,2015,11,False
CA-2015-130974,2015-11-27,2015-11-29,MA-17560,1759,5,154.9,69.705,0.0,2015,11,False
CA-2015-130974,2015-11-27,2015-11-29,MA-17560,849,4,446.068,0.0,0.3,2015,11,False
CA-2017-133487,2017-05-06,2017-05-09,TS-21655,610,3,152.94,41.2938,0.0,2017,5,False
CA-2014-142951,2014-10-08,2014-10-08,JG-15115,1057,3,23.472,4.9878,0.2,2014,10,False
CA-2014-133592,2014-12-31,2015-01-07,KM-16375,1702,4,195.64,91.9508,0.0,2014,12,False
CA-2014-133592,2014-12-31,2015-01-07,KM-16375,1760,3,14.94,7.0218,0.0,2014,12,False
CA-2014-133592,2014-12-31,2015-01-07,KM-16375,1276,4,1687.8,742.632,0.0,2014,12,True
CA-2014-133592,2014-12-31,2015-01-07,KM-16375,1429,2,341.96,78.6508,0.0,2014,12,False
CA-2014-133592,2014-12-31,2015-01-07,KM-16375,752,6,605.88,151.47,0.0,2014,12,True
CA-2015-120782,2015-04-28,2015-05-01,SD-20485,951,1,186.732,41.496,0.1,2015,4,False
CA-2015-120782,2015-04-28,2015-05-01,SD-20485,650,3,3812.97,1906.485,0.0,2015,4,True
CA-2015-116876,2015-02-14,2015-02-21,TT-21070,339,9,26.424,9.5787,0.2,2015,2,False
CA-2015-116876,2015-02-14,2015-02-21,TT-21070,1392,1,625.99,187.797,0.0,2015,2,True
CA-2016-169838,2016-11-25,2016-11-29,BB-11545,428,9,1568.61,329.4081,0.0,2016,11,True
CA-2016-169838,2016-11-25,2016-11-29,BB-11545,1636,1,17.3,8.304,0.0,2016,11,False
CA-2016-169838,2016-11-25,2016-11-29,BB-11545,1075,8,160.0,62.4,0.0,2016,11,False
US-2017-128951,2017-07-15,2017-07-17,RS-19420,299,3,179.94,50.3832,0.0,2017,7,False
US-2017-128951,2017-07-15,2017-07-17,RS-19420,834,3,872.94,157.1292,0.0,2017,7,True
US-2017-128951,2017-07-15,2017-07-17,RS-19420,1791,2,12.96,6.2208,0.0,2017,7,False
CA-2014-102330,2014-12-29,2015-01-03,AI-10855,134,6,88.8,44.4,0.0,2014,12,False
CA-2014-102330,2014-12-29,2015-01-03,AI-10855,792,4,319.968,35.9964,0.2,2014,12,False
CA-2016-118899,2016-03-22,2016-03-22,MC-17275,765,7,167.888,14.6902,0.2,2016,3,False
CA-2017-107958,2017-07-02,2017-07-05,AH-10120,1617,5,163.96,59.4355,0.2,2017,7,False
CA-2017-107958,2017-07-02,2017-07-05,AH-10120,1631,4,5.232,-8.1096,0.8,2017,7,False
CA-2017-151799,2017-12-14,2017-12-18,BF-11170,401,2,1199.98,467.9922,0.0,2017,12,True
CA-2017-151799,2017-12-14,2017-12-18,BF-11170,1380,1,73.85,2.2155,0.0,2017,12,False
CA-2017-151799,2017-12-14,2017-12-18,BF-11170,94,3,25.71,6.6846,0.0,2017,12,False
CA-2017-151799,2017-12-14,2017-12-18,BF-11170,55,6,17.28,8.1216,0.0,2017,12,False
CA-2017-151799,2017-12-14,2017-12-18,BF-11170,368,2,526.582,-52.6582,0.3,2017,12,True
CA-2016-114601,2016-08-26,2016-09-02,AA-10480,1739,2,11.56,5.6644,0.0,2016,8,False
CA-2016-114601,2016-08-26,2016-09-02,AA-10480,451,3,209.97,58.7916,0.0,2016,8,False
CA-2016-114601,2016-08-26,2016-09-02,AA-10480,830,4,447.84,98.5248,0.0,2016,8,False
CA-2016-114601,2016-08-26,2016-09-02,AA-10480,1106,3,479.97,163.1898,0.0,2016,8,False
CA-2016-114601,2016-08-26,2016-09-02,AA-10480,1143,3,8.64,2.5056,0.0,2016,8,False
CA-2017-100237,2017-10-15,2017-10-19,SV-20815,254,2,11.68,4.2048,0.0,2017,10,False
CA-2014-139542,2014-10-25,2014-10-29,EH-14185,1066,3,40.776,0.5097,0.2,2014,10,False
CA-2014-139542,2014-10-25,2014-10-29,EH-14185,714,3,13.698,-9.5886,0.7,2014,10,False
US-2015-142811,2015-04-02,2015-04-07,JL-15850,1395,5,87.8,32.925,0.2,2015,4,False
CA-2017-139353,2017-10-28,2017-10-30,JM-15250,465,3,77.952,15.5904,0.2,2017,10,False
CA-2017-139353,2017-10-28,2017-10-30,JM-15250,775,2,147.184,-29.4368,0.2,2017,10,False
CA-2017-139353,2017-10-28,2017-10-30,JM-15250,1723,3,47.952,16.1838,0.2,2017,10,False
CA-2014-150203,2014-12-05,2014-12-07,JB-15925,629,6,250.26,72.5754,0.0,2014,12,False
US-2017-101518,2017-11-03,2017-11-08,PB-19105,1066,3,40.776,0.5097,0.2,2017,11,False
CA-2015-149636,2015-01-06,2015-01-12,SP-20620,929,5,29.6,9.25,0.2,2015,1,False
CA-2015-149636,2015-01-06,2015-01-12,SP-20620,1337,2,1.938,-1.3566,0.7,2015,1,False
US-2017-146213,2017-09-09,2017-09-14,MC-17605,1090,4,159.96,51.1872,0.0,2017,9,False
CA-2015-108588,2015-01-05,2015-01-10,BG-11695,1148,3,59.52,15.4752,0.0,2015,1,False
CA-2015-108588,2015-01-05,2015-01-10,BG-11695,4,2,17.48,8.2156,0.0,2015,1,False
CA-2015-108588,2015-01-05,2015-01-10,BG-11695,1643,2,13.168,4.6088,0.2,2015,1,False
US-2017-138086,2017-04-16,2017-04-20,JO-15550,865,3,40.74,12.222,0.0,2017,4,False
CA-2015-139374,2015-09-10,2015-09-14,AR-10345,742,1,179.886,-2.5698,0.3,2015,9,False
CA-2016-113978,2016-09-25,2016-09-29,TS-21505,869,1,286.256,17.891,0.2,2016,9,False
CA-2016-113978,2016-09-25,2016-09-29,TS-21505,574,2,24.224,-4.8448,0.2,2016,9,False
CA-2016-113978,2016-09-25,2016-09-29,TS-21505,1366,3,331.536,-82.884,0.2,2016,9,False
US-2015-150231,2015-03-16,2015-03-20,JK-15640,254,3,17.52,6.3072,0.0,2015,3,False
CA-2016-106915,2016-11-26,2016-12-02,GA-14515,496,4,17.856,4.2408,0.2,2016,11,False
US-2016-109260,2016-09-26,2016-10-01,TN-21040,1026,3,431.976,-75.5958,0.2,2016,9,False
CA-2017-104850,2017-06-13,2017-06-19,TW-21025,772,4,291.136,-25.4744,0.2,2017,6,False
CA-2017-140508,2017-09-18,2017-09-21,PA-19060,940,4,114.848,35.89,0.2,2017,9,False
CA-2017-143294,2017-06-02,2017-06-08,JD-15790,1767,2,10.688,3.7408,0.2,2017,6,False
CA-2016-165673,2016-05-15,2016-05-19,MN-17935,1527,4,15.232,5.5216,0.2,2016,5,False
CA-2017-134418,2017-09-15,2017-09-20,GM-14500,276,3,12.42,5.2164,0.0,2017,9,False
US-2016-106313,2016-08-22,2016-08-26,DG-13300,1797,3,19.44,9.3312,0.0,2016,8,False
CA-2014-105872,2014-05-30,2014-06-06,JG-15160,1639,4,70.368,26.388,0.2,2014,5,False
CA-2017-108287,2017-12-18,2017-12-20,AG-10330,1116,9,12.672,1.4256,0.2,2017,12,False
CA-2017-141103,2017-07-30,2017-08-06,JF-15355,1848,5,89.95,43.176,0.0,2017,7,False
CA-2014-154781,2014-11-21,2014-11-26,SC-20680,1569,2,6.58,3.0268,0.0,2014,11,False
CA-2014-154781,2014-11-21,2014-11-26,SC-20680,952,1,94.99,28.497,0.0,2014,11,False
CA-2015-147816,2015-09-24,2015-09-26,CM-11935,1395,2,35.12,13.17,0.2,2015,9,False
CA-2017-105326,2017-08-20,2017-08-27,KT-16480,1798,4,25.92,12.4416,0.0,2017,8,False
CA-2016-133613,2016-06-17,2016-06-22,CP-12340,901,2,7.96,3.7412,0.0,2016,6,False
CA-2016-133613,2016-06-17,2016-06-22,CP-12340,1657,3,566.97,153.0819,0.0,2016,6,True
CA-2016-133613,2016-06-17,2016-06-22,CP-12340,1159,3,9.84,2.8536,0.0,2016,6,False
CA-2015-109113,2015-12-19,2015-12-23,EK-13795,1052,2,25.488,4.779,0.2,2015,12,False
CA-2015-156153,2015-05-31,2015-06-02,CW-11905,283,6,7.56,0.3024,0.0,2015,5,False
CA-2015-133242,2015-06-18,2015-06-24,KH-16510,1444,3,60.84,19.4688,0.0,2015,6,False
CA-2015-133242,2015-06-18,2015-06-24,KH-16510,1551,2,450.04,58.5052,0.0,2015,6,False
CA-2015-133242,2015-06-18,2015-06-24,KH-16510,1636,2,34.6,16.608,0.0,2015,6,False
CA-2015-133242,2015-06-18,2015-06-24,KH-16510,439,3,467.97,140.391,0.0,2015,6,False
CA-2015-133242,2015-06-18,2015-06-24,KH-16510,931,2,33.02,15.8496,0.0,2015,6,False
CA-2015-158323,2015-11-30,2015-12-03,AB-10600,504,2,17.088,1.068,0.2,2015,11,False
CA-2015-161795,2015-12-21,2015-12-23,AH-10075,1193,2,3.008,0.3384,0.2,2015,12,False
CA-2017-100902,2017-11-17,2017-11-21,CK-12595,1725,7,268.24,93.884,0.2,2017,11,False
CA-2017-100902,2017-11-17,2017-11-21,CK-12595,1275,5,431.16,107.79,0.2,2017,11,False
CA-2017-112844,2017-11-13,2017-11-16,SP-20620,967,4,43.6,12.208,0.0,2017,11,False
CA-2017-112844,2017-11-13,2017-11-16,SP-20620,512,3,154.95,30.99,0.0,2017,11,False
CA-2016-158925,2016-10-24,2016-10-28,JP-15460,607,3,15.552,5.4432,0.2,2016,10,False
CA-2014-155390,2014-12-06,2014-12-11,BG-11035,1693,2,42.208,13.7176,0.2,2014,12,False
CA-2017-123071,2017-12-03,2017-12-06,CC-12550,1790,2,10.368,3.6288,0.2,2017,12,False
CA-2017-156391,2017-09-26,2017-09-28,SL-20155,1297,1,2.224,0.556,0.2,2017,9,False
CA-2015-103093,2015-02-03,2015-02-07,FO-14305,1493,9,74.52,35.0244,0.0,2015,2,False
US-2017-118941,2017-08-12,2017-08-12,BB-11545,1118,3,17.52,5.256,0.0,2017,8,False
US-2017-118941,2017-08-12,2017-08-12,BB-11545,833,5,1779.9,373.779,0.0,2017,8,True
US-2017-118941,2017-08-12,2017-08-12,BB-11545,348,5,219.9,59.373,0.0,2017,8,False
CA-2015-169299,2015-08-24,2015-08-26,DO-13435,1304,3,7.152,0.7152,0.2,2015,8,False
CA-2017-154088,2017-11-12,2017-11-17,LB-16735,1757,5,26.72,9.352,0.2,2017,11,False
CA-2016-155978,2016-08-01,2016-08-01,TS-21205,155,2,1039.728,90.9762,0.2,2016,8,True
CA-2016-155978,2016-08-01,2016-08-01,TS-21205,302,2,45.96,13.788,0.0,2016,8,False
CA-2016-108196,2016-11-25,2016-12-02,CS-12505,688,2,456.588,-304.392,0.7,2016,11,False
CA-2016-108196,2016-11-25,2016-12-02,CS-12505,475,5,4499.985,-6599.978,0.7,2016,11,True
CA-2016-108196,2016-11-25,2016-12-02,CS-12505,1108,3,59.976,11.9952,0.2,2016,11,False
CA-2016-152800,2016-04-13,2016-04-15,SP-20920,1284,3,6.12,2.8764,0.0,2016,4,False
CA-2014-166961,2014-12-27,2014-12-31,CD-12790,1494,1,10.98,2.9646,0.0,2014,12,False
CA-2014-166961,2014-12-27,2014-12-31,CD-12790,1499,3,7.86,3.6156,0.0,2014,12,False
CA-2014-166961,2014-12-27,2014-12-31,CD-12790,125,3,51.45,13.8915,0.0,2014,12,False
CA-2014-166961,2014-12-27,2014-12-31,CD-12790,715,3,37.056,13.896,0.2,2014,12,False
CA-2016-139381,2016-04-18,2016-04-22,RF-19840,610,4,203.92,55.0584,0.0,2016,4,False
CA-2016-139381,2016-04-18,2016-04-22,RF-19840,1374,4,29.56,7.9812,0.0,2016,4,False
CA-2015-132136,2015-03-08,2015-03-12,FO-14305,263,3,8.568,-14.5656,0.8,2015,3,False
CA-2016-162236,2016-11-04,2016-11-06,ER-13855,582,2,45.248,3.9592,0.2,2016,11,False
CA-2016-162236,2016-11-04,2016-11-06,ER-13855,281,10,876.3,-292.1,0.4,2016,11,True
CA-2016-162236,2016-11-04,2016-11-06,ER-13855,1300,2,185.376,-34.758,0.2,2016,11,False
US-2014-111353,2014-11-29,2014-12-06,PB-19150,192,2,25.06,11.7782,0.0,2014,11,False
US-2016-117037,2016-05-17,2016-05-20,LW-17215,76,1,2.89,-4.7685,0.8,2016,5,False
US-2016-117037,2016-05-17,2016-05-20,LW-17215,65,3,7.896,2.4675,0.2,2016,5,False
US-2016-117037,2016-05-17,2016-05-20,LW-17215,672,3,22.608,-10.1736,0.6,2016,5,False
US-2016-117037,2016-05-17,2016-05-20,LW-17215,1650,8,30.528,9.54,0.2,2016,5,False
CA-2017-160801,2017-09-19,2017-09-19,FG-14260,67,3,4.842,-3.3894,0.7,2017,9,False
CA-2016-108364,2016-12-19,2016-12-24,BP-11050,1629,5,1.8,-2.88,0.8,2016,12,False
CA-2017-169362,2017-10-12,2017-10-15,SP-20860,1019,2,39.984,-1.4994,0.2,2017,10,False
CA-2015-127481,2015-12-12,2015-12-15,JD-15895,1717,5,32.4,15.876,0.0,2015,12,False
CA-2015-127481,2015-12-12,2015-12-15,JD-15895,1701,2,97.88,48.94,0.0,2015,12,False
CA-2015-112711,2015-07-12,2015-07-18,FM-14380,1604,4,307.168,30.7168,0.2,2015,7,False
US-2015-145121,2015-10-02,2015-10-06,MP-17965,66,5,26.9,13.181,0.0,2015,10,False
CA-2017-166184,2017-03-24,2017-03-27,HR-14830,3,3,47.01,22.0947,0.0,2017,3,False
CA-2017-166184,2017-03-24,2017-03-27,HR-14830,1394,1,469.99,136.2971,0.0,2017,3,False
CA-2017-166184,2017-03-24,2017-03-27,HR-14830,747,3,207.846,2.3094,0.1,2017,3,False
CA-2017-157413,2017-06-01,2017-06-06,BW-11065,1558,3,324.744,-77.1267,0.2,2017,6,False
CA-2014-143637,2014-03-24,2014-03-29,MS-17710,482,2,40.48,14.5728,0.0,2014,3,False
CA-2015-102260,2015-09-22,2015-09-26,SJ-20125,220,4,12.0,4.2,0.2,2015,9,False
CA-2015-102260,2015-09-22,2015-09-26,SJ-20125,1551,4,720.064,-63.0056,0.2,2015,9,True
CA-2015-102260,2015-09-22,2015-09-26,SJ-20125,1386,1,25.424,-4.767,0.2,2015,9,False
CA-2015-102260,2015-09-22,2015-09-26,SJ-20125,1116,2,2.816,0.3168,0.2,2015,9,False
CA-2015-102260,2015-09-22,2015-09-26,SJ-20125,1306,2,3.204,-2.5632,0.7,2015,9,False
US-2016-137295,2016-01-08,2016-01-13,VS-21820,1836,7,30.828,-24.6624,0.7,2016,1,False
US-2016-137295,2016-01-08,2016-01-13,VS-21820,1125,3,47.616,5.952,0.2,2016,1,False
US-2016-137295,2016-01-08,2016-01-13,VS-21820,173,2,108.784,10.8784,0.2,2016,1,False
CA-2016-134334,2016-02-14,2016-02-15,DK-13090,1650,1,4.77,2.1465,0.0,2016,2,False
CA-2016-134334,2016-02-14,2016-02-15,DK-13090,541,3,7.98,2.0748,0.0,2016,2,False
CA-2016-134334,2016-02-14,2016-02-15,DK-13090,319,3,550.431,-47.1798,0.3,2016,2,True
CA-2016-134334,2016-02-14,2016-02-15,DK-13090,1345,6,10.56,4.6464,0.0,2016,2,False
US-2017-109316,2017-06-08,2017-06-10,MG-17680,1351,2,1497.666,140.9568,0.15,2017,6,True
US-2017-109316,2017-06-08,2017-06-10,MG-17680,1447,2,17.52,-3.504,0.2,2017,6,False
CA-2016-138478,2016-10-21,2016-10-26,DP-13390,1228,3,113.22,29.4372,0.0,2016,10,False
CA-2016-138478,2016-10-21,2016-10-26,DP-13390,1716,6,35.88,17.5812,0.0,2016,10,False
CA-2016-138478,2016-10-21,2016-10-26,DP-13390,895,3,4535.976,1644.2913,0.2,2016,10,True
CA-2017-150469,2017-01-26,2017-01-30,CJ-12010,328,8,11.84,5.6832,0.0,2017,1,False
CA-2017-152436,2017-12-08,2017-12-10,CW-11905,1330,6,592.74,160.0398,0.0,2017,12,True
CA-2016-169334,2016-10-21,2016-10-24,GW-14605,1542,9,111.672,6.9795,0.2,2016,10,False
US-2014-115413,2014-08-26,2014-09-01,PP-18955,1149,3,8.64,2.5056,0.0,2014,8,False
US-2014-115413,2014-08-26,2014-09-01,PP-18955,1266,3,149.97,52.4895,0.0,2014,8,False
CA-2014-125150,2014-05-16,2014-05-23,PW-19030,906,5,232.88,17.466,0.2,2014,5,False
CA-2015-127327,2015-02-03,2015-02-07,PW-19030,752,1,90.882,15.147,0.1,2015,2,False
CA-2017-117114,2017-10-31,2017-11-05,CY-12745,450,4,508.768,38.1576,0.2,2017,10,True
CA-2017-117114,2017-10-31,2017-11-05,CY-12745,1,3,9.912,3.2214,0.2,2017,10,False
CA-2015-137302,2015-04-26,2015-05-01,BW-11110,1369,3,63.936,6.3936,0.2,2015,4,False
CA-2015-137302,2015-04-26,2015-05-01,BW-11110,1154,3,59.52,15.4752,0.0,2015,4,False
CA-2015-137302,2015-04-26,2015-05-01,BW-11110,1323,3,311.976,38.997,0.2,2015,4,False
CA-2015-137302,2015-04-26,2015-05-01,BW-11110,699,3,50.352,17.6232,0.2,2015,4,False
CA-2016-112382,2016-05-09,2016-05-13,MB-18085,890,2,19.136,1.9136,0.2,2016,5,False
CA-2015-128958,2015-01-24,2015-01-28,CR-12820,474,5,13.12,2.132,0.2,2015,1,False
CA-2015-106257,2015-04-13,2015-04-17,EB-14110,907,2,241.568,-15.098,0.2,2015,4,False
CA-2015-106257,2015-04-13,2015-04-17,EB-14110,1286,2,479.92,41.993,0.2,2015,4,False
CA-2015-149083,2015-09-25,2015-09-30,SH-19975,767,4,307.136,-11.5176,0.2,2015,9,False
CA-2015-149083,2015-09-25,2015-09-30,SH-19975,1258,2,12.6,5.796,0.0,2015,9,False
CA-2015-149083,2015-09-25,2015-09-30,SH-19975,1004,2,159.98,57.5928,0.0,2015,9,False
US-2014-137869,2014-03-28,2014-04-02,CV-12295,1284,3,6.12,2.8764,0.0,2014,3,False
US-2014-137869,2014-03-28,2014-04-02,CV-12295,836,4,1184.72,106.6248,0.0,2014,3,True
CA-2016-116603,2016-07-17,2016-07-22,AT-10735,302,2,45.96,13.788,0.0,2016,7,False
CA-2014-158470,2014-04-19,2014-04-23,AG-10390,687,3,58.05,26.703,0.0,2014,4,False
CA-2014-158470,2014-04-19,2014-04-23,AG-10390,1830,11,71.28,34.2144,0.0,2014,4,False
US-2017-123834,2017-07-21,2017-07-25,GM-14500,835,4,124.404,-21.3264,0.3,2017,7,False
CA-2015-125976,2015-09-27,2015-10-02,JK-15205,1779,5,154.9,69.705,0.0,2015,9,False
CA-2015-125976,2015-09-27,2015-10-02,JK-15205,439,12,1871.88,561.564,0.0,2015,9,True
CA-2016-128706,2016-02-27,2016-03-02,DW-13540,491,2,16.192,-6.8816,0.6,2016,2,False
CA-2016-104311,2016-05-02,2016-05-06,AS-10090,129,3,18.936,-3.7872,0.2,2016,5,False
CA-2016-104311,2016-05-02,2016-05-06,AS-10090,1506,3,12.672,-3.168,0.2,2016,5,False
CA-2016-104311,2016-05-02,2016-05-06,AS-10090,212,2,5.04,1.764,0.2,2016,5,False
CA-2014-169649,2014-12-09,2014-12-15,TS-21205,162,2,8.448,2.9568,0.2,2014,12,False
CA-2014-169649,2014-12-09,2014-12-15,TS-21205,1576,2,20.388,-53.0088,0.8,2014,12,False
CA-2015-144890,2015-12-25,2015-12-29,SM-20320,1737,2,9.96,4.8804,0.0,2015,12,False
CA-2017-135587,2017-12-07,2017-12-12,BH-11710,611,4,320.64,89.7792,0.0,2017,12,False
CA-2017-135587,2017-12-07,2017-12-12,BH-11710,1073,4,52.0,23.4,0.0,2017,12,False
CA-2014-103429,2014-05-30,2014-06-01,LW-16825,698,2,25.584,8.9544,0.2,2014,5,False
CA-2014-103429,2014-05-30,2014-06-01,LW-16825,732,5,464.0,134.56,0.0,2014,5,False
CA-2014-103429,2014-05-30,2014-06-01,LW-16825,861,3,235.95,77.8635,0.0,2014,5,False
CA-2014-103429,2014-05-30,2014-06-01,LW-16825,1736,4,39.96,17.982,0.0,2014,5,False
CA-2017-152261,2017-03-02,2017-03-06,JA-15970,715,4,18.528,-12.352,0.7,2017,3,False
CA-2015-142993,2015-10-12,2015-10-17,KA-16525,960,2,17.9,3.401,0.0,2015,10,False
CA-2015-142993,2015-10-12,2015-10-17,KA-16525,469,2,81.96,0.0,0.0,2015,10,False
CA-2015-143364,2015-07-14,2015-07-19,TG-21310,1364,3,272.736,-64.7748,0.2,2015,7,False
CA-2015-143364,2015-07-14,2015-07-19,TG-21310,1682,4,18.496,6.7048,0.2,2015,7,False
CA-2015-143364,2015-07-14,2015-07-19,TG-21310,1363,2,441.92,49.716,0.2,2015,7,False
CA-2015-143364,2015-07-14,2015-07-19,TG-21310,844,6,127.764,-191.646,0.7,2015,7,False
CA-2014-100972,2014-11-19,2014-11-24,DB-13360,1670,3,166.44,79.8912,0.0,2014,11,False
CA-2016-136994,2016-05-27,2016-06-02,LS-17245,1651,2,13.38,6.1548,0.0,2016,5,False
US-2017-166233,2017-07-03,2017-07-09,MO-17950,915,2,24.0,-2.7,0.2,2017,7,False
CA-2017-122112,2017-09-25,2017-09-29,CA-11965,1431,4,24.448,8.8624,0.2,2017,9,False
CA-2016-101672,2016-10-03,2016-10-07,DB-12910,1455,2,6.16,2.9568,0.0,2016,10,False
CA-2016-101672,2016-10-03,2016-10-07,DB-12910,743,4,915.136,102.9528,0.2,2016,10,True
CA-2016-101672,2016-10-03,2016-10-07,DB-12910,1685,2,8.56,3.852,0.0,2016,10,False
CA-2016-101672,2016-10-03,2016-10-07,DB-12910,1674,2,97.82,45.9754,0.0,2016,10,False
CA-2017-168403,2017-09-09,2017-09-15,DK-12835,1717,6,31.104,11.2752,0.2,2017,9,False
CA-2017-168403,2017-09-09,2017-09-15,DK-12835,297,1,11.176,0.8382,0.2,2017,9,False
CA-2015-148705,2015-03-12,2015-03-18,EB-14170,228,2,5.04,1.764,0.2,2015,3,False
CA-2016-160241,2016-11-29,2016-12-04,DR-12940,1537,4,242.176,-302.72,0.6,2016,11,False
CA-2016-155747,2016-06-14,2016-06-21,JS-15685,735,2,337.176,-118.0116,0.4,2016,6,False
CA-2017-118017,2017-12-03,2017-12-06,LC-16870,1153,6,13.344,1.0008,0.2,2017,12,False
CA-2017-118017,2017-12-03,2017-12-06,LC-16870,1070,6,76.752,10.5534,0.2,2017,12,False
CA-2017-118017,2017-12-03,2017-12-06,LC-16870,1070,8,102.336,14.0712,0.2,2017,12,False
CA-2017-118017,2017-12-03,2017-12-06,LC-16870,1646,2,10.32,3.741,0.2,2017,12,False
CA-2017-118017,2017-12-03,2017-12-06,LC-16870,597,7,47.32,5.915,0.2,2017,12,False
CA-2017-118017,2017-12-03,2017-12-06,LC-16870,1497,3,23.376,7.0128,0.2,2017,12,False
CA-2017-118017,2017-12-03,2017-12-06,LC-16870,576,5,16.72,3.344,0.2,2017,12,False
CA-2017-118017,2017-12-03,2017-12-06,LC-16870,491,1,16.192,4.6552,0.2,2017,12,False
CA-2016-113117,2016-08-16,2016-08-22,JP-15520,1718,5,32.4,15.552,0.0,2016,8,False
CA-2016-148684,2016-12-25,2016-12-29,TS-21655,1134,9,19.89,5.3703,0.0,2016,12,False
CA-2016-148684,2016-12-25,2016-12-29,TS-21655,1329,2,399.98,171.9914,0.0,2016,12,False
CA-2016-148684,2016-12-25,2016-12-29,TS-21655,880,5,343.85,137.54,0.0,2016,12,False
CA-2016-148684,2016-12-25,2016-12-29,TS-21655,1690,3,106.32,49.9704,0.0,2016,12,False
CA-2017-125367,2017-07-23,2017-07-30,NM-18445,1644,3,13.92,4.35,0.2,2017,7,False
CA-2017-124744,2017-06-21,2017-06-25,EH-14125,904,5,82.4,40.376,0.0,2017,6,False
CA-2017-124744,2017-06-21,2017-06-25,EH-14125,1842,2,6.24,3.0576,0.0,2017,6,False
CA-2017-124744,2017-06-21,2017-06-25,EH-14125,1692,8,447.84,219.4416,0.0,2017,6,False
CA-2017-128363,2017-08-13,2017-08-18,DC-12850,310,7,272.048,30.6054,0.2,2017,8,False
CA-2017-128363,2017-08-13,2017-08-18,DC-12850,686,6,1614.582,-1237.8462,0.7,2017,8,True
CA-2017-128363,2017-08-13,2017-08-18,DC-12850,1499,5,24.32,9.12,0.2,2017,8,False
CA-2017-128363,2017-08-13,2017-08-18,DC-12850,1054,2,1.584,0.4752,0.2,2017,8,False
CA-2017-128363,2017-08-13,2017-08-18,DC-12850,584,1,31.984,0.0,0.2,2017,8,False
CA-2017-128363,2017-08-13,2017-08-18,DC-12850,455,5,14.76,4.797,0.2,2017,8,False
CA-2017-128363,2017-08-13,2017-08-18,DC-12850,850,2,423.648,47.6604,0.2,2017,8,False
CA-2015-126669,2015-11-07,2015-11-13,DO-13645,1668,2,76.64,26.824,0.2,2015,11,False
US-2015-118766,2015-10-15,2015-10-22,LS-16975,1493,1,4.464,1.674,0.2,2015,10,False
US-2015-118766,2015-10-15,2015-10-22,LS-16975,266,10,3.96,-6.93,0.8,2015,10,False
CA-2016-112585,2016-07-30,2016-08-02,RW-19630,869,2,715.64,178.91,0.0,2016,7,True
CA-2016-149762,2016-12-03,2016-12-07,RD-19720,830,3,268.704,6.7176,0.2,2016,12,False
CA-2016-149762,2016-12-03,2016-12-07,RD-19720,1353,8,21.92,5.9184,0.0,2016,12,False
CA-2016-149762,2016-12-03,2016-12-07,RD-19720,71,3,48.72,7.308,0.0,2016,12,False
CA-2016-149762,2016-12-03,2016-12-07,RD-19720,1188,2,205.666,-12.098,0.15,2016,12,False
CA-2016-167605,2016-04-28,2016-04-30,RB-19570,560,2,30.344,-31.8612,0.6,2016,4,False
US-2017-105697,2017-08-25,2017-08-27,JE-15715,983,2,25.696,1.9272,0.2,2017,8,False
CA-2017-165323,2017-06-17,2017-06-21,SR-20740,812,5,3404.5,1668.205,0.0,2017,6,True
CA-2017-165323,2017-06-17,2017-06-21,SR-20740,962,3,101.34,8.1072,0.0,2017,6,False
CA-2015-110891,2015-11-20,2015-11-24,PO-19195,754,4,344.372,-93.4724,0.3,2015,11,False
CA-2017-100783,2017-09-04,2017-09-08,JK-16120,888,1,30.384,3.798,0.2,2017,9,False
CA-2015-152513,2015-07-04,2015-07-08,JP-16135,263,2,22.848,7.4256,0.2,2015,7,False
CA-2017-139822,2017-09-15,2017-09-21,Dp-13240,583,2,38.62,10.8136,0.0,2017,9,False
CA-2017-139822,2017-09-15,2017-09-21,Dp-13240,1084,2,59.98,10.7964,0.0,2017,9,False
CA-2017-107713,2017-03-13,2017-03-17,JB-16000,233,3,174.3,81.921,0.0,2017,3,False
CA-2017-134096,2017-09-24,2017-09-29,PP-18955,1604,5,383.96,38.396,0.2,2017,9,False
CA-2017-134096,2017-09-24,2017-09-29,PP-18955,1636,3,15.57,-11.418,0.7,2017,9,False
CA-2016-125843,2016-08-13,2016-08-16,RF-19840,247,4,22.32,10.7136,0.0,2016,8,False
CA-2016-125843,2016-08-13,2016-08-16,RF-19840,134,7,103.6,51.8,0.0,2016,8,False
CA-2017-120404,2017-11-20,2017-11-24,KH-16330,1051,3,2.97,1.3365,0.0,2017,11,False
CA-2017-120404,2017-11-20,2017-11-24,KH-16330,157,1,569.99,170.997,0.0,2017,11,True
CA-2017-120404,2017-11-20,2017-11-24,KH-16330,1560,3,50.97,9.1746,0.0,2017,11,False
CA-2017-167549,2017-07-25,2017-07-27,EM-14200,1379,6,298.116,-4.2588,0.3,2017,7,False
CA-2016-120082,2016-03-25,2016-03-27,DK-12835,1125,3,59.52,17.856,0.0,2016,3,False
US-2016-168095,2016-07-15,2016-07-20,MC-17425,326,3,230.28,23.028,0.2,2016,7,False
US-2016-168095,2016-07-15,2016-07-20,MC-17425,1693,5,105.52,34.294,0.2,2016,7,False
CA-2017-166093,2017-08-17,2017-08-24,RW-19540,1493,2,23.36,11.68,0.0,2017,8,False
CA-2017-166093,2017-08-17,2017-08-24,RW-19540,1223,3,71.976,8.997,0.2,2017,8,False
CA-2017-166093,2017-08-17,2017-08-24,RW-19540,1751,2,8.56,3.852,0.0,2017,8,False
CA-2017-166093,2017-08-17,2017-08-24,RW-19540,1626,3,13.92,4.872,0.2,2017,8,False
CA-2017-166093,2017-08-17,2017-08-24,RW-19540,1417,9,2518.29,654.7554,0.0,2017,8,True
CA-2017-166093,2017-08-17,2017-08-24,RW-19540,1490,3,540.57,140.5482,0.0,2017,8,True
CA-2017-166093,2017-08-17,2017-08-24,RW-19540,705,8,221.056,77.3696,0.2,2017,8,False
CA-2016-146325,2016-12-14,2016-12-17,DS-13180,768,2,81.424,-9.1602,0.2,2016,12,False
CA-2016-146325,2016-12-14,2016-12-17,DS-13180,1543,10,134.8,35.048,0.0,2016,12,False
CA-2017-134194,2017-12-25,2018-01-01,GA-14725,1639,9,39.582,-59.373,0.8,2017,12,False
CA-2017-134194,2017-12-25,2018-01-01,GA-14725,1496,7,44.688,5.0274,0.2,2017,12,False
CA-2017-134194,2017-12-25,2018-01-01,GA-14725,1148,2,31.744,2.3808,0.2,2017,12,False
CA-2017-134194,2017-12-25,2018-01-01,GA-14725,1638,5,40.98,-65.568,0.8,2017,12,False
CA-2017-134194,2017-12-25,2018-01-01,GA-14725,1622,3,3.168,-5.0688,0.8,2017,12,False
CA-2014-131009,2014-03-01,2014-03-05,SC-20380,1282,5,18.84,-3.5325,0.2,2014,3,False
CA-2014-131009,2014-03-01,2014-03-05,SC-20380,799,6,362.25,0.0,0.3,2014,3,False
CA-2014-131009,2014-03-01,2014-03-05,SC-20380,479,6,63.552,-34.9536,0.6,2014,3,False
CA-2014-131009,2014-03-01,2014-03-05,SC-20380,633,3,129.552,-22.6716,0.2,2014,3,False
CA-2015-145814,2015-11-19,2015-11-24,KD-16345,83,2,5.984,2.244,0.2,2015,11,False
CA-2015-145814,2015-11-19,2015-11-24,KD-16345,48,4,861.76,249.9104,0.0,2015,11,True
CA-2014-138359,2014-04-01,2014-04-06,KH-16330,1355,4,66.96,2.6784,0.0,2014,4,False
CA-2014-138359,2014-04-01,2014-04-06,KH-16330,1842,2,6.24,3.0576,0.0,2014,4,False
CA-2017-131807,2017-10-05,2017-10-10,GG-14650,744,4,435.168,-59.8356,0.2,2017,10,False
CA-2017-131807,2017-10-05,2017-10-10,GG-14650,1499,5,14.9,6.854,0.0,2017,10,False
CA-2017-131807,2017-10-05,2017-10-10,GG-14650,868,4,15.8,4.108,0.0,2017,10,False
CA-2017-131807,2017-10-05,2017-10-10,GG-14650,481,5,72.9,26.973,0.0,2017,10,False
CA-2017-131807,2017-10-05,2017-10-10,GG-14650,942,3,206.352,5.1588,0.2,2017,10,False
CA-2017-131807,2017-10-05,2017-10-10,GG-14650,1484,1,7.992,2.6973,0.2,2017,10,False
CA-2017-104864,2017-11-18,2017-11-23,JS-15685,1550,5,81.36,-19.323,0.2,2017,11,False
CA-2017-104864,2017-11-18,2017-11-23,JS-15685,900,8,20.232,-16.1856,0.7,2017,11,False
CA-2017-104864,2017-11-18,2017-11-23,JS-15685,54,4,389.056,48.632,0.2,2017,11,False
CA-2017-104864,2017-11-18,2017-11-23,JS-15685,1818,4,20.736,7.2576,0.2,2017,11,False
CA-2017-104864,2017-11-18,2017-11-23,JS-15685,1807,8,41.472,14.5152,0.2,2017,11,False
CA-2015-138219,2015-03-23,2015-03-30,BP-11095,1325,4,33.36,16.68,0.0,2015,3,False
CA-2016-157707,2016-10-10,2016-10-12,CC-12610,388,3,90.882,-190.8522,0.7,2016,10,False
CA-2016-157707,2016-10-10,2016-10-12,CC-12610,1846,1,15.992,-2.9985,0.2,2016,10,False
CA-2016-157707,2016-10-10,2016-10-12,CC-12610,763,1,120.784,13.5882,0.2,2016,10,False
US-2015-126753,2015-08-16,2015-08-20,SP-20860,434,4,519.792,-112.6216,0.4,2015,8,True
US-2015-126753,2015-08-16,2015-08-20,SP-20860,1403,3,31.176,-5.4558,0.2,2015,8,False
US-2015-126753,2015-08-16,2015-08-20,SP-20860,1824,2,10.368,3.6288,0.2,2015,8,False
US-2015-126753,2015-08-16,2015-08-20,SP-20860,237,2,2.724,-1.9068,0.7,2015,8,False
US-2015-126753,2015-08-16,2015-08-20,SP-20860,1533,3,254.352,0.0,0.2,2015,8,False
US-2015-126753,2015-08-16,2015-08-20,SP-20860,240,3,3.762,-2.7588,0.7,2015,8,False
US-2015-126753,2015-08-16,2015-08-20,SP-20860,1781,3,10.272,3.21,0.2,2015,8,False
CA-2014-166051,2014-05-31,2014-06-05,JK-15625,1390,3,659.97,197.991,0.0,2014,5,True
CA-2014-166051,2014-05-31,2014-06-05,JK-15625,777,3,113.73,32.9817,0.0,2014,5,False
CA-2015-113040,2015-08-27,2015-08-31,CC-12100,248,1,5.104,1.6588,0.2,2015,8,False
CA-2014-103800,2014-01-03,2014-01-07,DP-13000,1081,2,16.448,5.5512,0.2,2014,1,False
CA-2014-113383,2014-09-10,2014-09-13,SF-20065,946,4,81.92,22.1184,0.0,2014,9,False
CA-2014-113383,2014-09-10,2014-09-13,SF-20065,502,5,254.9,76.47,0.0,2014,9,False
CA-2017-152499,2017-01-22,2017-01-25,EH-13765,1499,5,15.12,4.914,0.2,2017,1,False
CA-2017-152499,2017-01-22,2017-01-25,EH-13765,1157,3,7.872,0.8856,0.2,2017,1,False
CA-2016-151498,2016-04-21,2016-04-24,DN-13690,1357,5,8.32,2.808,0.2,2016,4,False
CA-2016-137939,2016-07-20,2016-07-23,PJ-19015,1848,5,89.95,43.176,0.0,2016,7,False
US-2016-117793,2016-08-23,2016-08-29,MA-17560,1258,4,25.2,11.592,0.0,2016,8,False
US-2016-117793,2016-08-23,2016-08-29,MA-17560,225,3,37.59,17.6673,0.0,2016,8,False
US-2016-117793,2016-08-23,2016-08-29,MA-17560,1264,1,14.97,4.1916,0.0,2016,8,False
US-2016-117793,2016-08-23,2016-08-29,MA-17560,1051,2,1.98,0.891,0.0,2016,8,False
CA-2016-133872,2016-06-14,2016-06-17,VM-21835,713,4,39.936,-26.624,0.7,2016,6,False
CA-2016-133872,2016-06-14,2016-06-17,VM-21835,1600,2,18.464,2.308,0.2,2016,6,False
US-2015-165743,2015-11-20,2015-11-23,MM-18055,1627,3,4.896,-3.4272,0.7,2015,11,False
US-2015-165743,2015-11-20,2015-11-23,MM-18055,1420,6,145.764,-247.7988,0.7,2015,11,False
US-2015-165743,2015-11-20,2015-11-23,MM-18055,1623,6,9.612,-7.3692,0.7,2015,11,False
US-2017-105998,2017-11-03,2017-11-05,CR-12580,1089,5,199.75,87.89,0.0,2017,11,False
US-2017-105998,2017-11-03,2017-11-05,CR-12580,428,12,1673.184,20.9148,0.2,2017,11,True
US-2014-148194,2014-05-04,2014-05-07,BS-11365,586,7,12.18,3.8976,0.0,2014,5,False
US-2014-148194,2014-05-04,2014-05-07,BS-11365,819,4,57.68,19.0344,0.0,2014,5,False
US-2015-151407,2015-11-08,2015-11-12,RD-19585,440,4,263.96,76.5484,0.0,2015,11,False
CA-2015-110870,2015-12-12,2015-12-15,KD-16270,1017,6,299.94,128.9742,0.0,2015,12,False
CA-2015-110870,2015-12-12,2015-12-15,KD-16270,1496,7,25.76,0.5152,0.0,2015,12,False
CA-2014-143210,2014-12-01,2014-12-03,AA-10645,435,2,271.9,78.851,0.0,2014,12,False
CA-2014-143210,2014-12-01,2014-12-03,AA-10645,990,3,45.84,15.5856,0.0,2014,12,False
CA-2014-143210,2014-12-01,2014-12-03,AA-10645,1587,2,9.82,3.2406,0.0,2014,12,False
CA-2016-139808,2016-10-07,2016-10-11,MC-18100,133,12,93.36,0.9336,0.0,2016,10,False
CA-2015-110863,2015-11-17,2015-11-24,AA-10645,1558,4,541.24,5.4124,0.0,2015,11,True
CA-2015-110863,2015-11-17,2015-11-24,AA-10645,537,3,106.32,49.9704,0.0,2015,11,False
CA-2015-110863,2015-11-17,2015-11-24,AA-10645,850,5,1323.9,383.931,0.0,2015,11,True
CA-2014-127859,2014-03-17,2014-03-20,QJ-19255,1693,6,126.624,41.1528,0.2,2014,3,False
US-2015-136427,2015-06-20,2015-06-23,JM-16195,783,7,125.944,15.743,0.2,2015,6,False
CA-2017-120168,2017-05-25,2017-05-25,TB-21625,682,5,663.92,207.475,0.2,2017,5,True
CA-2017-120168,2017-05-25,2017-05-25,TB-21625,915,8,120.0,13.2,0.0,2017,5,False
CA-2017-120168,2017-05-25,2017-05-25,TB-21625,65,1,3.29,1.4805,0.0,2017,5,False
CA-2017-120168,2017-05-25,2017-05-25,TB-21625,546,3,18.84,6.0288,0.0,2017,5,False
US-2014-131870,2014-09-09,2014-09-11,NF-18595,1176,6,60.672,12.8928,0.2,2014,9,False
US-2014-131870,2014-09-09,2014-09-11,NF-18595,1127,9,30.816,2.6964,0.2,2014,9,False
CA-2017-114804,2017-10-17,2017-10-19,BF-11020,1241,1,52.792,4.6193,0.2,2017,10,False
CA-2017-167227,2017-11-02,2017-11-05,NP-18670,338,10,83.9,20.975,0.0,2017,11,False
CA-2017-167227,2017-11-02,2017-11-05,NP-18670,108,2,11.76,5.7624,0.0,2017,11,False
CA-2014-129189,2014-07-21,2014-07-25,HM-14860,50,3,4.992,-12.9792,0.8,2014,7,False
CA-2014-129189,2014-07-21,2014-07-25,HM-14860,926,5,87.92,29.673,0.2,2014,7,False
CA-2014-129189,2014-07-21,2014-07-25,HM-14860,842,5,657.93,-93.99,0.3,2014,7,True
CA-2014-129189,2014-07-21,2014-07-25,HM-14860,59,1,1.044,-1.827,0.8,2014,7,False
CA-2015-132465,2015-09-11,2015-09-15,DM-13525,510,2,210.68,50.5632,0.0,2015,9,False
CA-2015-132465,2015-09-11,2015-09-15,DM-13525,1477,1,78.8,1.576,0.0,2015,9,False
CA-2015-132465,2015-09-11,2015-09-15,DM-13525,1023,1,19.99,6.7966,0.0,2015,9,False
CA-2015-132465,2015-09-11,2015-09-15,DM-13525,657,4,772.68,108.1752,0.0,2015,9,True
CA-2016-166373,2016-10-21,2016-10-25,JF-15565,1404,6,106.08,-9.282,0.2,2016,10,False
CA-2016-158806,2016-01-07,2016-01-11,NM-18520,618,3,23.076,-10.9611,0.6,2016,1,False
CA-2016-158806,2016-01-07,2016-01-11,NM-18520,1808,5,25.92,9.072,0.2,2016,1,False
CA-2015-119690,2015-06-25,2015-06-28,MV-17485,1666,3,47.952,16.1838,0.2,2015,6,False
CA-2015-119690,2015-06-25,2015-06-28,MV-17485,271,2,0.984,-1.476,0.8,2015,6,False
CA-2015-119690,2015-06-25,2015-06-28,MV-17485,730,9,75.384,-20.7306,0.6,2015,6,False
CA-2015-119690,2015-06-25,2015-06-28,MV-17485,242,2,4.608,1.6704,0.2,2015,6,False
CA-2015-153738,2015-09-20,2015-09-22,AG-10270,709,6,37.68,16.956,0.0,2015,9,False
CA-2017-169012,2017-07-10,2017-07-14,BF-11275,297,3,41.91,10.8966,0.0,2017,7,False
CA-2017-109393,2017-06-30,2017-07-02,JC-15775,1425,3,435.999,5.1294,0.15,2017,6,False
CA-2017-121489,2017-08-21,2017-08-25,CM-11815,1226,6,388.704,38.8704,0.2,2017,8,False
CA-2017-121489,2017-08-21,2017-08-25,CM-11815,658,6,572.58,34.3548,0.0,2017,8,True
CA-2017-121489,2017-08-21,2017-08-25,CM-11815,953,2,33.18,11.613,0.0,2017,8,False
US-2017-133081,2017-03-11,2017-03-15,PV-18985,1074,4,63.88,24.9132,0.0,2017,3,False
US-2017-133081,2017-03-11,2017-03-15,PV-18985,624,1,26.72,11.7568,0.0,2017,3,False
CA-2017-165008,2017-09-15,2017-09-17,DO-13645,270,9,295.056,106.9578,0.2,2017,9,False
CA-2016-145611,2016-09-20,2016-09-24,HA-14905,861,5,393.25,129.7725,0.0,2016,9,False
CA-2016-113600,2016-12-15,2016-12-17,SH-20395,271,3,2.214,-1.476,0.7,2016,12,False
CA-2017-130834,2017-11-03,2017-11-06,JM-16195,1516,3,16.272,5.2884,0.2,2017,11,False
CA-2016-168543,2016-07-03,2016-07-07,DK-13225,170,7,706.86,197.9208,0.0,2016,7,True
CA-2014-144974,2014-09-26,2014-09-30,CM-12715,241,5,5.97,-4.577,0.7,2014,9,False
CA-2014-144974,2014-09-26,2014-09-30,CM-12715,479,1,21.184,4.7664,0.2,2014,9,False
CA-2014-144974,2014-09-26,2014-09-30,CM-12715,78,6,41.376,3.1032,0.2,2014,9,False
CA-2014-109904,2014-07-14,2014-07-17,BF-10975,1121,3,17.94,4.485,0.0,2014,7,False
CA-2017-152205,2017-09-28,2017-10-05,SF-20965,708,1,2.655,-1.8585,0.7,2017,9,False
CA-2015-121188,2015-08-28,2015-09-04,CB-12025,872,5,892.35,267.705,0.0,2015,8,True
CA-2015-121188,2015-08-28,2015-09-04,CB-12025,1180,2,307.666,28.9568,0.15,2015,8,False
CA-2015-121188,2015-08-28,2015-09-04,CB-12025,417,9,728.82,29.1528,0.0,2015,8,True
CA-2015-121188,2015-08-28,2015-09-04,CB-12025,721,5,41.36,13.959,0.2,2015,8,False
CA-2015-121188,2015-08-28,2015-09-04,CB-12025,1848,3,43.176,15.1116,0.2,2015,8,False
CA-2015-121188,2015-08-28,2015-09-04,CB-12025,591,2,4.16,1.7472,0.0,2015,8,False
CA-2015-156013,2015-09-20,2015-09-26,TC-20980,1663,5,61.4,28.858,0.0,2015,9,False
CA-2015-156013,2015-09-20,2015-09-26,TC-20980,1336,2,24.448,8.8624,0.2,2015,9,False
CA-2016-132997,2016-11-07,2016-11-09,LW-17215,45,4,263.96,71.2692,0.0,2016,11,False
CA-2016-132997,2016-11-07,2016-11-09,LW-17215,935,3,359.97,100.7916,0.0,2016,11,False
CA-2016-132997,2016-11-07,2016-11-09,LW-17215,1827,2,12.96,6.2208,0.0,2016,11,False
CA-2016-132997,2016-11-07,2016-11-09,LW-17215,556,3,116.82,5.841,0.0,2016,11,False
CA-2016-132997,2016-11-07,2016-11-09,LW-17215,894,2,276.784,89.9548,0.2,2016,11,False
US-2015-160563,2015-10-20,2015-10-24,NS-18640,1004,3,239.97,86.3892,0.0,2015,10,False
US-2015-160563,2015-10-20,2015-10-24,NS-18640,103,6,16.02,6.0876,0.0,2015,10,False
CA-2017-151750,2017-01-01,2017-01-05,JM-15250,1364,5,454.56,-107.958,0.2,2017,1,False
CA-2017-151750,2017-01-01,2017-01-05,JM-15250,1536,5,141.42,-187.3815,0.6,2017,1,False
CA-2017-151750,2017-01-01,2017-01-05,JM-15250,1203,4,310.744,-26.6352,0.3,2017,1,False
CA-2017-151750,2017-01-01,2017-01-05,JM-15250,675,4,12.736,2.2288,0.2,2017,1,False
CA-2017-151750,2017-01-01,2017-01-05,JM-15250,691,5,6.47,-9.705,0.8,2017,1,False
CA-2017-151750,2017-01-01,2017-01-05,JM-15250,1305,14,13.748,-22.6842,0.8,2017,1,False
CA-2017-151750,2017-01-01,2017-01-05,JM-15250,662,2,15.224,-38.8212,0.8,2017,1,False
CA-2015-106187,2015-06-23,2015-06-29,RF-19345,590,3,27.42,9.3228,0.0,2015,6,False
CA-2015-106187,2015-06-23,2015-06-29,RF-19345,682,1,165.98,74.691,0.0,2015,6,False
CA-2015-106187,2015-06-23,2015-06-29,RF-19345,517,3,75.0,18.0,0.0,2015,6,False
US-2016-164945,2016-11-22,2016-11-27,CA-12055,699,8,134.272,46.9952,0.2,2016,11,False
CA-2015-150714,2015-10-26,2015-11-01,KH-16690,183,6,146.544,47.6268,0.2,2015,10,False
CA-2015-150714,2015-10-26,2015-11-01,KH-16690,1699,3,131.904,47.8152,0.2,2015,10,False
CA-2015-150714,2015-10-26,2015-11-01,KH-16690,1576,5,203.88,20.388,0.2,2015,10,False
CA-2015-150714,2015-10-26,2015-11-01,KH-16690,268,7,14.301,-10.4874,0.7,2015,10,False
CA-2015-150714,2015-10-26,2015-11-01,KH-16690,647,10,718.64,-161.694,0.2,2015,10,True
CA-2016-105753,2016-10-20,2016-10-26,LC-16960,135,5,61.1,18.33,0.0,2016,10,False
CA-2017-120894,2017-04-28,2017-05-02,JL-15130,801,3,28.08,5.265,0.2,2017,4,False
CA-2016-106621,2016-09-29,2016-10-01,DM-12955,1161,4,10.496,1.1808,0.2,2016,9,False
CA-2015-107020,2015-07-10,2015-07-14,MV-18190,973,2,39.92,12.974,0.2,2015,7,False
US-2015-117492,2015-08-07,2015-08-09,NS-18640,78,9,77.58,20.1708,0.0,2015,8,False
CA-2014-101392,2014-12-07,2014-12-13,AS-10630,124,7,269.36,70.0336,0.0,2014,12,False
CA-2015-127502,2015-12-10,2015-12-14,MT-17815,242,2,5.76,2.8224,0.0,2015,12,False
CA-2017-143658,2017-11-08,2017-11-13,SR-20425,1229,5,109.9,32.97,0.0,2017,11,False
CA-2017-133046,2017-07-27,2017-08-01,DK-13375,1497,3,23.88,10.5072,0.0,2017,7,False
CA-2017-133046,2017-07-27,2017-08-01,DK-13375,1079,4,26.2,12.052,0.0,2017,7,False
CA-2017-133046,2017-07-27,2017-08-01,DK-13375,1824,2,12.96,6.2208,0.0,2017,7,False
CA-2017-133046,2017-07-27,2017-08-01,DK-13375,1465,5,234.95,32.893,0.0,2017,7,False
CA-2017-122798,2017-12-28,2018-01-01,SV-20935,580,5,118.25,34.2925,0.0,2017,12,False
CA-2017-122798,2017-12-28,2018-01-01,SV-20935,1742,1,4.28,1.926,0.0,2017,12,False
CA-2016-169663,2016-03-10,2016-03-13,RH-19510,960,3,26.85,5.1015,0.0,2016,3,False
CA-2016-169663,2016-03-10,2016-03-13,RH-19510,1219,3,3357.6,377.73,0.2,2016,3,True
CA-2015-149846,2015-05-22,2015-05-26,SB-20185,182,2,8.26,3.7996,0.0,2015,5,False
CA-2015-149846,2015-05-22,2015-05-26,SB-20185,1839,7,2973.32,334.4985,0.2,2015,5,True
CA-2015-149846,2015-05-22,2015-05-26,SB-20185,1264,7,104.79,29.3412,0.0,2015,5,False
CA-2015-149846,2015-05-22,2015-05-26,SB-20185,47,6,775.728,58.1796,0.2,2015,5,True
CA-2017-159149,2017-02-17,2017-02-19,CR-12820,1430,1,89.0664,-17.0274,0.32,2017,2,False
CA-2017-159149,2017-02-17,2017-02-19,CR-12820,529,6,175.44,52.632,0.2,2017,2,False
CA-2017-159149,2017-02-17,2017-02-19,CR-12820,938,4,438.336,-87.6672,0.2,2017,2,False
US-2017-167570,2017-12-08,2017-12-15,EG-13900,747,4,215.544,-58.5048,0.3,2017,12,False
CA-2017-160122,2017-11-18,2017-11-23,RD-19930,1249,6,55.584,20.844,0.2,2017,11,False
CA-2017-160122,2017-11-18,2017-11-23,RD-19930,755,2,127.386,-25.4772,0.3,2017,11,False
CA-2016-130393,2016-12-01,2016-12-03,JM-15865,1450,5,248.43,-17.745,0.3,2016,12,False
CA-2016-130393,2016-12-01,2016-12-03,JM-15865,52,4,11.648,-30.8672,0.8,2016,12,False
CA-2016-130393,2016-12-01,2016-12-03,JM-15865,764,2,85.246,-1.2178,0.3,2016,12,False
CA-2017-144820,2017-10-03,2017-10-07,LW-16825,458,5,20.64,2.322,0.2,2017,10,False
CA-2017-101014,2017-08-29,2017-09-04,RW-19540,594,3,148.02,41.4456,0.0,2017,8,False
CA-2017-105543,2017-11-24,2017-11-24,BG-11695,636,1,33.29,7.9896,0.0,2017,11,False
US-2017-113201,2017-06-30,2017-07-05,TT-21220,1704,5,204.95,100.4255,0.0,2017,6,False
US-2017-106551,2017-07-22,2017-07-27,EB-13930,842,4,526.344,-75.192,0.3,2017,7,True
CA-2016-116722,2016-11-11,2016-11-16,LP-17080,1040,2,41.96,10.9096,0.0,2016,11,False
CA-2016-116722,2016-11-11,2016-11-16,LP-17080,842,3,451.152,0.0,0.2,2016,11,False
CA-2016-116722,2016-11-11,2016-11-16,LP-17080,262,11,31.504,11.0264,0.2,2016,11,False
CA-2014-138128,2014-12-09,2014-12-15,FP-14320,773,3,30.672,9.585,0.2,2014,12,False
CA-2014-138128,2014-12-09,2014-12-15,FP-14320,403,4,1079.976,125.9972,0.4,2014,12,True
US-2017-150070,2017-09-07,2017-09-12,JA-15970,762,2,161.568,-28.2744,0.2,2017,9,False
CA-2015-137064,2015-02-06,2015-02-13,TS-21655,1588,3,2.934,-4.9878,0.8,2015,2,False
CA-2015-137064,2015-02-06,2015-02-13,TS-21655,1078,2,18.528,4.4004,0.2,2015,2,False
CA-2015-137064,2015-02-06,2015-02-13,TS-21655,1557,3,670.752,-125.766,0.2,2015,2,True
CA-2017-157350,2017-08-26,2017-09-01,DP-13000,1443,5,64.96,-43.848,0.6,2017,8,False
CA-2014-127866,2014-07-20,2014-07-23,JD-15895,1056,2,41.94,15.0984,0.0,2014,7,False
CA-2014-127866,2014-07-20,2014-07-23,JD-15895,1754,2,11.96,5.8604,0.0,2014,7,False
CA-2014-127866,2014-07-20,2014-07-23,JD-15895,1157,4,13.12,3.8048,0.0,2014,7,False
CA-2014-127866,2014-07-20,2014-07-23,JD-15895,872,3,535.41,160.623,0.0,2014,7,True
CA-2015-131352,2015-10-08,2015-10-13,GH-14485,1546,3,72.78,-70.9605,0.6,2015,10,False
CA-2015-121776,2015-02-16,2015-02-21,RD-19585,1663,3,36.84,17.3148,0.0,2015,2,False
CA-2015-121776,2015-02-16,2015-02-21,RD-19585,192,7,87.71,41.2237,0.0,2015,2,False
CA-2016-118073,2016-08-12,2016-08-16,CS-12490,281,7,562.2925,-255.5875,0.45,2016,8,True
CA-2014-103219,2014-11-09,2014-11-13,BF-11215,547,9,56.52,21.4776,0.0,2014,11,False
CA-2016-102561,2016-07-18,2016-07-22,NK-18490,1133,8,11.264,1.2672,0.2,2016,7,False
CA-2016-102561,2016-07-18,2016-07-22,NK-18490,1504,10,284.08,24.857,0.2,2016,7,False
CA-2016-102561,2016-07-18,2016-07-22,NK-18490,1749,4,18.496,6.7048,0.2,2016,7,False
CA-2016-100993,2016-02-05,2016-02-10,AZ-10750,217,3,14.73,7.2177,0.0,2016,2,False
CA-2016-100993,2016-02-05,2016-02-10,AZ-10750,645,3,186.54,50.3658,0.0,2016,2,False
CA-2016-100993,2016-02-05,2016-02-10,AZ-10750,428,4,557.728,6.9716,0.2,2016,2,True
CA-2016-100993,2016-02-05,2016-02-10,AZ-10750,150,4,159.968,-31.9936,0.2,2016,2,False
US-2014-112949,2014-06-20,2014-06-27,Co-12640,861,6,471.9,155.727,0.0,2014,6,False
US-2014-112949,2014-06-20,2014-06-27,Co-12640,1166,2,3.52,1.6896,0.0,2014,6,False
US-2017-146822,2017-06-09,2017-06-14,AG-10675,537,4,49.12,23.0864,0.0,2017,6,False
US-2016-131058,2016-12-27,2016-12-31,EM-14140,242,7,20.16,9.8784,0.0,2016,12,False
CA-2014-167997,2014-01-26,2014-01-29,CA-11965,1623,2,10.68,5.0196,0.0,2014,1,False
CA-2014-167997,2014-01-26,2014-01-29,CA-11965,1384,2,141.96,39.7488,0.0,2014,1,False
CA-2017-140151,2017-03-23,2017-03-25,RB-19360,71,2,32.48,4.872,0.0,2017,3,False
CA-2017-140151,2017-03-23,2017-03-25,RB-19360,1681,3,20.04,9.6192,0.0,2017,3,False
CA-2017-140151,2017-03-23,2017-03-25,RB-19360,404,4,13999.96,6719.9808,0.0,2017,3,True
US-2017-143770,2017-03-20,2017-03-24,RD-19720,1606,2,238.0,38.08,0.0,2017,3,False
US-2017-143770,2017-03-20,2017-03-24,RD-19720,1779,2,61.96,27.882,0.0,2017,3,False
CA-2016-131296,2016-10-04,2016-10-09,MS-17830,379,2,239.372,-23.9372,0.3,2016,10,False
CA-2016-103464,2016-11-18,2016-11-22,PG-18820,1606,5,595.0,95.2,0.0,2016,11,True
CA-2017-136238,2017-12-26,2018-01-01,KB-16240,1748,3,16.032,5.6112,0.2,2017,12,False
CA-2016-120803,2016-03-09,2016-03-13,RB-19465,1089,5,199.75,87.89,0.0,2016,3,False
CA-2016-134138,2016-02-16,2016-02-20,JD-15790,837,2,227.96,36.4736,0.0,2016,2,False
CA-2015-120915,2015-09-28,2015-10-03,JJ-15445,653,6,293.52,76.3152,0.0,2015,9,False
CA-2015-120915,2015-09-28,2015-10-03,JJ-15445,1168,2,307.98,89.3142,0.0,2015,9,False
CA-2015-168207,2015-11-02,2015-11-06,LT-17110,468,6,96.96,33.936,0.0,2015,11,False
CA-2015-168207,2015-11-02,2015-11-06,LT-17110,699,7,117.488,41.1208,0.2,2015,11,False
CA-2015-168207,2015-11-02,2015-11-06,LT-17110,410,3,11.952,4.1832,0.2,2015,11,False
CA-2015-168207,2015-11-02,2015-11-06,LT-17110,1189,3,512.499,-30.147,0.15,2015,11,True
CA-2016-144148,2016-07-31,2016-08-05,AH-10690,972,7,863.128,-32.3673,0.2,2016,7,True
CA-2017-107174,2017-11-06,2017-11-13,AB-10060,834,7,2036.86,366.6348,0.0,2017,11,True
CA-2017-107174,2017-11-06,2017-11-13,AB-10060,825,2,449.568,-73.0548,0.2,2017,11,False
CA-2017-107174,2017-11-06,2017-11-13,AB-10060,1401,3,108.96,32.688,0.0,2017,11,False
CA-2016-146150,2016-02-14,2016-02-19,FM-14380,1228,7,264.18,68.6868,0.0,2016,2,False
CA-2014-114125,2014-07-09,2014-07-13,GH-14410,197,1,2.88,1.4112,0.0,2014,7,False
CA-2014-114125,2014-07-09,2014-07-13,GH-14410,1637,6,41.904,14.1426,0.2,2014,7,False
CA-2014-114125,2014-07-09,2014-07-13,GH-14410,1256,4,23.92,4.0664,0.0,2014,7,False
CA-2016-114944,2016-01-30,2016-02-04,HE-14800,1731,4,156.512,52.8228,0.2,2016,1,False
CA-2016-135965,2016-09-22,2016-09-25,SZ-20035,1466,6,128.34,37.2186,0.0,2016,9,False
CA-2017-149699,2017-12-22,2017-12-24,CM-12115,952,5,474.95,142.485,0.0,2017,12,False
CA-2016-166429,2016-09-02,2016-09-08,TG-21310,804,2,999.98,449.991,0.0,2016,9,True
CA-2015-112767,2015-08-02,2015-08-06,DK-12985,286,4,277.5,-188.7,0.5,2015,8,False
CA-2015-119879,2015-11-21,2015-11-25,SS-20410,320,8,1252.704,-480.2032,0.4,2015,11,True
CA-2015-119879,2015-11-21,2015-11-25,SS-20410,994,5,110.97,-24.0435,0.4,2015,11,False
CA-2017-155642,2017-05-18,2017-05-22,BM-11575,672,3,22.608,-10.1736,0.6,2017,5,False
CA-2017-155642,2017-05-18,2017-05-22,BM-11575,391,1,1.892,-0.9933,0.6,2017,5,False
US-2017-101721,2017-07-23,2017-07-27,MY-17380,1693,3,63.312,20.5764,0.2,2017,7,False
CA-2015-136728,2015-09-13,2015-09-17,AG-10900,1493,1,7.824,2.934,0.2,2015,9,False
CA-2015-136728,2015-09-13,2015-09-17,AG-10900,771,4,170.072,-12.148,0.3,2015,9,False
CA-2016-127194,2016-12-10,2016-12-16,BW-11110,106,9,62.82,29.5254,0.0,2016,12,False
CA-2015-140375,2015-10-02,2015-10-05,SG-20470,1797,3,19.44,9.3312,0.0,2015,10,False
CA-2015-140375,2015-10-02,2015-10-05,SG-20470,695,1,7.38,3.6162,0.0,2015,10,False
US-2017-155866,2017-11-17,2017-11-21,CC-12370,1689,6,38.88,18.6624,0.0,2017,11,False
US-2017-155866,2017-11-17,2017-11-21,CC-12370,878,4,187.76,76.9816,0.0,2017,11,False
CA-2015-141327,2015-11-30,2015-12-03,LR-16915,236,7,6.048,-4.2336,0.7,2015,11,False
CA-2015-141327,2015-11-30,2015-12-03,LR-16915,298,3,98.352,9.8352,0.2,2015,11,False
CA-2015-141327,2015-11-30,2015-12-03,LR-16915,1036,2,335.744,25.1808,0.2,2015,11,False
CA-2015-136700,2015-12-06,2015-12-11,DB-13120,1482,2,8.96,4.3904,0.0,2015,12,False
CA-2017-102736,2017-09-05,2017-09-09,LP-17095,1061,4,89.568,-1.1196,0.2,2017,9,False
CA-2017-102736,2017-09-05,2017-09-09,LP-17095,1095,5,71.96,7.196,0.2,2017,9,False
CA-2017-102736,2017-09-05,2017-09-09,LP-17095,1817,3,15.552,5.4432,0.2,2017,9,False
CA-2017-125269,2017-04-24,2017-04-30,AF-10870,58,5,10.43,-18.2525,0.8,2017,4,False
CA-2017-125269,2017-04-24,2017-04-30,AF-10870,1382,1,72.784,-18.196,0.2,2017,4,False
CA-2015-114811,2015-11-08,2015-11-08,KD-16495,641,5,67.15,16.7875,0.0,2015,11,False
CA-2015-114811,2015-11-08,2015-11-08,KD-16495,1093,2,549.98,142.9948,0.0,2015,11,True
CA-2015-114811,2015-11-08,2015-11-08,KD-16495,1175,3,11.82,4.728,0.0,2015,11,False
CA-2015-114811,2015-11-08,2015-11-08,KD-16495,1840,4,4643.8,2229.024,0.0,2015,11,True
CA-2015-114811,2015-11-08,2015-11-08,KD-16495,832,2,577.764,115.5528,0.1,2015,11,True
CA-2015-122266,2015-04-26,2015-04-30,SA-20830,366,1,191.5155,-76.6062,0.45,2015,4,False
CA-2015-122266,2015-04-26,2015-04-30,SA-20830,474,1,2.624,0.4264,0.2,2015,4,False
CA-2015-141565,2015-09-20,2015-09-24,BG-11035,688,6,1369.764,-913.176,0.7,2015,9,True
CA-2015-141565,2015-09-20,2015-09-24,BG-11035,775,4,294.368,-58.8736,0.2,2015,9,False
CA-2017-128769,2017-09-07,2017-09-12,DM-12955,610,2,81.568,7.1372,0.2,2017,9,False
CA-2016-116337,2016-11-07,2016-11-12,MC-17845,622,5,44.46,-17.784,0.6,2016,11,False
CA-2016-116337,2016-11-07,2016-11-12,MC-17845,1091,3,314.088,19.6305,0.2,2016,11,False
CA-2015-120845,2015-09-25,2015-10-02,ML-17395,1622,4,6.336,-4.6464,0.7,2015,9,False
CA-2015-120845,2015-09-25,2015-10-02,ML-17395,118,1,10.48,3.799,0.2,2015,9,False
CA-2015-120845,2015-09-25,2015-10-02,ML-17395,1643,1,2.469,-1.8106,0.7,2015,9,False
CA-2015-120845,2015-09-25,2015-10-02,ML-17395,1627,2,3.264,-2.2848,0.7,2015,9,False
CA-2014-120775,2014-10-03,2014-10-07,RD-19930,456,3,4.344,0.8688,0.2,2014,10,False
CA-2014-120775,2014-10-03,2014-10-07,RD-19930,488,3,31.776,-19.0656,0.6,2014,10,False
CA-2014-120775,2014-10-03,2014-10-07,RD-19930,1455,2,4.928,1.7248,0.2,2014,10,False
CA-2014-120775,2014-10-03,2014-10-07,RD-19930,255,3,1.788,-3.0396,0.8,2014,10,False
CA-2014-120775,2014-10-03,2014-10-07,RD-19930,1507,4,15.072,-3.768,0.2,2014,10,False
CA-2014-152905,2014-02-18,2014-02-24,AB-10015,129,2,12.624,-2.5248,0.2,2014,2,False
CA-2016-104633,2016-06-12,2016-06-16,EA-14035,892,6,185.88,83.646,0.0,2016,6,False
CA-2016-104633,2016-06-12,2016-06-16,EA-14035,1825,2,12.96,6.2208,0.0,2016,6,False
CA-2017-104136,2017-11-01,2017-11-04,SF-20065,1726,10,189.7,91.056,0.0,2017,11,False
CA-2017-104136,2017-11-01,2017-11-04,SF-20065,1676,1,40.99,20.0851,0.0,2017,11,False
CA-2016-123050,2016-04-04,2016-04-08,BC-11125,513,2,82.64,7.4376,0.0,2016,4,False
CA-2016-123050,2016-04-04,2016-04-08,BC-11125,1541,2,31.02,8.0652,0.0,2016,4,False
CA-2016-123050,2016-04-04,2016-04-08,BC-11125,1012,3,89.97,37.7874,0.0,2016,4,False
CA-2016-162355,2016-06-30,2016-07-02,PF-19165,375,3,35.97,9.7119,0.0,2016,6,False
CA-2016-162355,2016-06-30,2016-07-02,PF-19165,1180,7,1266.86,291.3778,0.0,2016,6,True
CA-2014-158225,2014-09-22,2014-09-28,SE-20110,665,5,169.45,42.3625,0.0,2014,9,False
CA-2014-158225,2014-09-22,2014-09-28,SE-20110,1550,2,40.68,0.4068,0.0,2014,9,False
CA-2017-102204,2017-05-01,2017-05-06,CJ-12010,964,2,3.328,0.416,0.2,2017,5,False
CA-2017-102204,2017-05-01,2017-05-06,CJ-12010,376,4,933.262,-458.1468,0.45,2017,5,True
CA-2017-102204,2017-05-01,2017-05-06,CJ-12010,786,5,2803.92,0.0,0.2,2017,5,True
CA-2017-103065,2017-10-20,2017-10-20,PT-19090,1658,2,4.768,-0.7748,0.2,2017,10,False
CA-2017-103065,2017-10-20,2017-10-20,PT-19090,1325,1,6.672,2.502,0.2,2017,10,False
CA-2017-103065,2017-10-20,2017-10-20,PT-19090,1297,2,4.448,1.112,0.2,2017,10,False
CA-2017-103065,2017-10-20,2017-10-20,PT-19090,494,4,43.936,6.0412,0.2,2017,10,False
CA-2014-109855,2014-09-01,2014-09-05,LH-16900,1632,2,23.744,8.3104,0.2,2014,9,False
CA-2014-109855,2014-09-01,2014-09-05,LH-16900,1606,3,357.0,57.12,0.0,2014,9,False
CA-2014-109897,2014-08-12,2014-08-16,BW-11200,342,8,806.336,50.396,0.2,2014,8,True
CA-2014-109897,2014-08-12,2014-08-16,BW-11200,1441,3,85.44,31.6128,0.0,2014,8,False
US-2014-143581,2014-08-19,2014-08-23,BS-11365,1476,3,344.91,10.3473,0.0,2014,8,False
CA-2015-129217,2015-05-10,2015-05-10,DP-13390,1575,5,70.97,-191.619,0.8,2015,5,False
CA-2015-129217,2015-05-10,2015-05-10,DP-13390,361,2,36.784,3.6784,0.2,2015,5,False
CA-2016-133816,2016-05-10,2016-05-13,CS-12400,449,2,743.988,-123.998,0.4,2016,5,True
CA-2015-140221,2015-03-05,2015-03-09,MS-17365,1254,2,11.212,-16.818,0.8,2015,3,False
CA-2015-140221,2015-03-05,2015-03-09,MS-17365,591,2,4.712,-1.8848,0.6,2015,3,False
CA-2015-140221,2015-03-05,2015-03-09,MS-17365,171,5,180.98,-470.548,0.8,2015,3,False
CA-2015-140221,2015-03-05,2015-03-09,MS-17365,461,2,60.416,6.0416,0.2,2015,3,False
CA-2017-152310,2017-08-12,2017-08-19,DK-12895,803,1,299.99,89.997,0.0,2017,8,False
CA-2017-152310,2017-08-12,2017-08-19,DK-12895,1724,4,192.16,92.2368,0.0,2017,8,False
CA-2017-152310,2017-08-12,2017-08-19,DK-12895,777,8,242.624,27.2952,0.2,2017,8,False
CA-2017-152310,2017-08-12,2017-08-19,DK-12895,1260,3,46.74,11.685,0.0,2017,8,False
CA-2017-152310,2017-08-12,2017-08-19,DK-12895,1255,5,174.95,12.2465,0.0,2017,8,False
CA-2017-152310,2017-08-12,2017-08-19,DK-12895,257,6,100.704,37.764,0.2,2017,8,False
CA-2016-118101,2016-06-26,2016-06-26,SN-20560,1617,9,368.91,180.7659,0.0,2016,6,False
CA-2016-118101,2016-06-26,2016-06-26,SN-20560,925,1,8.02,3.7694,0.0,2016,6,False
CA-2016-118101,2016-06-26,2016-06-26,SN-20560,1368,4,171.04,44.4704,0.0,2016,6,False
CA-2016-100307,2016-12-15,2016-12-19,TC-21475,1747,3,19.44,9.3312,0.0,2016,12,False
CA-2015-138457,2015-09-13,2015-09-17,AM-10705,802,4,13.092,-10.0372,0.7,2015,9,False
CA-2014-131800,2014-12-30,2015-01-04,AJ-10960,948,3,122.94,30.735,0.0,2014,12,False
CA-2014-131800,2014-12-30,2015-01-04,AJ-10960,408,7,35.448,12.8499,0.2,2014,12,False
CA-2014-118304,2014-04-29,2014-05-04,KH-16360,1483,2,19.98,5.1948,0.0,2014,4,False
CA-2017-121790,2017-01-30,2017-02-06,LP-17095,286,1,69.375,-47.175,0.5,2017,1,False
CA-2017-121790,2017-01-30,2017-02-06,LP-17095,100,4,31.68,2.772,0.2,2017,1,False
CA-2017-121790,2017-01-30,2017-02-06,LP-17095,1392,4,2003.168,250.396,0.2,2017,1,True
CA-2017-121790,2017-01-30,2017-02-06,LP-17095,1319,2,9.344,3.1536,0.2,2017,1,False
CA-2016-169670,2016-12-25,2016-12-31,JE-15715,833,8,2563.056,313.2624,0.1,2016,12,True
CA-2016-139549,2016-10-20,2016-10-25,MY-18295,841,4,387.136,4.8392,0.2,2016,10,False
CA-2015-104059,2015-06-13,2015-06-15,FC-14245,1127,1,3.424,0.2996,0.2,2015,6,False
CA-2017-164112,2017-06-30,2017-07-04,ND-18460,535,7,1085.42,282.2092,0.0,2017,6,True
CA-2015-143882,2015-06-26,2015-06-30,DB-13360,1589,9,43.056,15.6078,0.2,2015,6,False
US-2016-139262,2016-02-21,2016-02-25,LC-16960,240,3,3.762,-2.7588,0.7,2016,2,False
US-2016-139262,2016-02-21,2016-02-25,LC-16960,233,2,34.86,-26.726,0.7,2016,2,False
US-2016-139262,2016-02-21,2016-02-25,LC-16960,1490,3,432.456,32.4342,0.2,2016,2,False
CA-2017-146192,2017-04-22,2017-04-26,BD-11725,1551,3,675.06,87.7578,0.0,2017,4,True
CA-2017-134810,2017-05-09,2017-05-10,MC-17605,1581,3,65.232,22.0158,0.2,2017,5,False
CA-2017-134810,2017-05-09,2017-05-10,MC-17605,799,3,207.0,25.875,0.2,2017,5,False
CA-2015-154284,2015-12-21,2015-12-26,SZ-20035,1502,2,600.53,137.264,0.3,2015,12,True
CA-2015-154284,2015-12-21,2015-12-26,SZ-20035,1413,2,59.904,14.2272,0.2,2015,12,False
CA-2015-154284,2015-12-21,2015-12-26,SZ-20035,599,8,637.44,135.456,0.2,2015,12,True
CA-2015-154284,2015-12-21,2015-12-26,SZ-20035,874,3,51.756,-33.6414,0.6,2015,12,False
CA-2014-156244,2014-08-12,2014-08-16,DH-13675,1826,6,31.104,10.8864,0.2,2014,8,False
CA-2014-156244,2014-08-12,2014-08-16,DH-13675,375,5,47.96,4.1965,0.2,2014,8,False
CA-2014-156244,2014-08-12,2014-08-16,DH-13675,1053,7,158.928,41.7186,0.2,2014,8,False
CA-2014-156244,2014-08-12,2014-08-16,DH-13675,79,6,211.248,15.8436,0.2,2014,8,False
CA-2014-156244,2014-08-12,2014-08-16,DH-13675,77,2,5.552,-1.041,0.2,2014,8,False
CA-2014-156244,2014-08-12,2014-08-16,DH-13675,211,1,2.952,0.9963,0.2,2014,8,False
CA-2015-106362,2015-12-11,2015-12-15,LC-16885,696,3,10.332,-7.5768,0.7,2015,12,False
US-2017-168802,2017-11-03,2017-11-07,JO-15145,329,4,18.368,5.9696,0.2,2017,11,False
US-2017-146906,2017-03-13,2017-03-17,MT-17815,1237,2,299.9,74.975,0.0,2017,3,False
CA-2016-166380,2016-05-30,2016-06-03,EB-13750,1340,9,26.55,12.744,0.0,2016,5,False
CA-2016-166380,2016-05-30,2016-06-03,EB-13750,1463,2,111.98,26.8752,0.0,2016,5,False
US-2015-158911,2015-07-05,2015-07-11,RS-19765,1486,2,4.928,0.7392,0.2,2015,7,False
US-2015-158911,2015-07-05,2015-07-11,RS-19765,217,3,11.784,4.2717,0.2,2015,7,False
US-2014-103338,2014-03-11,2014-03-15,RB-19435,541,3,7.98,2.0748,0.0,2014,3,False
CA-2015-109169,2015-04-20,2015-04-24,OT-18730,1583,2,180.96,81.432,0.0,2015,4,False
US-2017-167318,2017-07-26,2017-08-01,GZ-14545,1028,5,1649.95,659.98,0.0,2017,7,True
US-2017-167318,2017-07-26,2017-08-01,GZ-14545,736,3,362.352,45.294,0.2,2017,7,False
US-2014-120313,2014-10-31,2014-11-02,NL-18310,1101,2,73.584,8.2782,0.2,2014,10,False
CA-2017-135419,2017-11-03,2017-11-09,BG-11740,1370,4,486.368,36.4776,0.2,2017,11,False
CA-2016-128671,2016-08-11,2016-08-16,MT-18070,1797,5,32.4,15.552,0.0,2016,8,False
CA-2016-128671,2016-08-11,2016-08-16,MT-18070,246,7,41.86,19.2556,0.0,2016,8,False
CA-2016-128671,2016-08-11,2016-08-16,MT-18070,1303,2,77.56,35.6776,0.0,2016,8,False
CA-2016-149335,2016-07-25,2016-07-25,BC-11125,1132,9,37.17,11.151,0.0,2016,7,False
CA-2014-168312,2014-03-01,2014-03-07,GW-14605,1338,3,137.352,8.5845,0.2,2014,3,False
CA-2014-168312,2014-03-01,2014-03-07,GW-14605,323,3,376.509,-43.0296,0.3,2014,3,False
US-2017-105935,2017-01-26,2017-01-31,BD-11500,160,4,62.72,24.4608,0.0,2017,1,False
US-2017-105935,2017-01-26,2017-01-31,BD-11500,1388,7,2939.93,764.3818,0.0,2017,1,True
CA-2014-161508,2014-07-12,2014-07-16,PV-18985,838,3,512.358,-14.6388,0.3,2014,7,True
CA-2014-161508,2014-07-12,2014-07-16,PV-18985,1510,2,3.488,0.5668,0.2,2014,7,False
CA-2014-161508,2014-07-12,2014-07-16,PV-18985,675,7,22.288,3.9004,0.2,2014,7,False
CA-2014-161508,2014-07-12,2014-07-16,PV-18985,1738,3,16.032,5.6112,0.2,2014,7,False
CA-2017-130904,2017-04-11,2017-04-16,HM-14980,1252,1,1.752,0.1533,0.2,2017,4,False
CA-2017-130904,2017-04-11,2017-04-16,HM-14980,1128,8,20.992,2.3616,0.2,2017,4,False
CA-2017-133620,2017-11-13,2017-11-18,EM-14065,1262,1,11.21,3.363,0.0,2017,11,False
CA-2015-142937,2015-12-05,2015-12-06,SF-20065,358,2,45.04,4.504,0.2,2015,12,False
US-2016-149790,2016-09-26,2016-10-01,SC-20380,903,2,15.624,-24.9984,0.8,2016,9,False
CA-2016-130778,2016-11-19,2016-11-25,ND-18370,525,2,8.74,2.2724,0.0,2016,11,False
CA-2016-130778,2016-11-19,2016-11-25,ND-18370,1331,5,44.75,20.585,0.0,2016,11,False
CA-2017-144456,2017-09-08,2017-09-09,FC-14245,508,5,61.68,5.397,0.2,2017,9,False
CA-2017-144456,2017-09-08,2017-09-09,FC-14245,1397,3,158.376,13.8579,0.2,2017,9,False
CA-2017-103478,2017-07-21,2017-07-24,KL-16555,262,4,2.864,-4.5824,0.8,2017,7,False
CA-2017-103478,2017-07-21,2017-07-24,KL-16555,421,7,94.192,-164.836,0.8,2017,7,False
CA-2017-118577,2017-10-06,2017-10-11,XP-21865,1668,3,143.7,68.976,0.0,2017,10,False
CA-2017-118577,2017-10-06,2017-10-11,XP-21865,1813,1,6.48,3.1104,0.0,2017,10,False
CA-2017-113572,2017-11-07,2017-11-11,FP-14320,1058,4,7.88,2.5216,0.0,2017,11,False
CA-2016-153269,2016-03-09,2016-03-12,PS-18760,1262,1,11.21,3.363,0.0,2016,3,False
CA-2016-153269,2016-03-09,2016-03-12,PS-18760,1450,5,354.9,88.725,0.0,2016,3,False
CA-2016-153269,2016-03-09,2016-03-12,PS-18760,1716,3,17.94,8.7906,0.0,2016,3,False
CA-2016-153269,2016-03-09,2016-03-12,PS-18760,678,4,51.8,23.31,0.0,2016,3,False
CA-2017-161655,2017-05-13,2017-05-18,CW-11905,713,9,299.52,149.76,0.0,2017,5,False
CA-2016-101469,2016-07-02,2016-07-08,KH-16360,253,2,7.7,3.157,0.0,2016,7,False
CA-2014-153087,2014-12-27,2015-01-03,TC-20980,1774,4,23.92,11.7208,0.0,2014,12,False
CA-2014-153087,2014-12-27,2015-01-03,TC-20980,599,5,498.0,184.26,0.0,2014,12,False
CA-2017-135076,2017-04-13,2017-04-17,YS-21880,772,6,436.704,-38.2116,0.2,2017,4,False
CA-2014-161634,2014-11-14,2014-11-20,CC-12220,1705,5,32.4,15.552,0.0,2014,11,False
CA-2017-141481,2017-06-11,2017-06-14,ZD-21925,946,3,61.44,16.5888,0.0,2017,6,False
CA-2016-132549,2016-11-25,2016-11-30,JK-15370,1505,7,73.36,19.8072,0.0,2016,11,False
US-2014-155544,2014-03-21,2014-03-25,GM-14440,214,5,59.2,22.2,0.2,2014,3,False
US-2014-155544,2014-03-21,2014-03-25,GM-14440,493,3,32.952,6.5904,0.2,2014,3,False
US-2014-155544,2014-03-21,2014-03-25,GM-14440,755,3,218.376,-10.9188,0.2,2014,3,False
US-2015-115238,2015-04-30,2015-05-04,JW-15220,548,5,31.4,13.188,0.0,2015,4,False
US-2015-115238,2015-04-30,2015-05-04,JW-15220,490,1,9.48,3.792,0.0,2015,4,False
US-2015-115238,2015-04-30,2015-05-04,JW-15220,1845,10,209.5,58.66,0.0,2015,4,False
US-2015-115238,2015-04-30,2015-05-04,JW-15220,578,5,24.3,10.449,0.0,2015,4,False
US-2015-115238,2015-04-30,2015-05-04,JW-15220,1613,1,6.48,3.1104,0.0,2015,4,False
CA-2017-132199,2017-05-03,2017-05-08,BO-11350,415,2,32.448,7.3008,0.2,2017,5,False
CA-2017-132199,2017-05-03,2017-05-08,BO-11350,1639,4,26.388,-17.592,0.7,2017,5,False
CA-2017-132199,2017-05-03,2017-05-08,BO-11350,317,5,373.47,-112.041,0.4,2017,5,False
CA-2017-132199,2017-05-03,2017-05-08,BO-11350,1630,5,64.2,-44.94,0.7,2017,5,False
CA-2017-132199,2017-05-03,2017-05-08,BO-11350,121,2,8.0,2.8,0.2,2017,5,False
CA-2016-163174,2016-08-26,2016-08-30,XP-21865,514,3,186.54,41.0388,0.0,2016,8,False
CA-2014-110555,2014-04-11,2014-04-18,MM-18055,588,7,87.08,24.3824,0.0,2014,4,False
CA-2014-110555,2014-04-11,2014-04-18,MM-18055,45,2,105.584,9.2386,0.2,2014,4,False
CA-2014-110555,2014-04-11,2014-04-18,MM-18055,1077,6,217.44,91.3248,0.0,2014,4,False
CA-2017-147207,2017-01-02,2017-01-04,TS-21655,1125,2,31.744,3.968,0.2,2017,1,False
CA-2017-147207,2017-01-02,2017-01-04,TS-21655,865,2,5.432,-13.58,0.8,2017,1,False
CA-2017-147207,2017-01-02,2017-01-04,TS-21655,320,5,913.43,-169.637,0.3,2017,1,True
CA-2017-147207,2017-01-02,2017-01-04,TS-21655,535,3,372.144,27.9108,0.2,2017,1,False
CA-2017-137631,2017-04-28,2017-05-02,JL-15235,1394,2,751.984,84.5982,0.2,2017,4,True
CA-2017-157273,2017-01-30,2017-02-02,SZ-20035,1092,4,604.768,60.4768,0.2,2017,1,True
CA-2014-109918,2014-09-07,2014-09-12,LR-17035,86,4,27.36,7.3872,0.0,2014,9,False
CA-2014-109918,2014-09-07,2014-09-12,LR-17035,1081,2,20.56,9.6632,0.0,2014,9,False
CA-2014-109918,2014-09-07,2014-09-12,LR-17035,257,5,83.92,31.47,0.2,2014,9,False
CA-2016-118745,2016-06-11,2016-06-16,SV-20365,368,3,902.712,33.8517,0.2,2016,6,True
CA-2016-163972,2016-10-17,2016-10-21,MG-17890,1385,2,120.666,21.294,0.15,2016,10,False
CA-2014-165393,2014-12-27,2014-12-30,NC-18415,711,1,4.984,-8.4728,0.8,2014,12,False
CA-2016-113726,2016-11-24,2016-12-01,SC-20680,884,3,82.26,33.7266,0.0,2016,11,False
CA-2016-152940,2016-11-10,2016-11-13,RO-19780,69,1,29.74,4.461,0.0,2016,11,False
CA-2015-158701,2015-01-05,2015-01-10,JL-15175,52,6,87.36,23.5872,0.0,2015,1,False
CA-2015-158701,2015-01-05,2015-01-10,JL-15175,638,6,56.16,17.55,0.2,2015,1,False
CA-2017-156272,2017-03-21,2017-03-27,PW-19030,34,1,64.384,8.048,0.2,2017,3,False
CA-2015-162964,2015-11-12,2015-11-18,MF-18250,416,1,64.784,-14.5764,0.2,2015,11,False
CA-2015-162964,2015-11-12,2015-11-18,MF-18250,1746,3,15.552,5.6376,0.2,2015,11,False
CA-2015-162964,2015-11-12,2015-11-18,MF-18250,345,7,223.888,69.965,0.2,2015,11,False
CA-2014-103527,2014-09-09,2014-09-14,CC-12220,144,3,10.896,3.405,0.2,2014,9,False
CA-2016-134544,2016-03-17,2016-03-19,AC-10660,1843,2,84.784,-20.1362,0.2,2016,3,False
CA-2016-163048,2016-02-08,2016-02-15,MH-17440,799,4,241.5,0.0,0.3,2016,2,False
CA-2016-145135,2016-11-26,2016-11-28,CD-12790,1085,3,59.97,14.9925,0.0,2016,11,False
CA-2016-145135,2016-11-26,2016-11-28,CD-12790,1748,2,13.36,6.4128,0.0,2016,11,False
CA-2017-137582,2017-09-04,2017-09-08,CV-12805,1308,3,11.808,4.1328,0.2,2017,9,False
CA-2015-149601,2015-05-28,2015-06-03,TB-21625,71,1,16.24,2.436,0.0,2015,5,False
CA-2015-149601,2015-05-28,2015-06-03,TB-21625,1261,5,77.55,21.714,0.0,2015,5,False
CA-2014-139423,2014-11-01,2014-11-05,DG-13300,662,2,76.12,22.0748,0.0,2014,11,False
CA-2016-102596,2016-12-27,2016-12-30,RD-19810,1197,6,17.184,6.2292,0.2,2016,12,False
CA-2017-153227,2017-12-04,2017-12-06,CS-12250,108,2,11.76,5.7624,0.0,2017,12,False
CA-2017-110625,2017-12-23,2017-12-30,JB-16045,493,2,27.46,9.8856,0.0,2017,12,False
CA-2016-142594,2016-12-01,2016-12-06,EJ-14155,939,3,137.94,35.8644,0.0,2016,12,False
CA-2016-142594,2016-12-01,2016-12-06,EJ-14155,620,5,111.15,48.906,0.0,2016,12,False
CA-2016-142594,2016-12-01,2016-12-06,EJ-14155,859,3,901.95,297.6435,0.0,2016,12,True
CA-2016-142594,2016-12-01,2016-12-06,EJ-14155,428,3,366.009,-47.0583,0.3,2016,12,False
CA-2014-152254,2014-06-30,2014-06-30,BD-11620,1698,7,310.688,108.7408,0.2,2014,6,False
US-2014-120236,2014-09-03,2014-09-04,MR-17545,718,5,7.68,-11.52,0.8,2014,9,False
CA-2017-120061,2017-11-02,2017-11-07,SR-20425,1213,2,155.372,-35.5136,0.3,2017,11,False
CA-2015-133837,2015-04-13,2015-04-18,TH-21100,1109,1,10.744,0.8058,0.2,2015,4,False
CA-2015-110814,2015-12-05,2015-12-09,BD-11635,233,5,232.4,78.435,0.2,2015,12,False
CA-2015-110814,2015-12-05,2015-12-09,BD-11635,737,3,164.646,12.8058,0.1,2015,12,False
CA-2015-110814,2015-12-05,2015-12-09,BD-11635,1661,2,22.68,11.1132,0.0,2015,12,False
CA-2016-154067,2016-02-01,2016-02-07,SM-20950,1665,4,105.52,48.5392,0.0,2016,2,False
CA-2017-140480,2017-07-08,2017-07-12,HE-14800,18,4,83.92,5.8744,0.0,2017,7,False
CA-2017-140480,2017-07-08,2017-07-12,HE-14800,1053,5,141.9,58.179,0.0,2017,7,False
CA-2017-140480,2017-07-08,2017-07-12,HE-14800,1562,2,39.98,9.1954,0.0,2017,7,False
CA-2017-140480,2017-07-08,2017-07-12,HE-14800,1132,7,28.91,8.673,0.0,2017,7,False
CA-2017-140480,2017-07-08,2017-07-12,HE-14800,887,5,174.95,45.487,0.0,2017,7,False
CA-2015-134082,2015-12-11,2015-12-17,JK-15640,705,4,110.528,38.6848,0.2,2015,12,False
CA-2016-130820,2016-11-15,2016-11-15,ON-18715,854,4,630.024,-199.5076,0.4,2016,11,True
CA-2016-159765,2016-05-09,2016-05-12,TH-21100,28,7,27.86,9.1938,0.0,2016,5,False
CA-2017-132290,2017-03-10,2017-03-14,MD-17350,327,4,933.408,-173.3472,0.3,2017,3,True
CA-2016-147109,2016-12-17,2016-12-21,AH-10075,1810,10,51.84,18.144,0.2,2016,12,False
CA-2016-147109,2016-12-17,2016-12-21,AH-10075,1605,3,165.6,-6.21,0.2,2016,12,False
CA-2017-107265,2017-04-06,2017-04-12,ML-17755,537,3,106.32,49.9704,0.0,2017,4,False
CA-2017-118199,2017-05-09,2017-05-11,LB-16795,719,5,147.92,46.225,0.2,2017,5,False
CA-2017-118199,2017-05-09,2017-05-11,LB-16795,824,3,104.28,26.07,0.0,2017,5,False
CA-2017-118199,2017-05-09,2017-05-11,LB-16795,1349,1,286.85,63.107,0.0,2017,5,False
CA-2017-118199,2017-05-09,2017-05-11,LB-16795,1355,4,66.96,2.6784,0.0,2017,5,False
CA-2017-118199,2017-05-09,2017-05-11,LB-16795,1327,2,199.98,87.9912,0.0,2017,5,False
CA-2017-150091,2017-10-12,2017-10-16,NP-18670,915,3,45.0,4.95,0.0,2017,10,False
CA-2017-150091,2017-10-12,2017-10-16,NP-18670,1197,5,17.9,8.771,0.0,2017,10,False
CA-2017-150091,2017-10-12,2017-10-16,NP-18670,491,2,40.48,17.4064,0.0,2017,10,False
CA-2017-150091,2017-10-12,2017-10-16,NP-18670,734,5,2154.9,129.294,0.0,2017,10,True
CA-2016-137652,2016-08-28,2016-08-30,EB-13750,718,8,18.432,-12.288,0.7,2016,8,False
CA-2015-128356,2015-10-02,2015-10-07,RP-19390,86,2,10.944,0.9576,0.2,2015,10,False
CA-2017-167017,2017-11-23,2017-11-25,DC-12850,1496,2,4.36,0.1744,0.0,2017,11,False
US-2017-132220,2017-11-12,2017-11-16,DJ-13510,1403,6,62.352,-10.9116,0.2,2017,11,False
CA-2016-118129,2016-12-19,2016-12-21,CL-12565,544,5,303.92,-30.392,0.2,2016,12,False
US-2014-113124,2014-03-30,2014-04-05,NC-18340,1475,2,129.3,6.465,0.0,2014,3,False
CA-2017-155621,2017-11-08,2017-11-13,KN-16450,884,10,274.2,112.422,0.0,2017,11,False
US-2014-127635,2014-09-14,2014-09-18,SC-20260,1346,4,6.048,-1.3608,0.2,2014,9,False
US-2014-127635,2014-09-14,2014-09-18,SC-20260,1685,2,6.848,2.14,0.2,2014,9,False
US-2014-127635,2014-09-14,2014-09-18,SC-20260,1488,5,9.96,-6.723,0.6,2014,9,False
US-2014-127635,2014-09-14,2014-09-18,SC-20260,1573,2,8.552,-13.6832,0.8,2014,9,False
CA-2015-151470,2015-09-20,2015-09-26,AM-10705,1635,11,45.584,16.5242,0.2,2015,9,False
CA-2015-112823,2015-12-10,2015-12-16,RA-19945,1055,2,25.488,4.4604,0.2,2015,12,False
CA-2014-108861,2014-05-28,2014-06-01,MM-17260,781,4,136.96,51.36,0.2,2014,5,False
CA-2017-114370,2017-03-14,2017-03-17,BN-11470,1432,2,49.616,4.9616,0.2,2017,3,False
CA-2016-158302,2016-12-08,2016-12-12,JB-16045,142,3,10.584,3.4398,0.2,2016,12,False
CA-2017-145779,2017-05-06,2017-05-10,DB-13615,1665,4,84.416,27.4352,0.2,2017,5,False
US-2016-155173,2016-03-06,2016-03-10,JB-16045,1645,2,431.94,-71.99,0.4,2016,3,False
US-2016-155173,2016-03-06,2016-03-10,JB-16045,268,1,2.043,-1.4982,0.7,2016,3,False
US-2016-155173,2016-03-06,2016-03-10,JB-16045,777,3,68.238,-12.5103,0.4,2016,3,False
CA-2017-125451,2017-10-23,2017-10-24,AH-10075,942,4,240.744,-13.7568,0.3,2017,10,False
CA-2017-125451,2017-10-23,2017-10-24,AH-10075,551,4,35.0,14.7,0.0,2017,10,False
CA-2017-125451,2017-10-23,2017-10-24,AH-10075,510,2,210.68,50.5632,0.0,2017,10,False
CA-2017-125451,2017-10-23,2017-10-24,AH-10075,1200,3,637.896,-127.5792,0.3,2017,10,True
CA-2017-125451,2017-10-23,2017-10-24,AH-10075,1647,8,43.44,21.2856,0.0,2017,10,False
CA-2017-125451,2017-10-23,2017-10-24,AH-10075,867,1,2.22,0.666,0.0,2017,10,False
CA-2014-131387,2014-04-28,2014-04-30,AI-10855,1388,5,1679.96,125.997,0.2,2014,4,True
CA-2016-125087,2016-04-18,2016-04-23,TH-21115,754,4,344.372,-93.4724,0.3,2016,4,False
CA-2016-125087,2016-04-18,2016-04-23,TH-21115,1548,3,1554.936,77.7468,0.2,2016,4,True
CA-2016-125087,2016-04-18,2016-04-23,TH-21115,883,5,127.88,-67.137,0.6,2016,4,False
CA-2016-154081,2016-05-22,2016-05-29,JE-15610,1167,2,222.384,22.2384,0.2,2016,5,False
US-2017-118556,2017-05-28,2017-06-02,TH-21235,768,3,106.869,-29.0073,0.3,2017,5,False
US-2017-118556,2017-05-28,2017-06-02,TH-21235,1511,3,3.564,-6.237,0.8,2017,5,False
CA-2014-126200,2014-08-25,2014-08-29,JE-15715,1630,3,25.68,-39.804,0.8,2014,8,False
CA-2014-126200,2014-08-25,2014-08-29,JE-15715,1485,3,12.384,-19.8144,0.8,2014,8,False
CA-2014-146500,2014-08-30,2014-09-04,AT-10735,1640,5,25.3,11.891,0.0,2014,8,False
CA-2014-146500,2014-08-30,2014-09-04,AT-10735,635,3,95.94,9.594,0.0,2014,8,False
CA-2015-169537,2015-09-03,2015-09-07,JH-15820,1454,2,7.5,3.6,0.0,2015,9,False
CA-2014-100881,2014-03-28,2014-04-01,DR-12940,46,3,302.376,22.6782,0.2,2014,3,False
CA-2015-144043,2015-05-10,2015-05-15,AB-10165,313,4,46.688,-2.918,0.2,2015,5,False
CA-2015-116512,2015-04-09,2015-04-14,MC-18100,1256,3,17.94,3.0498,0.0,2015,4,False
CA-2015-101000,2015-04-09,2015-04-14,IG-15085,860,3,370.14,144.3546,0.0,2015,4,False
CA-2016-168557,2016-09-19,2016-09-23,FH-14275,247,2,8.928,3.1248,0.2,2016,9,False
US-2016-164196,2016-11-11,2016-11-17,AS-10285,285,6,2678.94,241.1046,0.0,2016,11,True
US-2017-132031,2017-04-23,2017-04-27,PN-18775,1183,4,387.136,-14.5176,0.2,2017,4,False
US-2017-132031,2017-04-23,2017-04-27,PN-18775,1053,2,45.408,11.9196,0.2,2017,4,False
US-2017-132031,2017-04-23,2017-04-27,PN-18775,1539,3,77.952,-11.6928,0.2,2017,4,False
US-2017-132031,2017-04-23,2017-04-27,PN-18775,204,1,3.0,1.05,0.2,2017,4,False
CA-2015-169733,2015-10-22,2015-10-26,GM-14500,588,1,9.952,0.9952,0.2,2015,10,False
CA-2017-169404,2017-04-09,2017-04-14,NC-18625,1577,4,37.896,-29.0536,0.7,2017,4,False
CA-2017-169404,2017-04-09,2017-04-14,NC-18625,1676,2,65.584,23.7742,0.2,2017,4,False
CA-2017-134880,2017-10-27,2017-11-01,TW-21025,1664,1,44.784,16.2342,0.2,2017,10,False
CA-2015-145758,2015-10-30,2015-10-30,BF-11020,1501,4,1035.8,269.308,0.0,2015,10,True
CA-2017-158736,2017-12-18,2017-12-24,TT-21460,1143,2,5.76,1.6704,0.0,2017,12,False
US-2016-119270,2016-03-12,2016-03-16,SW-20245,794,2,19.98,8.991,0.0,2016,3,False
CA-2014-109890,2014-07-21,2014-07-27,PG-18820,782,2,35.98,10.0744,0.0,2014,7,False
CA-2016-138583,2016-05-24,2016-05-28,DP-13390,278,3,16.656,3.3312,0.2,2016,5,False
US-2017-118535,2017-02-11,2017-02-15,DJ-13510,179,2,20.7,9.936,0.0,2017,2,False
CA-2016-126284,2016-09-20,2016-09-24,EN-13780,697,5,83.7,41.013,0.0,2016,9,False
CA-2017-142391,2017-09-24,2017-09-24,PB-19150,11,10,199.8,71.928,0.0,2017,9,False
CA-2017-124716,2017-03-27,2017-03-31,BD-11560,1773,2,45.68,21.0128,0.0,2017,3,False
CA-2017-124716,2017-03-27,2017-03-31,BD-11560,1698,2,110.96,53.2608,0.0,2017,3,False
CA-2017-124716,2017-03-27,2017-03-31,BD-11560,1592,3,11.94,5.97,0.0,2017,3,False
CA-2016-158841,2016-02-02,2016-02-04,SE-20110,787,5,8749.95,2799.984,0.0,2016,2,True
CA-2016-158841,2016-02-02,2016-02-04,SE-20110,1309,8,36.4,18.2,0.0,2016,2,False
CA-2016-158841,2016-02-02,2016-02-04,SE-20110,103,7,18.69,7.1022,0.0,2016,2,False
CA-2017-106824,2017-07-07,2017-07-11,AT-10735,370,3,5.94,0.1188,0.0,2017,7,False
CA-2015-109190,2015-10-23,2015-10-28,CC-12685,1524,8,60.736,20.4984,0.2,2015,10,False
CA-2015-109190,2015-10-23,2015-10-28,CC-12685,399,3,479.976,161.9919,0.2,2015,10,False
CA-2015-109190,2015-10-23,2015-10-28,CC-12685,899,1,6.08,-10.336,0.8,2015,10,False
CA-2016-143154,2016-12-02,2016-12-08,AS-10225,1605,3,165.6,-6.21,0.2,2016,12,False
CA-2014-169061,2014-03-05,2014-03-08,AB-10150,1154,3,59.52,15.4752,0.0,2014,3,False
CA-2014-169061,2014-03-05,2014-03-08,AB-10150,1014,3,479.97,177.5889,0.0,2014,3,False
CA-2014-169061,2014-03-05,2014-03-08,AB-10150,89,2,18.62,5.3998,0.0,2014,3,False
CA-2014-169061,2014-03-05,2014-03-08,AB-10150,721,6,49.632,16.7508,0.2,2014,3,False
CA-2014-169061,2014-03-05,2014-03-08,AB-10150,1674,2,97.82,45.9754,0.0,2014,3,False
CA-2015-102316,2015-03-01,2015-03-03,DH-13075,1483,2,15.984,1.1988,0.2,2015,3,False
CA-2015-102316,2015-03-01,2015-03-03,DH-13075,747,3,184.752,-20.7846,0.2,2015,3,False
CA-2014-164903,2014-02-20,2014-02-24,SR-20740,1799,2,12.96,6.2208,0.0,2014,2,False
CA-2016-109400,2016-05-02,2016-05-06,NR-18550,1205,4,366.744,-110.0232,0.3,2016,5,False
CA-2016-130400,2016-03-08,2016-03-12,SJ-20125,1308,9,8.856,-14.1696,0.8,2016,3,False
CA-2016-130400,2016-03-08,2016-03-12,SJ-20125,1599,5,27.96,8.388,0.2,2016,3,False
CA-2016-130400,2016-03-08,2016-03-12,SJ-20125,1582,3,146.352,49.3938,0.2,2016,3,False
CA-2015-135853,2015-12-11,2015-12-14,CA-12775,1052,11,175.23,61.3305,0.0,2015,12,False
CA-2015-135853,2015-12-11,2015-12-14,CA-12775,342,1,125.99,31.4975,0.0,2015,12,False
CA-2015-135853,2015-12-11,2015-12-14,CA-12775,893,2,23.0,10.35,0.0,2015,12,False
CA-2016-103359,2016-12-22,2016-12-26,LC-16885,698,2,25.584,8.9544,0.2,2016,12,False
CA-2016-144645,2016-02-02,2016-02-08,NS-18640,515,2,73.784,-77.4732,0.6,2016,2,False
CA-2017-141614,2017-06-05,2017-06-09,NS-18640,1824,4,20.736,7.2576,0.2,2017,6,False
CA-2015-122168,2015-08-21,2015-08-26,HG-14965,1319,3,17.52,8.2344,0.0,2015,8,False
CA-2015-122168,2015-08-21,2015-08-26,HG-14965,1304,12,35.76,10.0128,0.0,2015,8,False
CA-2016-132899,2016-04-07,2016-04-11,SF-20200,1129,2,3.64,0.9828,0.0,2016,4,False
CA-2017-149720,2017-06-04,2017-06-07,EM-14065,1176,6,30.336,-17.4432,0.6,2017,6,False
CA-2017-118003,2017-12-04,2017-12-10,DO-13645,1559,1,12.99,1.5588,0.0,2017,12,False
CA-2017-118003,2017-12-04,2017-12-10,DO-13645,771,3,182.22,45.555,0.0,2017,12,False
CA-2017-118003,2017-12-04,2017-12-10,DO-13645,762,3,302.94,18.1764,0.0,2017,12,False
CA-2016-141887,2016-01-11,2016-01-15,MP-17470,1587,14,54.992,8.9362,0.2,2016,1,False
US-2016-160206,2016-04-01,2016-04-07,MY-18295,478,1,12.99,0.2598,0.0,2016,4,False
CA-2017-133074,2017-09-21,2017-09-25,DB-13615,109,7,55.86,27.93,0.0,2017,9,False
CA-2017-161172,2017-03-16,2017-03-16,SP-20920,1224,2,44.376,-7.396,0.4,2017,3,False
CA-2017-161172,2017-03-16,2017-03-16,SP-20920,1179,6,51.264,7.6896,0.2,2017,3,False
CA-2017-161172,2017-03-16,2017-03-16,SP-20920,235,3,5.193,-3.462,0.7,2017,3,False
CA-2017-161172,2017-03-16,2017-03-16,SP-20920,1005,2,159.984,43.9956,0.2,2017,3,False
CA-2017-161172,2017-03-16,2017-03-16,SP-20920,665,2,54.224,3.389,0.2,2017,3,False
CA-2017-137624,2017-11-10,2017-11-17,ME-17320,757,2,241.424,-36.2136,0.2,2017,11,False
CA-2016-156748,2016-11-30,2016-12-06,BS-11755,1325,4,33.36,16.68,0.0,2016,11,False
CA-2016-156748,2016-11-30,2016-12-06,BS-11755,105,2,13.76,6.3296,0.0,2016,11,False
CA-2016-156748,2016-11-30,2016-12-06,BS-11755,1437,7,496.86,24.843,0.0,2016,11,False
CA-2016-156748,2016-11-30,2016-12-06,BS-11755,814,3,389.97,35.0973,0.0,2016,11,False
CA-2015-169677,2015-01-13,2015-01-15,KS-16300,217,2,9.82,4.8118,0.0,2015,1,False
US-2014-163146,2014-05-16,2014-05-20,CC-12475,916,3,56.4,3.384,0.0,2014,5,False
CA-2015-157343,2015-06-07,2015-06-11,HD-14785,136,4,18.312,-12.208,0.7,2015,6,False
CA-2015-157343,2015-06-07,2015-06-11,HD-14785,1794,5,25.92,9.072,0.2,2015,6,False
CA-2015-157343,2015-06-07,2015-06-11,HD-14785,244,3,8.016,1.002,0.2,2015,6,False
CA-2017-147354,2017-03-09,2017-03-13,KB-16315,803,2,479.984,59.998,0.2,2017,3,False
CA-2017-147354,2017-03-09,2017-03-13,KB-16315,499,5,30.84,9.6375,0.2,2017,3,False
CA-2015-157287,2015-12-22,2015-12-23,HR-14830,1554,2,33.568,1.6784,0.2,2015,12,False
CA-2015-157287,2015-12-22,2015-12-23,HR-14830,799,7,422.625,0.0,0.3,2015,12,False
CA-2014-137575,2014-08-06,2014-08-11,TB-21625,1005,2,199.98,83.9916,0.0,2014,8,False
CA-2016-119074,2016-03-27,2016-03-31,DS-13180,491,1,20.24,8.7032,0.0,2016,3,False
CA-2016-119074,2016-03-27,2016-03-31,DS-13180,571,4,39.92,11.1776,0.0,2016,3,False
CA-2016-119074,2016-03-27,2016-03-31,DS-13180,61,2,32.54,15.9446,0.0,2016,3,False
CA-2015-149566,2015-12-05,2015-12-10,GB-14530,1073,3,39.0,17.55,0.0,2015,12,False
CA-2015-149566,2015-12-05,2015-12-10,GB-14530,195,4,12.6,6.048,0.0,2015,12,False
CA-2015-126186,2015-09-11,2015-09-12,GB-14530,509,4,24.64,4.004,0.2,2015,9,False
CA-2015-121132,2015-07-17,2015-07-24,VB-21745,185,3,6.264,2.0358,0.2,2015,7,False
CA-2015-121132,2015-07-17,2015-07-24,VB-21745,127,4,14.432,3.4276,0.2,2015,7,False
CA-2014-140473,2014-05-30,2014-06-03,MC-17425,371,3,719.976,134.9955,0.2,2014,5,True
US-2017-102904,2017-11-13,2017-11-20,CB-12025,153,8,239.92,23.992,0.0,2017,11,False
CA-2016-102092,2016-12-09,2016-12-11,PM-18940,907,7,1056.86,158.529,0.0,2016,12,True
CA-2015-117884,2015-03-22,2015-03-22,DC-13285,1004,7,447.944,89.5888,0.2,2015,3,False
CA-2015-117884,2015-03-22,2015-03-22,DC-13285,927,9,150.408,-33.8418,0.2,2015,3,False
CA-2016-132829,2016-12-23,2016-12-26,LA-16780,1657,3,453.576,39.6879,0.2,2016,12,False
CA-2016-132829,2016-12-23,2016-12-26,LA-16780,1258,9,45.36,14.742,0.2,2016,12,False
CA-2016-132829,2016-12-23,2016-12-26,LA-16780,437,3,287.88,35.985,0.2,2016,12,False
CA-2016-132829,2016-12-23,2016-12-26,LA-16780,438,3,131.88,14.8365,0.2,2016,12,False
CA-2016-132829,2016-12-23,2016-12-26,LA-16780,729,2,2.328,-0.7566,0.6,2016,12,False
CA-2016-123540,2016-04-02,2016-04-06,DJ-13420,751,5,1454.9,378.274,0.0,2016,4,True
US-2017-108315,2017-04-30,2017-05-04,MH-18115,68,3,4.842,-3.5508,0.7,2017,4,False
US-2017-108315,2017-04-30,2017-05-04,MH-18115,1535,6,220.704,-8.2764,0.2,2017,4,False
CA-2016-134110,2016-11-17,2016-11-18,BG-11035,154,3,67.176,6.7176,0.2,2016,11,False
CA-2016-134110,2016-11-17,2016-11-18,BG-11035,1527,4,15.232,5.5216,0.2,2016,11,False
US-2016-136581,2016-11-10,2016-11-12,SV-20365,1824,6,31.104,10.8864,0.2,2016,11,False
CA-2016-162390,2016-12-06,2016-12-12,DP-13105,894,7,968.744,314.8418,0.2,2016,12,True
CA-2016-162390,2016-12-06,2016-12-12,DP-13105,1573,13,222.352,77.8232,0.2,2016,12,False
CA-2016-162390,2016-12-06,2016-12-12,DP-13105,371,2,479.984,89.997,0.2,2016,12,False
CA-2016-162222,2016-04-03,2016-04-03,SR-20740,1751,3,10.272,3.21,0.2,2016,4,False
CA-2014-121629,2014-11-28,2014-12-02,BT-11680,1503,5,998.85,-199.77,0.4,2014,11,True
CA-2015-164623,2015-10-20,2015-10-22,MS-17770,537,2,24.56,11.5432,0.0,2015,10,False
CA-2014-159849,2014-09-19,2014-09-19,JK-15640,1346,3,5.67,0.1134,0.0,2014,9,False
CA-2017-101273,2017-08-27,2017-08-30,ST-20530,866,4,14.336,0.896,0.2,2017,8,False
CA-2017-106747,2017-07-03,2017-07-04,TS-21505,1035,1,102.3,26.598,0.0,2017,7,False
CA-2017-146164,2017-12-22,2017-12-26,CM-12190,1200,2,607.52,97.2032,0.0,2017,12,True
CA-2017-146164,2017-12-22,2017-12-26,CM-12190,1260,2,31.16,7.79,0.0,2017,12,False
CA-2016-111605,2016-12-27,2017-01-02,JW-15955,185,1,2.61,1.2006,0.0,2016,12,False
CA-2014-130673,2014-05-20,2014-05-22,MC-17590,467,3,10.332,-5.9409,0.6,2014,5,False
CA-2014-130673,2014-05-20,2014-05-22,MC-17590,1809,2,10.368,3.6288,0.2,2014,5,False
CA-2014-130673,2014-05-20,2014-05-22,MC-17590,1403,2,20.784,-3.6372,0.2,2014,5,False
CA-2014-130673,2014-05-20,2014-05-22,MC-17590,1355,5,66.96,-13.392,0.2,2014,5,False
CA-2014-104808,2014-02-04,2014-02-08,MH-17440,710,2,17.248,6.0368,0.2,2014,2,False
US-2017-132927,2017-12-09,2017-12-15,RD-19720,1622,7,11.088,-8.1312,0.7,2017,12,False
CA-2017-162015,2017-07-11,2017-07-18,KB-16240,1025,5,1287.45,244.6155,0.0,2017,7,True
CA-2017-162015,2017-07-11,2017-07-18,KB-16240,630,5,168.1,43.706,0.0,2017,7,False
CA-2015-138492,2015-05-15,2015-05-22,FC-14335,646,2,51.968,-10.3936,0.2,2015,5,False
CA-2017-145338,2017-01-29,2017-02-01,BD-11770,1304,2,4.768,0.4768,0.2,2017,1,False
CA-2017-126676,2017-09-29,2017-10-01,FH-14365,982,3,7.98,3.9102,0.0,2017,9,False
CA-2017-101700,2017-04-23,2017-04-26,SO-20335,1493,2,18.688,7.008,0.2,2017,4,False
CA-2017-101700,2017-04-23,2017-04-26,SO-20335,578,3,11.664,3.3534,0.2,2017,4,False
CA-2017-159667,2017-11-09,2017-11-13,PM-19135,1004,3,191.976,38.3952,0.2,2017,11,False
CA-2017-159667,2017-11-09,2017-11-13,PM-19135,1100,4,499.168,31.198,0.2,2017,11,True
CA-2014-111934,2014-05-05,2014-05-07,GD-14590,1511,2,11.88,5.346,0.0,2014,5,False
CA-2014-111934,2014-05-05,2014-05-07,GD-14590,537,1,35.44,16.6568,0.0,2014,5,False
US-2016-117387,2016-10-27,2016-10-31,PA-19060,257,4,67.136,25.176,0.2,2016,10,False
CA-2014-141110,2014-11-26,2014-12-01,LS-17200,1629,3,4.32,1.512,0.2,2014,11,False
CA-2014-141110,2014-11-26,2014-12-01,LS-17200,1760,3,14.94,7.0218,0.0,2014,11,False
CA-2014-141110,2014-11-26,2014-12-01,LS-17200,644,2,40.54,11.3512,0.0,2014,11,False
CA-2014-141110,2014-11-26,2014-12-01,LS-17200,1481,1,7.312,2.5592,0.2,2014,11,False
US-2014-133949,2014-12-31,2014-12-31,JL-15175,1240,7,475.944,59.493,0.2,2014,12,False
US-2016-116365,2016-01-03,2016-01-08,CA-12310,916,2,30.08,-5.264,0.2,2016,1,False
US-2016-116365,2016-01-03,2016-01-08,CA-12310,1605,3,165.6,-6.21,0.2,2016,1,False
US-2016-116365,2016-01-03,2016-01-08,CA-12310,39,5,180.96,13.572,0.2,2016,1,False
CA-2017-162936,2017-08-18,2017-08-22,CM-12160,1597,2,23.18,7.6494,0.0,2017,8,False
CA-2014-151946,2014-06-04,2014-06-09,BT-11440,1441,2,56.96,21.0752,0.0,2014,6,False
CA-2014-151946,2014-06-04,2014-06-09,BT-11440,459,4,15.56,4.0456,0.0,2014,6,False
CA-2014-151946,2014-06-04,2014-06-09,BT-11440,1190,2,353.568,-44.196,0.2,2014,6,False
CA-2014-151946,2014-06-04,2014-06-09,BT-11440,676,2,13.96,6.7008,0.0,2014,6,False
CA-2017-123624,2017-11-13,2017-11-17,SE-20110,953,5,82.95,29.0325,0.0,2017,11,False
CA-2016-146437,2016-01-28,2016-02-01,HG-14965,1154,2,39.68,10.3168,0.0,2016,1,False
CA-2016-138233,2016-11-09,2016-11-14,PF-19165,1014,3,479.97,177.5889,0.0,2016,11,False
CA-2016-165918,2016-09-10,2016-09-14,BD-11770,194,2,7.38,3.4686,0.0,2016,9,False
CA-2016-165918,2016-09-10,2016-09-14,BD-11770,1511,3,14.256,4.455,0.2,2016,9,False
CA-2016-165918,2016-09-10,2016-09-14,BD-11770,1733,2,81.98,40.1702,0.0,2016,9,False
CA-2016-165918,2016-09-10,2016-09-14,BD-11770,931,3,39.624,13.8684,0.2,2016,9,False
CA-2017-117513,2017-03-03,2017-03-08,BT-11395,978,7,399.672,-14.9877,0.2,2017,3,False
CA-2017-132437,2017-09-08,2017-09-13,EM-14095,113,4,65.12,16.9312,0.0,2017,9,False
US-2017-119319,2017-11-06,2017-11-09,LC-17050,990,5,30.56,-19.864,0.6,2017,11,False
CA-2017-104318,2017-05-13,2017-05-18,FH-14275,637,2,20.768,2.3364,0.2,2017,5,False
US-2016-114230,2016-11-27,2016-12-01,CM-12235,588,4,39.808,3.9808,0.2,2016,11,False
CA-2015-136147,2015-11-13,2015-11-18,FM-14380,421,6,121.104,-100.92,0.7,2015,11,False
CA-2015-136147,2015-11-13,2015-11-18,FM-14380,1061,5,111.96,-1.3995,0.2,2015,11,False
CA-2015-156118,2015-12-08,2015-12-12,HG-14965,1473,3,15.696,5.1012,0.2,2015,12,False
CA-2015-164084,2015-09-07,2015-09-12,AG-10525,1094,3,70.26,18.9702,0.0,2015,9,False
CA-2015-164084,2015-09-07,2015-09-12,AG-10525,957,5,90.0,16.2,0.0,2015,9,False
CA-2015-164084,2015-09-07,2015-09-12,AG-10525,75,2,6.096,2.0574,0.2,2015,9,False
CA-2015-164084,2015-09-07,2015-09-12,AG-10525,367,2,481.176,-120.294,0.4,2015,9,False
CA-2015-164084,2015-09-07,2015-09-12,AG-10525,161,4,7.24,2.3892,0.0,2015,9,False
CA-2016-107783,2016-07-28,2016-07-29,OT-18730,1384,5,177.45,-78.078,0.5,2016,7,False
CA-2016-107783,2016-07-28,2016-07-29,OT-18730,688,6,1369.764,-913.176,0.7,2016,7,True
CA-2016-107783,2016-07-28,2016-07-29,OT-18730,868,3,9.48,0.711,0.2,2016,7,False
CA-2017-159793,2017-08-25,2017-08-29,SV-20365,386,2,130.98,-89.0664,0.5,2017,8,False
CA-2014-160094,2014-04-30,2014-05-02,JM-16195,887,5,174.95,45.487,0.0,2014,4,False
CA-2014-160094,2014-04-30,2014-05-02,JM-16195,543,5,826.0,214.76,0.0,2014,4,True
CA-2017-151281,2017-04-27,2017-05-02,HM-14980,1034,7,139.58,39.0824,0.0,2017,4,False
CA-2017-118346,2017-07-23,2017-07-24,PO-19180,1003,5,399.95,143.982,0.0,2017,7,False
CA-2014-129819,2014-12-13,2014-12-15,KC-16675,32,3,12.39,5.8233,0.0,2014,12,False
US-2017-148551,2017-01-12,2017-01-16,DB-13120,688,5,760.98,-1141.47,0.8,2017,1,True
CA-2017-147767,2017-12-02,2017-12-02,SV-20935,1602,6,67.86,-45.24,0.7,2017,12,False
CA-2015-108259,2015-11-08,2015-11-15,NS-18640,1194,11,31.504,11.814,0.2,2015,11,False
CA-2015-108259,2015-11-08,2015-11-15,NS-18640,1258,1,5.04,1.638,0.2,2015,11,False
CA-2015-108259,2015-11-08,2015-11-15,NS-18640,1283,7,39.879,-29.2446,0.7,2015,11,False
CA-2015-108259,2015-11-08,2015-11-15,NS-18640,591,1,4.712,1.4136,0.2,2015,11,False
CA-2016-113341,2016-11-25,2016-11-29,MH-17455,1226,3,194.352,19.4352,0.2,2016,11,False
US-2015-131842,2015-12-05,2015-12-08,RR-19525,764,2,97.424,10.9602,0.2,2015,12,False
CA-2016-164574,2016-07-29,2016-08-03,RH-19555,643,5,704.76,26.4285,0.2,2016,7,True
CA-2016-164574,2016-07-29,2016-08-03,RH-19555,1301,3,27.396,-20.0904,0.7,2016,7,False
CA-2014-142769,2014-09-13,2014-09-13,RP-19390,1199,5,5.7,2.679,0.0,2014,9,False
CA-2014-142769,2014-09-13,2014-09-13,RP-19390,391,3,14.19,5.5341,0.0,2014,9,False
CA-2014-142769,2014-09-13,2014-09-13,RP-19390,102,2,7.3,2.19,0.0,2014,9,False
CA-2014-142769,2014-09-13,2014-09-13,RP-19390,1018,2,199.98,75.9924,0.0,2014,9,False
CA-2014-142769,2014-09-13,2014-09-13,RP-19390,1077,4,144.96,60.8832,0.0,2014,9,False
CA-2014-142769,2014-09-13,2014-09-13,RP-19390,1607,2,118.0,20.06,0.0,2014,9,False
CA-2014-142769,2014-09-13,2014-09-13,RP-19390,1730,1,48.94,24.47,0.0,2014,9,False
CA-2014-142769,2014-09-13,2014-09-13,RP-19390,821,2,22.66,9.7438,0.0,2014,9,False
CA-2016-168361,2016-06-21,2016-06-25,KB-16600,240,1,0.836,-1.3376,0.8,2016,6,False
CA-2016-153185,2016-09-03,2016-09-08,MH-17620,1646,6,30.96,11.223,0.2,2016,9,False
CA-2017-124765,2017-11-25,2017-11-30,HZ-14950,1191,5,723.92,-81.441,0.2,2017,11,True
CA-2015-131856,2015-05-12,2015-05-17,JG-15160,494,4,21.968,-15.9268,0.6,2015,5,False
CA-2015-131856,2015-05-12,2015-05-17,JG-15160,524,6,619.152,69.6546,0.2,2015,5,True
CA-2015-131856,2015-05-12,2015-05-17,JG-15160,1753,7,127.904,41.5688,0.2,2015,5,False
CA-2017-126634,2017-03-30,2017-04-01,AB-10165,672,5,94.2,39.564,0.0,2017,3,False
CA-2016-118500,2016-11-17,2016-11-18,HJ-14875,100,5,49.5,13.365,0.0,2016,11,False
CA-2016-163951,2016-12-30,2017-01-02,CJ-11875,1115,5,16.52,1.652,0.2,2016,12,False
CA-2016-149916,2016-12-22,2016-12-24,ED-13885,1636,4,55.36,19.376,0.2,2016,12,False
CA-2016-149916,2016-12-22,2016-12-24,ED-13885,1563,1,11.56,3.757,0.2,2016,12,False
CA-2015-158918,2015-12-20,2015-12-25,AI-10855,537,4,17.12,7.704,0.0,2015,12,False
US-2014-159611,2014-12-27,2015-01-01,KB-16315,544,3,182.352,-18.2352,0.2,2014,12,False
US-2014-159611,2014-12-27,2015-01-01,KB-16315,1380,2,118.16,-25.109,0.2,2014,12,False
CA-2017-163265,2017-02-16,2017-02-21,JS-16030,1601,2,18.368,6.1992,0.2,2017,2,False
CA-2017-163265,2017-02-16,2017-02-21,JS-16030,743,3,600.558,-8.5794,0.3,2017,2,True
CA-2017-163265,2017-02-16,2017-02-21,JS-16030,1553,3,50.352,-8.1822,0.2,2017,2,False
CA-2017-163265,2017-02-16,2017-02-21,JS-16030,1118,6,28.032,3.504,0.2,2017,2,False
CA-2017-163265,2017-02-16,2017-02-21,JS-16030,618,1,7.692,-3.6537,0.6,2017,2,False
CA-2017-141705,2017-10-24,2017-10-26,PO-18850,827,5,517.405,-81.3065,0.3,2017,10,True
CA-2016-112739,2016-09-02,2016-09-07,RD-19810,67,8,8.608,-13.3424,0.8,2016,9,False
CA-2016-112739,2016-09-02,2016-09-07,RD-19810,1024,5,159.56,33.9065,0.2,2016,9,False
CA-2016-143805,2016-12-01,2016-12-03,JD-15895,859,7,2104.55,694.5015,0.0,2016,12,True
CA-2016-143805,2016-12-01,2016-12-03,JD-15895,98,5,40.7,11.803,0.0,2016,12,False
CA-2014-133634,2014-11-05,2014-11-10,SR-20740,1055,3,47.79,16.2486,0.0,2014,11,False
CA-2017-101665,2017-11-25,2017-12-01,TZ-21580,495,2,5.16,1.3416,0.0,2017,11,False
CA-2016-155446,2016-12-16,2016-12-23,TN-21040,920,7,21.21,4.4541,0.0,2016,12,False
CA-2017-137323,2017-11-14,2017-11-18,PW-19030,983,6,96.36,25.0536,0.0,2017,11,False
CA-2016-144015,2016-06-26,2016-06-26,AH-10075,1300,2,231.72,11.586,0.0,2016,6,False
CA-2016-144015,2016-06-26,2016-06-26,AH-10075,1194,5,17.9,8.95,0.0,2016,6,False
CA-2016-144015,2016-06-26,2016-06-26,AH-10075,143,2,12.48,5.616,0.0,2016,6,False
CA-2014-101427,2014-12-26,2014-12-30,AY-10555,589,3,8.016,1.1022,0.2,2014,12,False
CA-2016-136770,2016-08-14,2016-08-18,SP-20650,434,2,259.896,-56.3108,0.4,2016,8,False
CA-2016-136770,2016-08-14,2016-08-18,SP-20650,1279,2,247.188,-49.4376,0.4,2016,8,False
CA-2016-136770,2016-08-14,2016-08-18,SP-20650,1002,5,279.96,48.993,0.2,2016,8,False
CA-2016-118311,2016-10-24,2016-10-28,ED-13885,1107,5,450.0,162.0,0.0,2016,10,False
US-2014-112795,2014-08-23,2014-08-28,CR-12625,1785,3,19.44,9.5256,0.0,2014,8,False
CA-2017-127096,2017-09-15,2017-09-17,CS-12400,368,1,300.904,11.2839,0.2,2017,9,False
CA-2017-119284,2017-06-15,2017-06-20,TS-21205,792,3,239.976,26.9973,0.2,2017,6,False
CA-2017-119284,2017-06-15,2017-06-20,TS-21205,1497,4,31.168,9.3504,0.2,2017,6,False
CA-2017-119284,2017-06-15,2017-06-20,TS-21205,288,2,120.96,-28.224,0.4,2017,6,False
CA-2017-119284,2017-06-15,2017-06-20,TS-21205,1391,8,2239.936,223.9936,0.2,2017,6,True
CA-2017-119284,2017-06-15,2017-06-20,TS-21205,1494,8,76.608,6.7032,0.2,2017,6,False
CA-2017-119284,2017-06-15,2017-06-20,TS-21205,872,1,142.776,17.847,0.2,2017,6,False
CA-2017-119284,2017-06-15,2017-06-20,TS-21205,1744,5,91.36,29.692,0.2,2017,6,False
CA-2015-133494,2015-03-01,2015-03-05,RP-19390,867,2,3.552,0.444,0.2,2015,3,False
CA-2016-111318,2016-07-23,2016-07-26,IL-15100,782,8,115.136,11.5136,0.2,2016,7,False
US-2014-132745,2014-10-01,2014-10-05,NF-18475,1507,1,4.71,0.0,0.0,2014,10,False
CA-2014-146815,2014-09-08,2014-09-13,PP-18955,767,2,172.764,13.4372,0.1,2014,9,False
CA-2014-146815,2014-09-08,2014-09-13,PP-18955,1166,2,3.52,1.6896,0.0,2014,9,False
CA-2014-119144,2014-11-16,2014-11-18,JD-16150,1221,4,79.968,-17.9928,0.2,2014,11,False
CA-2014-119144,2014-11-16,2014-11-18,JD-16150,378,3,305.9745,25.1979,0.15,2014,11,False
CA-2014-119144,2014-11-16,2014-11-18,JD-16150,1476,3,344.91,10.3473,0.0,2014,11,False
CA-2014-105648,2014-03-03,2014-03-07,EJ-14155,320,3,626.352,-23.4882,0.2,2014,3,True
US-2015-145422,2015-12-03,2015-12-07,PW-19240,1428,3,359.499,-29.6058,0.15,2015,12,False
CA-2017-136623,2017-07-11,2017-07-16,TS-21430,314,6,71.952,5.3964,0.2,2017,7,False
CA-2017-136623,2017-07-11,2017-07-16,TS-21430,62,5,29.8,9.3125,0.2,2017,7,False
CA-2017-121678,2017-11-16,2017-11-20,BM-11650,1310,1,1.824,-1.3984,0.7,2017,11,False
CA-2016-120824,2016-06-12,2016-06-16,AW-10930,34,4,64.384,-160.96,0.8,2016,6,False
CA-2016-120824,2016-06-12,2016-06-16,AW-10930,506,2,6.984,-4.5396,0.6,2016,6,False
CA-2016-120824,2016-06-12,2016-06-16,AW-10930,1166,8,11.264,3.9424,0.2,2016,6,False
CA-2016-120824,2016-06-12,2016-06-16,AW-10930,1765,3,15.552,5.6376,0.2,2016,6,False
CA-2016-120824,2016-06-12,2016-06-16,AW-10930,748,2,379.372,-119.2312,0.3,2016,6,False
CA-2016-120824,2016-06-12,2016-06-16,AW-10930,1495,9,67.536,6.7536,0.2,2016,6,False
CA-2016-120824,2016-06-12,2016-06-16,AW-10930,73,2,1.524,-2.667,0.8,2016,6,False
US-2016-135209,2016-12-29,2016-12-31,MH-17290,1681,7,37.408,13.0928,0.2,2016,12,False
US-2016-135209,2016-12-29,2016-12-31,MH-17290,162,6,25.344,8.8704,0.2,2016,12,False
CA-2017-148145,2017-03-18,2017-03-23,SW-20275,518,4,46.2,21.252,0.0,2017,3,False
CA-2015-103870,2015-12-27,2015-12-31,SP-20860,1058,3,4.728,0.7092,0.2,2015,12,False
CA-2015-103870,2015-12-27,2015-12-31,SP-20860,622,3,53.352,16.0056,0.2,2015,12,False
CA-2015-103870,2015-12-27,2015-12-31,SP-20860,1184,2,131.104,8.194,0.2,2015,12,False
CA-2015-103870,2015-12-27,2015-12-31,SP-20860,1495,3,22.512,2.2512,0.2,2015,12,False
CA-2015-103870,2015-12-27,2015-12-31,SP-20860,1403,7,72.744,-12.7302,0.2,2015,12,False
CA-2015-111017,2015-07-31,2015-08-06,SC-20695,84,3,52.59,15.777,0.0,2015,7,False
CA-2017-116988,2017-06-27,2017-06-29,PW-19030,1789,3,19.44,9.3312,0.0,2017,6,False
CA-2017-116988,2017-06-27,2017-06-29,PW-19030,626,3,126.3,40.416,0.0,2017,6,False
CA-2017-116988,2017-06-27,2017-06-29,PW-19030,1025,5,1287.45,244.6155,0.0,2017,6,True
US-2014-169390,2014-02-07,2014-02-10,CS-12250,71,4,64.96,9.744,0.0,2014,2,False
CA-2016-168774,2016-09-04,2016-09-09,RP-19855,872,3,535.41,160.623,0.0,2016,9,True
CA-2017-161592,2017-04-06,2017-04-10,CS-12175,23,5,8.1,-5.94,0.7,2017,4,False
US-2017-131961,2017-12-08,2017-12-11,MJ-17740,276,4,13.248,3.6432,0.2,2017,12,False
US-2017-131961,2017-12-08,2017-12-11,MJ-17740,1844,2,83.988,-20.997,0.4,2017,12,False
CA-2016-102498,2016-07-24,2016-07-25,JG-15160,1232,5,73.2,21.228,0.0,2016,7,False
CA-2015-113222,2015-11-09,2015-11-09,AG-10765,262,3,10.74,5.1552,0.0,2015,11,False
US-2015-144771,2015-10-02,2015-10-04,CK-12205,31,1,11.032,3.0338,0.2,2015,10,False
US-2015-144771,2015-10-02,2015-10-04,CK-12205,1404,3,53.04,-4.641,0.2,2015,10,False
CA-2015-162376,2015-11-22,2015-11-25,HD-14785,1150,4,17.12,4.9648,0.0,2015,11,False
CA-2015-162376,2015-11-22,2015-11-25,HD-14785,1723,3,59.94,28.1718,0.0,2015,11,False
CA-2017-128076,2017-02-02,2017-02-07,BO-11350,555,2,210.58,12.6348,0.0,2017,2,False
CA-2017-128076,2017-02-02,2017-02-07,BO-11350,687,2,30.96,10.062,0.2,2017,2,False
CA-2017-128076,2017-02-02,2017-02-07,BO-11350,790,2,239.984,38.9974,0.2,2017,2,False
US-2015-163825,2015-06-16,2015-06-19,LC-16885,650,3,3050.376,1143.891,0.2,2015,6,True
US-2015-163825,2015-06-16,2015-06-19,LC-16885,1324,2,133.98,33.495,0.0,2015,6,False
CA-2016-105662,2016-05-05,2016-05-09,RB-19465,1457,4,93.248,31.4712,0.2,2016,5,False
CA-2016-105662,2016-05-05,2016-05-09,RB-19465,172,3,177.48,19.9665,0.2,2016,5,False
CA-2017-152198,2017-09-09,2017-09-10,JD-16015,211,6,17.712,5.9778,0.2,2017,9,False
CA-2017-152198,2017-09-09,2017-09-10,JD-16015,23,3,4.86,-3.564,0.7,2017,9,False
CA-2017-152198,2017-09-09,2017-09-10,JD-16015,58,2,6.258,-5.215,0.7,2017,9,False
CA-2016-114307,2016-07-22,2016-07-26,MF-17665,305,2,37.68,10.5504,0.0,2016,7,False
CA-2016-114307,2016-07-22,2016-07-26,MF-17665,1812,8,51.84,24.8832,0.0,2016,7,False
CA-2016-114307,2016-07-22,2016-07-26,MF-17665,590,3,27.42,9.3228,0.0,2016,7,False
CA-2016-114307,2016-07-22,2016-07-26,MF-17665,1629,3,5.4,2.592,0.0,2016,7,False
CA-2016-159891,2016-01-31,2016-02-06,BF-11170,650,1,1270.99,635.495,0.0,2016,1,True
CA-2016-159891,2016-01-31,2016-02-06,BF-11170,3,8,125.36,58.9192,0.0,2016,1,False
CA-2016-112578,2016-12-29,2017-01-02,FO-14305,1312,1,14.03,4.0687,0.0,2016,12,False
CA-2016-112578,2016-12-29,2017-01-02,FO-14305,671,2,27.96,7.2696,0.0,2016,12,False
CA-2015-107083,2015-11-21,2015-11-27,BB-11545,589,2,5.344,0.7348,0.2,2015,11,False
CA-2015-107083,2015-11-21,2015-11-27,BB-11545,1512,2,1.696,-2.544,0.8,2015,11,False
CA-2015-107083,2015-11-21,2015-11-27,BB-11545,948,3,24.588,-67.617,0.8,2015,11,False
CA-2015-107083,2015-11-21,2015-11-27,BB-11545,409,5,7.98,-13.167,0.8,2015,11,False
CA-2015-151722,2015-10-05,2015-10-09,IL-15100,1107,4,288.0,57.6,0.2,2015,10,False
CA-2016-151148,2016-09-12,2016-09-13,PO-19180,1032,3,146.952,9.1845,0.2,2016,9,False
CA-2016-151148,2016-09-12,2016-09-13,PO-19180,766,4,83.136,5.196,0.2,2016,9,False
CA-2017-115882,2017-09-14,2017-09-17,DB-13555,17,4,942.784,94.2784,0.2,2017,9,True
CA-2017-115882,2017-09-14,2017-09-17,DB-13555,1779,3,74.352,23.235,0.2,2017,9,False
CA-2015-132276,2015-02-23,2015-02-28,LC-16960,866,6,26.88,6.72,0.0,2015,2,False
CA-2015-132276,2015-02-23,2015-02-28,LC-16960,268,2,10.896,3.8136,0.2,2015,2,False
CA-2016-163636,2016-12-05,2016-12-09,MP-18175,1117,2,3.536,0.3094,0.2,2016,12,False
CA-2016-102813,2016-07-02,2016-07-03,EA-14035,736,5,528.43,0.0,0.3,2016,7,True
CA-2016-102813,2016-07-02,2016-07-03,EA-14035,1796,8,41.472,14.5152,0.2,2016,7,False
CA-2017-135377,2017-12-13,2017-12-18,BP-11095,378,3,287.976,7.1994,0.2,2017,12,False
CA-2015-165813,2015-03-20,2015-03-22,BM-11785,1292,3,29.304,2.5641,0.2,2015,3,False
CA-2015-133585,2015-03-01,2015-03-04,CM-12715,1230,2,55.328,6.2244,0.2,2015,3,False
CA-2015-133585,2015-03-01,2015-03-04,CM-12715,169,6,1227.9984,-36.1176,0.32,2015,3,True
CA-2016-116911,2016-09-15,2016-09-20,JD-16150,248,4,20.416,6.6352,0.2,2016,9,False
CA-2016-116911,2016-09-15,2016-09-20,JD-16150,368,3,1128.39,259.5297,0.0,2016,9,True
US-2017-129224,2017-03-17,2017-03-23,AS-10630,180,2,4.608,1.6704,0.2,2017,3,False
CA-2017-145765,2017-05-28,2017-06-02,CM-11815,1238,5,195.96,19.596,0.2,2017,5,False
CA-2017-145765,2017-05-28,2017-06-02,CM-11815,1828,3,15.552,5.4432,0.2,2017,5,False
CA-2017-145765,2017-05-28,2017-06-02,CM-11815,1021,4,271.968,54.3936,0.2,2017,5,False
CA-2017-126914,2017-06-15,2017-06-19,JE-15715,751,3,698.352,52.3764,0.2,2017,6,True
CA-2017-126914,2017-06-15,2017-06-19,JE-15715,1181,2,77.728,-3.8864,0.2,2017,6,False
CA-2015-169572,2015-09-06,2015-09-12,AG-10525,1451,9,46.62,21.4452,0.0,2015,9,False
CA-2017-162075,2017-03-18,2017-03-24,TT-21220,1314,7,537.544,47.0351,0.2,2017,3,True
CA-2014-162992,2014-12-19,2014-12-21,BP-11095,226,2,14.62,6.8714,0.0,2014,12,False
CA-2014-162992,2014-12-19,2014-12-21,BP-11095,127,5,22.55,8.7945,0.0,2014,12,False
CA-2014-162992,2014-12-19,2014-12-21,BP-11095,1620,5,583.8,72.975,0.2,2014,12,True
CA-2014-162992,2014-12-19,2014-12-21,BP-11095,446,4,211.168,15.8376,0.2,2014,12,False
CA-2016-106397,2016-07-07,2016-07-13,MJ-17740,1823,2,12.96,6.2208,0.0,2016,7,False
CA-2016-106397,2016-07-07,2016-07-13,MJ-17740,361,2,45.98,12.8744,0.0,2016,7,False
US-2016-150140,2016-04-06,2016-04-10,VM-21685,1169,5,1294.75,336.635,0.0,2016,4,True
CA-2014-116666,2014-05-08,2014-05-10,KT-16480,805,5,1799.97,239.996,0.4,2014,5,True
CA-2017-148992,2017-11-23,2017-11-27,CS-12250,1748,2,10.688,3.7408,0.2,2017,11,False
CA-2016-140935,2016-11-10,2016-11-12,AB-10015,1387,2,221.98,62.1544,0.0,2016,11,False
CA-2016-140935,2016-11-10,2016-11-12,AB-10015,1425,2,341.96,54.7136,0.0,2016,11,False
CA-2014-157644,2014-12-31,2015-01-01,AH-10030,1597,3,34.77,11.4741,0.0,2014,12,False
CA-2014-157644,2014-12-31,2015-01-01,AH-10030,219,3,18.9,8.694,0.0,2014,12,False
US-2017-100398,2017-08-19,2017-08-23,DO-13435,1630,3,102.72,37.236,0.2,2017,8,False
CA-2016-113082,2016-09-12,2016-09-16,MC-17590,482,2,40.48,14.5728,0.0,2016,9,False
US-2017-110646,2017-10-26,2017-10-31,JF-15190,719,3,33.282,-27.735,0.7,2017,10,False
US-2017-110646,2017-10-26,2017-10-31,JF-15190,1097,5,118.65,19.775,0.4,2017,10,False
US-2017-110646,2017-10-26,2017-10-31,JF-15190,227,5,14.76,4.9815,0.2,2017,10,False
CA-2017-120614,2017-05-30,2017-06-04,SM-20950,1341,4,37.52,18.0096,0.0,2017,5,False
US-2016-140172,2016-03-08,2016-03-13,SP-20650,857,3,207.144,48.3336,0.1,2016,3,False
US-2016-140172,2016-03-08,2016-03-13,SP-20650,1297,5,13.9,3.753,0.0,2016,3,False
CA-2015-127754,2015-07-26,2015-07-31,CK-12760,1203,3,266.352,13.3176,0.2,2015,7,False
CA-2015-144274,2015-11-23,2015-11-25,PW-19240,1168,2,307.98,89.3142,0.0,2015,11,False
CA-2015-144274,2015-11-23,2015-11-25,PW-19240,9,6,44.1,20.727,0.0,2015,11,False
CA-2015-144274,2015-11-23,2015-11-25,PW-19240,1408,4,13.12,5.6416,0.0,2015,11,False
CA-2015-144274,2015-11-23,2015-11-25,PW-19240,1493,2,16.56,7.7832,0.0,2015,11,False
CA-2015-144274,2015-11-23,2015-11-25,PW-19240,1823,6,38.88,18.6624,0.0,2015,11,False
CA-2015-142930,2015-11-28,2015-12-02,EB-14170,1729,4,335.52,117.432,0.2,2015,11,False
CA-2017-100622,2017-11-03,2017-11-07,DK-13090,397,2,959.984,311.9948,0.2,2017,11,True
CA-2017-100622,2017-11-03,2017-11-07,DK-13090,268,2,4.086,-2.9964,0.7,2017,11,False
CA-2017-100622,2017-11-03,2017-11-07,DK-13090,887,2,55.984,4.1988,0.2,2017,11,False
CA-2017-100622,2017-11-03,2017-11-07,DK-13090,1709,2,10.688,3.7408,0.2,2017,11,False
CA-2017-117156,2017-03-21,2017-03-23,TB-21055,455,3,8.856,2.8782,0.2,2017,3,False
CA-2015-115399,2015-12-19,2015-12-22,AG-10900,180,3,6.912,2.5056,0.2,2015,12,False
US-2014-157847,2014-04-02,2014-04-06,SC-20020,1681,5,26.72,9.352,0.2,2014,4,False
US-2014-157847,2014-04-02,2014-04-06,SC-20020,1735,7,33.488,10.465,0.2,2014,4,False
CA-2015-115168,2015-06-05,2015-06-09,BB-11545,1772,2,10.56,4.752,0.0,2015,6,False
CA-2014-109680,2014-10-06,2014-10-09,VP-21760,657,2,386.34,54.0876,0.0,2014,10,False
CA-2016-167983,2016-08-21,2016-08-24,RP-19270,240,10,33.44,11.704,0.2,2016,8,False
CA-2015-145324,2015-11-15,2015-11-19,DH-13675,11,2,39.96,14.3856,0.0,2015,11,False
CA-2015-153423,2015-06-22,2015-06-27,SW-20455,688,2,1217.568,456.588,0.2,2015,6,True
US-2017-132675,2017-09-24,2017-09-28,KF-16285,1542,1,15.51,3.8775,0.0,2017,9,False
US-2017-132675,2017-09-24,2017-09-28,KF-16285,1272,2,89.9,25.172,0.0,2017,9,False
US-2017-132675,2017-09-24,2017-09-28,KF-16285,287,4,14.28,3.7128,0.0,2017,9,False
US-2017-132675,2017-09-24,2017-09-28,KF-16285,275,3,12.72,4.9608,0.0,2017,9,False
US-2017-132675,2017-09-24,2017-09-28,KF-16285,1435,5,15.75,7.56,0.0,2017,9,False
CA-2014-153808,2014-04-06,2014-04-10,FH-14275,360,3,70.95,18.447,0.0,2014,4,False
CA-2014-153808,2014-04-06,2014-04-10,FH-14275,270,2,65.568,23.7684,0.2,2014,4,False
CA-2014-153808,2014-04-06,2014-04-10,FH-14275,1327,3,299.97,131.9868,0.0,2014,4,False
US-2016-112396,2016-02-09,2016-02-13,JR-16210,993,3,89.97,39.5868,0.0,2016,2,False
US-2016-112396,2016-02-09,2016-02-13,JR-16210,1052,2,31.86,11.151,0.0,2016,2,False
CA-2014-141173,2014-11-18,2014-11-20,JC-16105,641,5,67.15,16.7875,0.0,2014,11,False
CA-2017-156664,2017-12-18,2017-12-23,BP-11290,663,3,7.236,-6.03,0.7,2017,12,False
CA-2017-156664,2017-12-18,2017-12-23,BP-11290,908,3,4.824,1.7487,0.2,2017,12,False
CA-2017-156664,2017-12-18,2017-12-23,BP-11290,1833,5,91.36,29.692,0.2,2017,12,False
CA-2017-156664,2017-12-18,2017-12-23,BP-11290,945,2,130.112,13.0112,0.2,2017,12,False
CA-2015-140718,2015-07-02,2015-07-04,FA-14230,732,1,74.24,8.352,0.2,2015,7,False
CA-2015-140718,2015-07-02,2015-07-04,FA-14230,15,10,159.84,45.954,0.2,2015,7,False
CA-2015-140718,2015-07-02,2015-07-04,FA-14230,1642,2,2.892,-2.3136,0.7,2015,7,False
CA-2015-140718,2015-07-02,2015-07-04,FA-14230,1565,2,9.392,3.2872,0.2,2015,7,False
CA-2014-119977,2014-10-08,2014-10-13,DN-13690,1759,4,123.92,55.764,0.0,2014,10,False
US-2015-115343,2015-09-22,2015-09-25,FO-14305,91,5,55.6,6.255,0.2,2015,9,False
US-2015-115343,2015-09-22,2015-09-25,FO-14305,1025,3,617.976,-7.7247,0.2,2015,9,True
CA-2017-163671,2017-12-24,2017-12-30,DP-13105,690,3,21.312,7.992,0.2,2017,12,False
CA-2017-135909,2017-10-13,2017-10-20,JW-15220,1010,6,209.94,39.8886,0.0,2017,10,False
CA-2017-135909,2017-10-13,2017-10-20,JW-15220,151,2,31.984,-7.996,0.2,2017,10,False
CA-2017-135909,2017-10-13,2017-10-20,JW-15220,650,5,5083.96,1906.485,0.2,2017,10,True
US-2017-114356,2017-08-20,2017-08-26,TT-21460,1272,1,35.96,3.596,0.2,2017,8,False
CA-2015-125934,2015-09-11,2015-09-18,SN-20560,213,3,31.05,14.904,0.0,2015,9,False
CA-2015-125934,2015-09-11,2015-09-18,SN-20560,581,4,8.92,3.9248,0.0,2015,9,False
CA-2015-125934,2015-09-11,2015-09-18,SN-20560,898,4,209.6,96.416,0.0,2015,9,False
CA-2015-125934,2015-09-11,2015-09-18,SN-20560,631,4,111.04,29.9808,0.0,2015,9,False
CA-2015-125934,2015-09-11,2015-09-18,SN-20560,1803,6,38.88,18.6624,0.0,2015,9,False
CA-2015-158148,2015-12-20,2015-12-26,JM-15865,53,3,36.27,10.881,0.0,2015,12,False
CA-2014-120411,2014-09-20,2014-09-23,SB-20185,383,5,493.43,-70.49,0.3,2014,9,False
CA-2014-120411,2014-09-20,2014-09-23,SB-20185,1316,2,11.12,3.475,0.2,2014,9,False
CA-2016-158260,2016-11-04,2016-11-08,CC-12475,1214,2,686.4,77.22,0.2,2016,11,True
CA-2017-101805,2017-12-01,2017-12-06,SH-19975,901,5,15.92,5.373,0.2,2017,12,False
CA-2017-101805,2017-12-01,2017-12-06,SH-19975,591,12,70.68,31.0992,0.0,2017,12,False
CA-2017-101805,2017-12-01,2017-12-06,SH-19975,1558,4,541.24,5.4124,0.0,2017,12,True
US-2014-105137,2014-10-10,2014-10-10,RB-19435,811,2,101.994,-71.3958,0.7,2014,10,False
US-2014-105137,2014-10-10,2014-10-10,RB-19435,1301,2,18.264,-13.3936,0.7,2014,10,False
CA-2017-142489,2017-11-14,2017-11-16,TC-21295,1639,5,21.99,-32.985,0.8,2017,11,False
US-2016-141264,2016-08-13,2016-08-19,CT-11995,1300,2,185.376,-34.758,0.2,2016,8,False
US-2016-141264,2016-08-13,2016-08-19,CT-11995,17,1,58.924,-153.2024,0.8,2016,8,False
CA-2017-126928,2017-09-17,2017-09-23,GZ-14470,984,4,480.0,225.6,0.0,2017,9,False
CA-2017-126928,2017-09-17,2017-09-23,GZ-14470,1449,3,34.05,9.534,0.0,2017,9,False
US-2015-107944,2015-03-23,2015-03-25,AM-10360,1525,11,192.72,92.5056,0.0,2015,3,False
US-2015-107944,2015-03-23,2015-03-25,AM-10360,1003,3,239.97,86.3892,0.0,2015,3,False
CA-2016-135594,2016-06-30,2016-07-03,AH-10120,960,7,50.12,-0.6265,0.2,2016,6,False
US-2017-115252,2017-10-20,2017-10-25,MY-18295,1247,2,15.984,1.3986,0.2,2017,10,False
US-2017-115252,2017-10-20,2017-10-25,MY-18295,779,3,14.352,4.485,0.2,2017,10,False
CA-2014-107398,2014-08-25,2014-08-30,BS-11590,1627,4,6.528,-4.5696,0.7,2014,8,False
CA-2014-107398,2014-08-25,2014-08-30,BS-11590,924,3,2.862,-2.2896,0.7,2014,8,False
CA-2014-107398,2014-08-25,2014-08-30,BS-11590,413,8,20.856,-16.6848,0.7,2014,8,False
CA-2014-169642,2014-07-27,2014-07-30,BB-10990,1366,2,276.28,0.0,0.0,2014,7,False
CA-2017-103968,2017-12-01,2017-12-07,ML-17755,1532,9,629.64,107.0388,0.0,2017,12,True
CA-2016-147256,2016-10-17,2016-10-21,FC-14245,1243,3,449.97,220.4853,0.0,2016,10,False
CA-2016-147256,2016-10-17,2016-10-21,FC-14245,858,7,1927.59,751.7601,0.0,2016,10,True
CA-2016-162159,2016-09-16,2016-09-18,CR-12625,770,2,121.78,30.445,0.0,2016,9,False
CA-2015-111038,2015-12-01,2015-12-06,LC-16960,785,9,2676.672,267.6672,0.2,2015,12,True
CA-2014-124723,2014-08-05,2014-08-12,GZ-14470,1371,2,489.23,41.934,0.3,2014,8,False
CA-2016-167241,2016-08-15,2016-08-22,BD-11320,1037,3,312.03,43.6842,0.0,2016,8,False
CA-2016-167241,2016-08-15,2016-08-22,BD-11320,1256,3,17.94,3.0498,0.0,2016,8,False
CA-2016-167241,2016-08-15,2016-08-22,BD-11320,40,3,165.6,10.35,0.2,2016,8,False
CA-2016-167241,2016-08-15,2016-08-22,BD-11320,1341,4,37.52,18.0096,0.0,2016,8,False
CA-2015-163237,2015-08-07,2015-08-09,EM-14095,163,3,494.97,148.491,0.0,2015,8,False
CA-2015-163237,2015-08-07,2015-08-09,EM-14095,209,2,25.06,11.7782,0.0,2015,8,False
CA-2016-150483,2016-05-31,2016-06-04,BP-11290,624,3,32.064,-12.8256,0.6,2016,5,False
CA-2016-150483,2016-05-31,2016-06-04,BP-11290,1682,4,18.496,6.7048,0.2,2016,5,False
CA-2016-150483,2016-05-31,2016-06-04,BP-11290,755,3,191.079,-38.2158,0.3,2016,5,False
CA-2016-150483,2016-05-31,2016-06-04,BP-11290,1808,2,10.368,3.6288,0.2,2016,5,False
US-2016-126431,2016-07-01,2016-07-01,SU-20665,183,1,30.53,14.0438,0.0,2016,7,False
US-2016-126431,2016-07-01,2016-07-01,SU-20665,958,3,30.84,6.168,0.0,2016,7,False
US-2016-126431,2016-07-01,2016-07-01,SU-20665,1469,9,75.06,33.777,0.0,2016,7,False
CA-2016-139934,2016-12-18,2016-12-20,AY-10555,890,7,66.976,6.6976,0.2,2016,12,False
CA-2015-109603,2015-01-26,2015-02-01,EM-13825,1783,8,182.72,84.0512,0.0,2015,1,False
CA-2017-160661,2017-10-28,2017-11-01,SA-20830,229,3,21.93,10.3071,0.0,2017,10,False
CA-2017-102610,2017-11-04,2017-11-08,CA-12265,1009,3,95.976,15.5961,0.2,2017,11,False
CA-2017-102610,2017-11-04,2017-11-08,CA-12265,1847,9,143.928,-32.3838,0.2,2017,11,False
CA-2017-102610,2017-11-04,2017-11-08,CA-12265,1511,2,3.564,-2.97,0.7,2017,11,False
CA-2017-102610,2017-11-04,2017-11-08,CA-12265,188,2,4.928,1.7248,0.2,2017,11,False
US-2016-144057,2016-05-09,2016-05-13,CV-12805,872,6,856.656,107.082,0.2,2016,5,True
US-2016-144057,2016-05-09,2016-05-13,CV-12805,904,4,13.184,-20.4352,0.8,2016,5,False
US-2016-144057,2016-05-09,2016-05-13,CV-12805,613,4,48.784,-131.7168,0.8,2016,5,False
US-2016-144057,2016-05-09,2016-05-13,CV-12805,1696,2,76.64,26.824,0.2,2016,5,False
US-2016-144057,2016-05-09,2016-05-13,CV-12805,715,6,18.528,-27.792,0.8,2016,5,False
CA-2014-160276,2014-04-02,2014-04-08,AH-10690,1033,2,177.68,46.1968,0.0,2014,4,False
CA-2014-132983,2014-04-28,2014-05-03,DS-13180,1003,2,159.98,57.5928,0.0,2014,4,False
CA-2016-145709,2016-10-04,2016-10-08,AH-10690,1395,3,52.68,19.755,0.2,2016,10,False
CA-2016-145709,2016-10-04,2016-10-08,AH-10690,1039,3,11.568,2.6028,0.2,2016,10,False
CA-2017-133928,2017-06-11,2017-06-17,ZC-21910,73,4,4.572,-3.81,0.7,2017,6,False
CA-2016-168032,2016-01-30,2016-02-03,DF-13135,1163,4,1439.968,143.9968,0.2,2016,1,True
CA-2016-168032,2016-01-30,2016-02-03,DF-13135,236,3,1.728,-2.6784,0.8,2016,1,False
CA-2016-168032,2016-01-30,2016-02-03,DF-13135,369,3,626.1,-538.446,0.5,2016,1,True
CA-2015-143616,2015-09-27,2015-09-29,SS-20140,1142,5,99.2,25.792,0.0,2015,9,False
US-2015-168704,2015-04-13,2015-04-17,FP-14320,426,4,609.98,-113.282,0.3,2015,4,True
US-2015-168704,2015-04-13,2015-04-17,FP-14320,907,2,211.372,-45.294,0.3,2015,4,False
US-2015-168704,2015-04-13,2015-04-17,FP-14320,156,3,239.976,17.9982,0.2,2015,4,False
CA-2017-143252,2017-12-18,2017-12-24,HE-14800,1562,5,99.95,22.9885,0.0,2017,12,False
CA-2017-143252,2017-12-18,2017-12-24,HE-14800,1057,3,29.34,10.8558,0.0,2017,12,False
CA-2016-102134,2016-03-14,2016-03-19,SP-20545,1610,2,16.74,4.3524,0.0,2016,3,False
CA-2017-130036,2017-08-27,2017-08-27,BP-11185,1772,3,12.672,3.96,0.2,2017,8,False
CA-2017-130036,2017-08-27,2017-08-27,BP-11185,1016,14,1119.888,209.979,0.2,2017,8,True
CA-2015-134117,2015-12-17,2015-12-19,PG-18895,1406,5,204.85,53.261,0.0,2015,12,False
CA-2015-134117,2015-12-17,2015-12-19,PG-18895,1240,2,135.984,16.998,0.2,2015,12,False
CA-2015-134117,2015-12-17,2015-12-19,PG-18895,1408,5,16.4,7.052,0.0,2015,12,False
CA-2015-134117,2015-12-17,2015-12-19,PG-18895,233,2,92.96,31.374,0.2,2015,12,False
CA-2014-130918,2014-08-22,2014-08-24,JP-15520,97,3,7.632,-1.8126,0.2,2014,8,False
CA-2016-159023,2016-11-03,2016-11-05,NW-18400,266,7,4.158,-3.465,0.7,2016,11,False
CA-2016-159023,2016-11-03,2016-11-05,NW-18400,1215,3,179.991,-251.9874,0.7,2016,11,False
CA-2017-111717,2017-10-10,2017-10-16,SW-20245,837,3,239.358,-47.8716,0.3,2017,10,False
CA-2014-154592,2014-12-07,2014-12-08,EH-14005,780,3,164.88,80.7912,0.0,2014,12,False
CA-2014-128622,2014-11-15,2014-11-17,SC-20260,102,3,10.95,3.285,0.0,2014,11,False
CA-2017-148355,2017-12-24,2017-12-28,NC-18535,1810,3,19.44,9.3312,0.0,2017,12,False
CA-2017-148355,2017-12-24,2017-12-28,NC-18535,271,5,12.3,6.15,0.0,2017,12,False
CA-2014-132913,2014-12-24,2014-12-26,AS-10090,297,1,13.97,3.6322,0.0,2014,12,False
CA-2017-150910,2017-12-22,2017-12-28,JL-15130,322,6,934.956,-249.3216,0.4,2017,12,True
CA-2017-150910,2017-12-22,2017-12-28,JL-15130,995,2,46.864,7.6154,0.2,2017,12,False
CA-2017-150910,2017-12-22,2017-12-28,JL-15130,472,3,26.16,1.962,0.2,2017,12,False
CA-2017-150910,2017-12-22,2017-12-28,JL-15130,1132,7,23.128,2.891,0.2,2017,12,False
CA-2017-150910,2017-12-22,2017-12-28,JL-15130,820,5,59.24,16.291,0.2,2017,12,False
CA-2014-156790,2014-08-08,2014-08-10,VG-21790,1181,4,155.456,-7.7728,0.2,2014,8,False
CA-2014-126480,2014-09-20,2014-09-24,HG-14965,1685,2,8.56,3.852,0.0,2014,9,False
CA-2017-105620,2017-12-25,2017-12-28,JH-15430,551,3,21.0,5.775,0.2,2017,12,False
CA-2017-105620,2017-12-25,2017-12-28,JH-15430,984,2,120.0,-7.2,0.5,2017,12,False
CA-2017-150266,2017-11-25,2017-11-30,RO-19780,344,5,299.96,37.495,0.2,2017,11,False
CA-2017-150266,2017-11-25,2017-11-30,RO-19780,640,5,67.84,-179.776,0.8,2017,11,False
CA-2017-150266,2017-11-25,2017-11-30,RO-19780,838,5,853.93,-24.398,0.3,2017,11,True
CA-2017-150266,2017-11-25,2017-11-30,RO-19780,254,4,18.688,3.7376,0.2,2017,11,False
CA-2016-157280,2016-11-05,2016-11-07,LW-17125,25,2,273.96,71.2296,0.0,2016,11,False
CA-2016-157280,2016-11-05,2016-11-07,LW-17125,1087,3,89.97,18.8937,0.0,2016,11,False
CA-2016-157280,2016-11-05,2016-11-07,LW-17125,1537,5,756.8,75.68,0.0,2016,11,True
CA-2017-106691,2017-11-06,2017-11-12,CC-12370,1842,2,1.248,-1.9344,0.8,2017,11,False
CA-2016-134180,2016-11-03,2016-11-07,JP-16135,1107,1,72.0,14.4,0.2,2016,11,False
CA-2016-134180,2016-11-03,2016-11-07,JP-16135,326,7,470.155,-13.433,0.3,2016,11,False
CA-2014-166730,2014-12-30,2015-01-01,DD-13570,1552,1,39.128,-8.8038,0.2,2014,12,False
CA-2017-157469,2017-12-02,2017-12-07,ES-14080,1353,9,19.728,1.7262,0.2,2017,12,False
CA-2017-157469,2017-12-02,2017-12-07,ES-14080,41,2,151.188,-25.198,0.4,2017,12,False
CA-2017-122308,2017-03-24,2017-03-28,MV-17485,736,2,271.764,60.392,0.1,2017,3,False
US-2014-149034,2014-11-19,2014-11-21,RD-19900,997,1,47.496,-1.1874,0.2,2014,11,False
CA-2017-159226,2017-04-25,2017-04-27,RL-19615,390,7,344.981,28.4102,0.15,2017,4,False
CA-2017-156622,2017-11-23,2017-11-26,JP-15460,1816,7,36.288,12.7008,0.2,2017,11,False
CA-2017-156622,2017-11-23,2017-11-26,JP-15460,1730,2,78.304,29.364,0.2,2017,11,False
CA-2017-156622,2017-11-23,2017-11-26,JP-15460,977,1,127.785,-31.0335,0.3,2017,11,False
CA-2017-156622,2017-11-23,2017-11-26,JP-15460,136,2,6.104,-9.156,0.8,2017,11,False
CA-2014-119529,2014-11-03,2014-11-05,DM-13345,236,2,5.76,2.8224,0.0,2014,11,False
CA-2015-150413,2015-10-19,2015-10-24,CS-11860,264,1,1.72,-2.838,0.8,2015,10,False
CA-2014-108182,2014-02-06,2014-02-10,DL-13315,243,2,8.952,-14.7708,0.8,2014,2,False
CA-2016-110898,2016-03-06,2016-03-12,LC-16870,459,3,2.334,-6.3018,0.8,2016,3,False
CA-2016-110898,2016-03-06,2016-03-12,LC-16870,1250,4,1.728,-2.7648,0.8,2016,3,False
CA-2016-110898,2016-03-06,2016-03-12,LC-16870,558,5,159.04,-194.824,0.6,2016,3,False
CA-2016-110898,2016-03-06,2016-03-12,LC-16870,321,2,145.98,-99.2664,0.5,2016,3,False
CA-2015-123092,2015-12-03,2015-12-07,JG-15115,1443,3,77.952,12.6672,0.2,2015,12,False
CA-2015-123092,2015-12-03,2015-12-07,JG-15115,684,5,95.97,-73.577,0.7,2015,12,False
CA-2015-123092,2015-12-03,2015-12-07,JG-15115,1241,2,105.584,9.2386,0.2,2015,12,False
CA-2015-123092,2015-12-03,2015-12-07,JG-15115,1118,2,9.344,1.168,0.2,2015,12,False
US-2015-128587,2015-12-24,2015-12-30,HM-14860,585,2,9.68,3.7752,0.0,2015,12,False
US-2015-128587,2015-12-24,2015-12-30,HM-14860,400,7,4899.93,2302.9671,0.0,2015,12,True
US-2017-139577,2017-10-01,2017-10-06,TN-21040,1460,5,104.75,21.9975,0.0,2017,10,False
CA-2017-159100,2017-10-16,2017-10-21,VP-21760,1078,2,18.528,4.4004,0.2,2017,10,False
CA-2017-159100,2017-10-16,2017-10-21,VP-21760,285,7,1875.258,-968.8833,0.4,2017,10,True
CA-2014-109043,2014-08-15,2014-08-17,CS-12355,1744,5,91.36,29.692,0.2,2014,8,False
CA-2014-109043,2014-08-15,2014-08-17,CS-12355,662,5,152.24,17.127,0.2,2014,8,False
US-2017-116491,2017-11-11,2017-11-13,PG-18820,1222,2,35.184,12.3144,0.2,2017,11,False
CA-2017-122763,2017-03-20,2017-03-20,HG-14845,537,2,56.704,19.1376,0.2,2017,3,False
CA-2017-122763,2017-03-20,2017-03-20,HG-14845,1701,7,274.064,102.774,0.2,2017,3,False
CA-2017-137785,2017-05-13,2017-05-17,MH-18115,1208,5,458.43,-124.431,0.3,2017,5,False
CA-2014-133389,2014-06-22,2014-06-22,TB-21280,1481,3,8.226,-6.0324,0.7,2014,6,False
CA-2014-103807,2014-12-02,2014-12-09,EM-13825,963,1,5.95,0.833,0.0,2014,12,False
CA-2014-103807,2014-12-02,2014-12-09,EM-13825,1326,3,15.24,7.1628,0.0,2014,12,False
CA-2015-102855,2015-04-05,2015-04-06,JF-15415,1405,6,239.94,26.3934,0.0,2015,4,False
CA-2015-102855,2015-04-05,2015-04-06,JF-15415,532,8,23.84,6.4368,0.0,2015,4,False
CA-2017-107825,2017-11-18,2017-11-18,NB-18655,508,6,92.52,24.9804,0.0,2017,11,False
CA-2017-107825,2017-11-18,2017-11-18,NB-18655,461,1,37.76,10.5728,0.0,2017,11,False
CA-2017-107825,2017-11-18,2017-11-18,NB-18655,194,2,7.38,3.4686,0.0,2017,11,False
CA-2017-107825,2017-11-18,2017-11-18,NB-18655,729,2,5.82,2.7354,0.0,2017,11,False
CA-2017-106047,2017-07-12,2017-07-18,CS-11860,1650,1,3.816,1.1925,0.2,2017,7,False
CA-2017-127803,2017-05-19,2017-05-23,ND-18460,1631,4,26.16,12.8184,0.0,2017,5,False
CA-2015-137071,2015-12-20,2015-12-21,ED-13885,889,2,100.8,21.42,0.2,2015,12,False
CA-2016-121447,2016-02-21,2016-02-22,EA-14035,674,7,135.8,66.542,0.0,2016,2,False
CA-2017-143084,2017-03-18,2017-03-22,BP-11050,1297,5,13.9,3.753,0.0,2017,3,False
CA-2017-143084,2017-03-18,2017-03-22,BP-11050,1248,5,19.4,9.312,0.0,2017,3,False
CA-2016-131639,2016-12-17,2016-12-23,NS-18640,900,2,13.488,4.3836,0.2,2016,12,False
CA-2016-131639,2016-12-17,2016-12-23,NS-18640,692,1,11.416,3.8529,0.2,2016,12,False
CA-2016-161361,2016-03-26,2016-03-28,MV-17485,108,3,17.64,8.6436,0.0,2016,3,False
CA-2016-161361,2016-03-26,2016-03-28,MV-17485,1633,3,17.04,5.538,0.2,2016,3,False
CA-2014-100706,2014-12-16,2014-12-18,LE-16810,420,2,99.98,7.9984,0.0,2014,12,False
CA-2014-100706,2014-12-16,2014-12-18,LE-16810,1587,6,29.46,9.7218,0.0,2014,12,False
CA-2015-129525,2015-11-15,2015-11-20,VP-21760,1630,13,166.92,-116.844,0.7,2015,11,False
US-2016-141880,2016-08-22,2016-08-23,TC-21475,503,3,98.328,9.8328,0.2,2016,8,False
CA-2015-165799,2015-06-29,2015-07-02,SG-20470,1208,1,117.882,1.3098,0.1,2015,6,False
CA-2016-102127,2016-06-26,2016-07-02,VP-21760,137,3,20.97,9.0171,0.0,2016,6,False
CA-2016-102127,2016-06-26,2016-07-02,VP-21760,1255,4,139.96,9.7972,0.0,2016,6,False
CA-2016-102127,2016-06-26,2016-07-02,VP-21760,486,3,37.74,12.8316,0.0,2016,6,False
US-2016-152415,2016-09-17,2016-09-22,PO-18865,393,3,14.82,6.2244,0.0,2016,9,False
US-2016-152415,2016-09-17,2016-09-22,PO-18865,882,3,191.82,61.3824,0.0,2016,9,False
CA-2014-138198,2014-07-18,2014-07-23,JL-15130,413,2,13.904,4.5188,0.2,2014,7,False
CA-2017-128041,2017-09-01,2017-09-01,RW-19540,861,4,314.6,103.818,0.0,2017,9,False
CA-2017-128041,2017-09-01,2017-09-01,RW-19540,943,4,283.56,45.3696,0.0,2017,9,False
CA-2017-105823,2017-06-22,2017-06-26,RB-19465,839,2,487.96,146.388,0.0,2017,6,False
CA-2014-152268,2014-09-02,2014-09-07,SC-20095,686,2,1793.98,843.1706,0.0,2014,9,True
CA-2015-148873,2015-10-01,2015-10-05,EM-13960,83,4,2.992,-4.488,0.8,2015,10,False
CA-2015-148873,2015-10-01,2015-10-05,EM-13960,976,4,108.768,2.7192,0.2,2015,10,False
CA-2015-166492,2015-04-07,2015-04-10,RP-19390,1705,4,25.92,12.4416,0.0,2015,4,False
CA-2015-166492,2015-04-07,2015-04-10,RP-19390,1659,2,22.58,5.8708,0.0,2015,4,False
CA-2017-157420,2017-11-21,2017-11-21,HZ-14950,1099,3,55.176,-12.4146,0.2,2017,11,False
CA-2016-117121,2016-12-17,2016-12-21,AB-10105,688,13,9892.74,4946.37,0.0,2016,12,True
CA-2014-138177,2014-09-19,2014-09-24,ND-18460,827,1,73.915,-45.8273,0.5,2014,9,False
CA-2014-114335,2014-09-28,2014-10-03,XP-21865,510,4,337.088,16.8544,0.2,2014,9,False
CA-2015-168760,2015-09-22,2015-09-26,MM-18280,946,3,61.44,16.5888,0.0,2015,9,False
CA-2016-168830,2016-11-07,2016-11-13,ML-17395,1106,3,479.97,163.1898,0.0,2016,11,False
CA-2017-137463,2017-12-16,2017-12-20,KM-16225,83,2,5.984,2.244,0.2,2017,12,False
CA-2017-137463,2017-12-16,2017-12-20,KM-16225,918,5,189.95,45.588,0.0,2017,12,False
CA-2017-137463,2017-12-16,2017-12-20,KM-16225,1087,5,149.95,31.4895,0.0,2017,12,False
CA-2017-137463,2017-12-16,2017-12-20,KM-16225,374,5,29.95,8.6855,0.0,2017,12,False
CA-2017-137463,2017-12-16,2017-12-20,KM-16225,181,3,44.4,22.2,0.0,2017,12,False
CA-2014-124513,2014-09-21,2014-09-25,SL-20155,352,3,66.03,17.1678,0.0,2014,9,False
CA-2015-165554,2015-05-18,2015-05-22,AJ-10780,1647,2,10.86,5.3214,0.0,2015,5,False
CA-2014-141838,2014-03-26,2014-03-31,DK-12835,1113,2,3.36,0.84,0.0,2014,3,False
CA-2014-141838,2014-03-26,2014-03-31,DK-12835,1637,4,27.936,9.4284,0.2,2014,3,False
CA-2014-141838,2014-03-26,2014-03-31,DK-12835,782,2,28.784,2.8784,0.2,2014,3,False
CA-2017-117009,2017-09-22,2017-09-28,BK-11260,670,2,21.96,6.1488,0.0,2017,9,False
CA-2015-128993,2015-09-12,2015-09-17,CC-12670,1068,2,21.98,8.5722,0.0,2015,9,False
CA-2015-160227,2015-11-02,2015-11-04,ED-13885,850,11,2621.322,553.3902,0.1,2015,11,True
CA-2015-149097,2015-10-20,2015-10-24,SV-20785,1179,7,74.76,23.9232,0.0,2015,10,False
CA-2015-149097,2015-10-20,2015-10-24,SV-20785,1370,3,364.776,27.3582,0.2,2015,10,False
CA-2016-132304,2016-06-14,2016-06-18,AR-10825,849,7,1115.17,334.551,0.0,2016,6,True
CA-2015-136420,2015-11-20,2015-11-21,CS-12250,1254,4,89.696,33.636,0.2,2015,11,False
CA-2015-136420,2015-11-20,2015-11-21,CS-12250,192,4,50.12,23.5564,0.0,2015,11,False
CA-2016-101623,2016-02-28,2016-03-06,RR-19525,1499,6,36.48,18.24,0.0,2016,2,False
US-2014-151015,2014-10-14,2014-10-20,BD-11500,1740,13,322.192,100.685,0.2,2014,10,False
US-2014-151015,2014-10-14,2014-10-20,BD-11500,1305,3,2.946,-4.8609,0.8,2014,10,False
US-2014-151015,2014-10-14,2014-10-20,BD-11500,1688,4,19.136,6.9368,0.2,2014,10,False
CA-2017-152968,2017-05-26,2017-05-30,BM-11785,1600,2,23.08,6.924,0.0,2017,5,False
CA-2016-150077,2016-02-04,2016-02-10,MS-17365,39,2,90.48,23.5248,0.0,2016,2,False
CA-2016-106278,2016-09-02,2016-09-05,BM-11140,760,3,215.976,-2.6997,0.2,2016,9,False
CA-2016-106278,2016-09-02,2016-09-05,BM-11140,926,3,65.94,30.9918,0.0,2016,9,False
CA-2017-147550,2017-12-04,2017-12-05,KE-16420,391,3,11.352,2.6961,0.2,2017,12,False
CA-2015-136105,2015-06-12,2015-06-16,SZ-20035,1333,2,24.56,6.8768,0.0,2015,6,False
CA-2016-142524,2016-09-04,2016-09-08,MB-18085,1493,2,16.56,7.7832,0.0,2016,9,False
CA-2016-142524,2016-09-04,2016-09-08,MB-18085,1463,5,279.95,67.188,0.0,2016,9,False
CA-2014-136336,2014-04-21,2014-04-26,DB-13555,1366,6,828.84,0.0,0.0,2014,4,True
US-2015-136259,2015-11-05,2015-11-08,CB-12415,925,3,7.218,-5.5338,0.7,2015,11,False
US-2015-136259,2015-11-05,2015-11-08,CB-12415,101,4,27.2,2.04,0.2,2015,11,False
US-2014-124625,2014-11-03,2014-11-07,SP-20650,303,3,89.97,18.8937,0.0,2014,11,False
CA-2016-108105,2016-02-16,2016-02-23,GW-14605,558,4,318.08,34.9888,0.0,2016,2,False
CA-2016-108105,2016-02-16,2016-02-23,GW-14605,1644,1,5.8,2.61,0.0,2016,2,False
CA-2017-166898,2017-09-11,2017-09-13,KH-16630,1223,6,143.952,17.994,0.2,2017,9,False
CA-2017-166898,2017-09-11,2017-09-13,KH-16630,1705,3,19.44,9.3312,0.0,2017,9,False
CA-2017-169005,2017-11-02,2017-11-06,BG-11035,1124,2,5.56,1.4456,0.0,2017,11,False
CA-2015-104038,2015-02-06,2015-02-08,LO-17170,1552,3,146.73,2.9346,0.0,2015,2,False
CA-2015-104038,2015-02-06,2015-02-08,LO-17170,1706,5,29.9,13.455,0.0,2015,2,False
CA-2016-126102,2016-09-10,2016-09-12,DV-13465,894,2,276.784,89.9548,0.2,2016,9,False
CA-2016-143406,2016-09-26,2016-09-30,LR-17035,863,2,93.032,-251.1864,0.8,2016,9,False
CA-2016-143406,2016-09-26,2016-09-30,LR-17035,814,5,454.965,-136.4895,0.3,2016,9,False
CA-2015-150308,2015-12-15,2015-12-20,RR-19525,443,3,246.168,21.5397,0.2,2015,12,False
CA-2016-131093,2016-09-17,2016-09-20,TS-21610,1380,5,295.4,-62.7725,0.2,2016,9,False
US-2017-148831,2017-10-13,2017-10-15,AH-10210,1572,8,348.56,104.568,0.0,2017,10,False
CA-2015-162950,2015-06-28,2015-07-03,DW-13585,1791,3,15.552,5.4432,0.2,2015,6,False
CA-2015-162950,2015-06-28,2015-07-03,DW-13585,1427,6,482.94,-376.6932,0.5,2015,6,False
US-2015-132836,2015-06-01,2015-06-05,AJ-10945,1285,2,299.98,83.9944,0.0,2015,6,False
US-2015-132836,2015-06-01,2015-06-05,AJ-10945,421,6,403.68,181.656,0.0,2015,6,False
US-2015-132836,2015-06-01,2015-06-05,AJ-10945,1845,2,41.9,11.732,0.0,2015,6,False
US-2015-132836,2015-06-01,2015-06-05,AJ-10945,199,7,28.91,13.2986,0.0,2015,6,False
US-2014-158365,2014-04-12,2014-04-17,SV-20785,1809,5,32.4,15.552,0.0,2014,4,False
CA-2017-152933,2017-10-12,2017-10-16,MG-17650,446,7,369.544,27.7158,0.2,2017,10,False
CA-2017-152933,2017-10-12,2017-10-16,MG-17650,1785,2,10.368,3.7584,0.2,2017,10,False
CA-2017-152933,2017-10-12,2017-10-16,MG-17650,1269,3,791.88,128.6805,0.2,2017,10,True
CA-2015-163181,2015-11-07,2015-11-12,AB-10105,1031,3,23.64,5.319,0.2,2015,11,False
CA-2015-163181,2015-11-07,2015-11-12,AB-10105,776,2,84.784,-16.9568,0.2,2015,11,False
CA-2015-163181,2015-11-07,2015-11-12,AB-10105,1539,5,64.96,-84.448,0.6,2015,11,False
CA-2015-163181,2015-11-07,2015-11-12,AB-10105,265,10,32.06,-51.296,0.8,2015,11,False
CA-2015-163181,2015-11-07,2015-11-12,AB-10105,655,2,177.648,-28.8678,0.2,2015,11,False
CA-2015-163181,2015-11-07,2015-11-12,AB-10105,402,3,287.91,33.5895,0.4,2015,11,False
CA-2015-132941,2015-05-25,2015-05-28,MM-18280,671,2,22.368,1.6776,0.2,2015,5,False
CA-2015-132941,2015-05-25,2015-05-28,MM-18280,1768,7,32.368,11.7334,0.2,2015,5,False
CA-2015-132941,2015-05-25,2015-05-28,MM-18280,1000,2,207.984,36.3972,0.2,2015,5,False
CA-2014-132010,2014-10-13,2014-10-15,MA-17995,1246,5,36.4,17.472,0.0,2014,10,False
CA-2014-132010,2014-10-13,2014-10-15,MA-17995,1398,2,22.96,4.3624,0.0,2014,10,False
CA-2014-132010,2014-10-13,2014-10-15,MA-17995,1477,4,315.2,6.304,0.0,2014,10,False
CA-2014-132010,2014-10-13,2014-10-15,MA-17995,1640,3,15.18,7.1346,0.0,2014,10,False
CA-2016-135461,2016-02-07,2016-02-10,EB-13975,1100,5,623.96,38.9975,0.2,2016,2,True
CA-2017-153045,2017-01-19,2017-01-24,NS-18505,1621,2,429.6,-93.08,0.4,2017,1,False
CA-2017-153045,2017-01-19,2017-01-24,NS-18505,11,2,31.968,6.3936,0.2,2017,1,False
CA-2017-153045,2017-01-19,2017-01-24,NS-18505,739,3,887.271,-63.3765,0.3,2017,1,True
CA-2017-153045,2017-01-19,2017-01-24,NS-18505,1516,4,21.696,7.0512,0.2,2017,1,False
US-2016-155971,2016-06-06,2016-06-12,RB-19795,195,7,22.05,10.584,0.0,2016,6,False
US-2016-155971,2016-06-06,2016-06-12,RB-19795,1832,5,99.9,46.953,0.0,2016,6,False
CA-2017-122007,2017-03-18,2017-03-20,JK-15325,637,7,90.86,26.3494,0.0,2017,3,False
CA-2017-162250,2017-11-24,2017-11-24,PR-18880,1468,1,7.78,3.501,0.0,2017,11,False
US-2016-158288,2016-11-26,2016-11-28,EH-13945,330,9,78.759,-57.7566,0.7,2016,11,False
CA-2016-128916,2016-08-18,2016-08-20,MA-17560,1497,3,9.552,-3.8208,0.6,2016,8,False
CA-2016-128916,2016-08-18,2016-08-20,MA-17560,1198,4,5.344,-2.1376,0.6,2016,8,False
CA-2015-157028,2015-11-28,2015-12-03,MA-17995,276,2,8.28,3.4776,0.0,2015,11,False
CA-2017-112473,2017-05-25,2017-06-01,JL-15505,927,3,50.136,-11.2806,0.2,2017,5,False
US-2017-147655,2017-09-04,2017-09-05,AS-10045,269,7,88.074,-58.716,0.7,2017,9,False
CA-2016-130911,2016-03-24,2016-03-26,DC-12850,1189,3,301.47,-241.176,0.5,2016,3,False
CA-2016-130911,2016-03-24,2016-03-26,DC-12850,886,2,18.656,1.6324,0.2,2016,3,False
CA-2017-100055,2017-05-28,2017-06-01,MD-17860,493,2,27.46,9.8856,0.0,2017,5,False
CA-2017-100055,2017-05-28,2017-06-01,MD-17860,629,3,125.13,36.2877,0.0,2017,5,False
CA-2015-157805,2015-08-31,2015-09-04,RH-19510,1570,5,555.96,41.697,0.2,2015,8,True
CA-2016-124254,2016-04-12,2016-04-17,TB-21175,633,3,129.552,-22.6716,0.2,2016,4,False
CA-2016-124254,2016-04-12,2016-04-17,TB-21175,634,1,51.984,-5.1984,0.2,2016,4,False
CA-2016-124254,2016-04-12,2016-04-17,TB-21175,1523,3,10.272,3.4668,0.2,2016,4,False
CA-2014-123400,2014-02-02,2014-02-09,EB-13930,1521,2,18.336,-12.224,0.7,2014,2,False
CA-2014-123400,2014-02-02,2014-02-09,EB-13930,39,5,180.96,13.572,0.2,2014,2,False
CA-2014-106971,2014-09-02,2014-09-08,BM-11785,1021,7,475.944,95.1888,0.2,2014,9,False
CA-2017-123029,2017-09-30,2017-10-02,BT-11530,1328,2,159.98,47.994,0.0,2017,9,False
CA-2016-139409,2016-09-05,2016-09-07,FW-14395,967,4,43.6,12.208,0.0,2016,9,False
US-2017-166688,2017-05-20,2017-05-26,RD-19480,1635,2,8.288,3.0044,0.2,2017,5,False
US-2017-166688,2017-05-20,2017-05-26,RD-19480,1100,9,1123.128,70.1955,0.2,2017,5,True
US-2017-166688,2017-05-20,2017-05-26,RD-19480,637,5,64.9,18.821,0.0,2017,5,False
CA-2015-126970,2015-09-20,2015-09-24,TP-21130,82,3,2.808,-4.4928,0.8,2015,9,False
US-2016-165505,2016-01-23,2016-01-27,CB-12535,1017,2,99.98,42.9914,0.0,2016,1,False
US-2016-165505,2016-01-23,2016-01-27,CB-12535,27,6,8.04,2.7336,0.0,2016,1,False
US-2016-165505,2016-01-23,2016-01-27,CB-12535,905,13,1564.29,406.7154,0.0,2016,1,True
US-2014-157070,2014-06-01,2014-06-06,QJ-19255,1634,4,138.56,66.5088,0.0,2014,6,False
US-2014-157070,2014-06-01,2014-06-06,QJ-19255,52,5,65.52,12.376,0.1,2014,6,False
US-2015-106873,2015-09-24,2015-09-29,KM-16720,528,2,14.576,2.3686,0.2,2015,9,False
US-2015-106873,2015-09-24,2015-09-29,KM-16720,791,2,23.2,1.45,0.2,2015,9,False
US-2015-106873,2015-09-24,2015-09-29,KM-16720,1123,7,16.464,1.8522,0.2,2015,9,False
CA-2016-132990,2016-08-01,2016-08-03,KM-16660,552,2,19.312,3.1382,0.2,2016,8,False
CA-2014-102645,2014-01-23,2014-01-28,IM-15055,1738,6,40.08,19.2384,0.0,2014,1,False
CA-2014-134215,2014-08-04,2014-08-08,ML-17395,610,2,101.96,27.5292,0.0,2014,8,False
CA-2014-134215,2014-08-04,2014-08-08,ML-17395,1472,13,259.74,124.6752,0.0,2014,8,False
CA-2014-134215,2014-08-04,2014-08-08,ML-17395,1053,9,255.42,104.7222,0.0,2014,8,False
CA-2016-118934,2016-08-09,2016-08-14,GH-14410,1578,3,4.338,-3.0366,0.7,2016,8,False
CA-2016-118934,2016-08-09,2016-08-14,GH-14410,239,5,11.88,-7.92,0.7,2016,8,False
CA-2016-160108,2016-12-08,2016-12-12,AG-10900,387,7,405.86,32.4688,0.0,2016,12,False
CA-2016-160108,2016-12-08,2016-12-12,AG-10900,843,3,680.01,176.8026,0.0,2016,12,True
CA-2015-164007,2015-06-08,2015-06-12,MG-17695,1051,3,2.376,0.7425,0.2,2015,6,False
CA-2015-164007,2015-06-08,2015-06-12,MG-17695,869,2,143.128,-393.602,0.8,2015,6,False
CA-2016-100300,2016-06-24,2016-06-26,MJ-17740,1219,4,4476.8,503.64,0.2,2016,6,True
CA-2016-100300,2016-06-24,2016-06-26,MJ-17740,1672,1,104.85,50.328,0.0,2016,6,False
CA-2016-100300,2016-06-24,2016-06-26,MJ-17740,34,3,241.44,72.432,0.0,2016,6,False
CA-2016-140571,2016-03-15,2016-03-19,SJ-20125,1753,14,319.76,147.0896,0.0,2016,3,False
CA-2016-140571,2016-03-15,2016-03-19,SJ-20125,1753,2,45.68,21.0128,0.0,2016,3,False
US-2016-155768,2016-12-01,2016-12-01,LB-16795,1538,2,31.96,1.598,0.0,2016,12,False
US-2016-155768,2016-12-01,2016-12-01,LB-16795,1668,1,47.9,22.992,0.0,2016,12,False
US-2016-155768,2016-12-01,2016-12-01,LB-16795,1426,3,1112.94,222.588,0.0,2016,12,True
US-2016-155768,2016-12-01,2016-12-01,LB-16795,5,3,22.92,11.2308,0.0,2016,12,False
CA-2017-119424,2017-06-12,2017-06-14,SB-20185,1223,3,71.976,8.997,0.2,2017,6,False
CA-2017-119424,2017-06-12,2017-06-14,SB-20185,1798,3,19.44,9.3312,0.0,2017,6,False
CA-2016-118178,2016-03-19,2016-03-24,CC-12610,902,3,31.086,-20.724,0.7,2016,3,False
CA-2016-166618,2016-11-14,2016-11-18,DP-13000,1452,2,13.98,3.9144,0.0,2016,11,False
CA-2016-166618,2016-11-14,2016-11-18,DP-13000,360,1,23.65,6.149,0.0,2016,11,False
CA-2017-156776,2017-08-07,2017-08-11,JL-15505,1291,3,707.88,44.2425,0.2,2017,8,True
CA-2017-156776,2017-08-07,2017-08-11,JL-15505,410,3,11.952,4.1832,0.2,2017,8,False
CA-2017-156776,2017-08-07,2017-08-11,JL-15505,1063,3,31.128,11.673,0.2,2017,8,False
CA-2017-156776,2017-08-07,2017-08-11,JL-15505,1464,4,55.76,7.8064,0.0,2017,8,False
CA-2017-156776,2017-08-07,2017-08-11,JL-15505,1663,2,24.56,11.5432,0.0,2017,8,False
CA-2017-156776,2017-08-07,2017-08-11,JL-15505,881,1,51.75,15.525,0.0,2017,8,False
CA-2017-156776,2017-08-07,2017-08-11,JL-15505,749,1,207.184,25.898,0.2,2017,8,False
CA-2017-156776,2017-08-07,2017-08-11,JL-15505,17,5,1473.1,412.468,0.0,2017,8,True
US-2015-130512,2015-08-21,2015-08-25,SM-20320,1496,2,3.488,-0.6976,0.2,2015,8,False
US-2015-130512,2015-08-21,2015-08-25,SM-20320,1375,4,21.728,3.8024,0.2,2015,8,False
US-2015-130512,2015-08-21,2015-08-25,SM-20320,1366,6,663.072,-165.768,0.2,2015,8,True
US-2015-130512,2015-08-21,2015-08-25,SM-20320,682,2,99.588,-82.99,0.7,2015,8,False
US-2015-130512,2015-08-21,2015-08-25,SM-20320,1769,2,49.568,15.49,0.2,2015,8,False
CA-2015-141810,2015-11-02,2015-11-07,BB-10990,699,7,29.372,-46.9952,0.8,2015,11,False
CA-2015-141810,2015-11-02,2015-11-07,BB-10990,48,2,344.704,38.7792,0.2,2015,11,False
CA-2014-146843,2014-11-30,2014-12-06,PB-19150,94,7,47.992,3.5994,0.2,2014,11,False
CA-2014-146843,2014-11-30,2014-12-06,PB-19150,1067,4,102.24,-16.614,0.2,2014,11,False
CA-2014-103310,2014-05-10,2014-05-15,GM-14680,1472,2,39.96,19.1808,0.0,2014,5,False
CA-2014-103310,2014-05-10,2014-05-15,GM-14680,1621,5,1432.0,125.3,0.2,2014,5,True
CA-2014-103310,2014-05-10,2014-05-15,GM-14680,87,6,41.04,11.0808,0.0,2014,5,False
CA-2014-103310,2014-05-10,2014-05-15,GM-14680,852,1,256.784,32.098,0.2,2014,5,False
CA-2016-152688,2016-10-17,2016-10-20,NR-18550,1188,1,120.98,12.098,0.0,2016,10,False
CA-2016-152688,2016-10-17,2016-10-20,NR-18550,702,1,315.98,148.5106,0.0,2016,10,False
CA-2016-153836,2016-10-30,2016-11-03,EH-13765,694,3,28.752,10.0632,0.2,2016,10,False
CA-2016-153836,2016-10-30,2016-11-03,EH-13765,361,5,114.95,32.186,0.0,2016,10,False
CA-2016-104689,2016-12-01,2016-12-05,FH-14365,1407,8,23.04,6.912,0.0,2016,12,False
CA-2016-146423,2016-04-21,2016-04-21,BT-11680,458,3,15.48,4.4892,0.0,2016,4,False
CA-2016-146423,2016-04-21,2016-04-21,BT-11680,1804,8,51.84,24.8832,0.0,2016,4,False
CA-2017-140781,2017-08-03,2017-08-07,AB-10105,953,3,39.816,7.4655,0.2,2017,8,False
CA-2017-141747,2017-08-03,2017-08-08,SC-20230,983,1,16.06,4.1756,0.0,2017,8,False
CA-2017-142776,2017-12-11,2017-12-14,RS-19870,1246,1,7.28,3.4944,0.0,2017,12,False
CA-2017-142776,2017-12-11,2017-12-14,RS-19870,1629,3,5.4,2.592,0.0,2017,12,False
CA-2015-167479,2015-03-14,2015-03-19,AI-10855,1820,3,19.44,9.3312,0.0,2015,3,False
CA-2014-144071,2014-12-08,2014-12-15,DJ-13420,1034,2,39.88,11.1664,0.0,2014,12,False
CA-2014-144071,2014-12-08,2014-12-15,DJ-13420,488,3,79.44,28.5984,0.0,2014,12,False
US-2017-120908,2017-09-30,2017-10-02,BF-10975,1434,7,20.664,6.9741,0.2,2017,9,False
CA-2016-152646,2016-11-21,2016-11-26,TH-21235,1819,5,32.4,15.552,0.0,2016,11,False
CA-2017-103765,2017-11-24,2017-11-30,JG-15310,822,1,13.762,-24.7716,0.8,2017,11,False
US-2017-118157,2017-11-14,2017-11-17,AW-10930,1431,2,15.28,7.4872,0.0,2017,11,False
US-2015-164238,2015-08-16,2015-08-20,JW-15955,928,7,44.688,3.3516,0.2,2015,8,False
US-2015-164238,2015-08-16,2015-08-20,JW-15955,1192,3,301.47,-204.9996,0.5,2015,8,False
CA-2017-103212,2017-10-13,2017-10-14,MH-18025,230,3,11.07,5.2029,0.0,2017,10,False
CA-2017-103212,2017-10-13,2017-10-14,MH-18025,368,4,1504.52,346.0396,0.0,2017,10,True
CA-2017-103212,2017-10-13,2017-10-14,MH-18025,1829,4,25.92,12.4416,0.0,2017,10,False
CA-2017-121160,2017-11-04,2017-11-04,FM-14290,709,6,7.536,-13.188,0.8,2017,11,False
CA-2017-121160,2017-11-04,2017-11-04,FM-14290,1436,2,1.408,-2.3232,0.8,2017,11,False
CA-2017-121160,2017-11-04,2017-11-04,FM-14290,1635,4,4.144,-6.4232,0.8,2017,11,False
CA-2017-121160,2017-11-04,2017-11-04,FM-14290,1352,3,52.752,-12.5286,0.2,2017,11,False
CA-2017-140515,2017-03-19,2017-03-24,GZ-14545,293,7,381.36,106.7808,0.0,2017,3,False
CA-2014-153619,2014-11-03,2014-11-03,TC-21535,1298,4,6.72,3.36,0.0,2014,11,False
CA-2017-133718,2017-07-23,2017-07-26,TB-21520,408,3,15.192,5.5071,0.2,2017,7,False
CA-2017-133718,2017-07-23,2017-07-26,TB-21520,1613,9,58.32,27.9936,0.0,2017,7,False
CA-2014-148383,2014-12-27,2014-12-31,RP-19390,681,6,946.764,-694.2936,0.7,2014,12,True
CA-2016-126732,2016-09-02,2016-09-06,LR-16915,1586,9,94.68,31.2444,0.0,2016,9,False
CA-2016-126732,2016-09-02,2016-09-06,LR-16915,129,3,23.67,0.9468,0.0,2016,9,False
CA-2016-126732,2016-09-02,2016-09-06,LR-16915,445,4,1091.168,68.198,0.2,2016,9,True
CA-2016-126732,2016-09-02,2016-09-06,LR-16915,343,7,18.69,5.2332,0.0,2016,9,False
CA-2016-126732,2016-09-02,2016-09-06,LR-16915,427,3,568.728,28.4364,0.2,2016,9,True
CA-2016-126732,2016-09-02,2016-09-06,LR-16915,1481,1,7.312,2.5592,0.2,2016,9,False
CA-2017-138156,2017-02-11,2017-02-14,MM-17260,515,2,147.568,-3.6892,0.2,2017,2,False
CA-2017-110310,2017-10-27,2017-11-02,NB-18655,537,7,56.784,20.5842,0.2,2017,10,False
CA-2017-110310,2017-10-27,2017-11-02,NB-18655,256,3,5.607,-3.9249,0.7,2017,10,False
CA-2017-110310,2017-10-27,2017-11-02,NB-18655,1353,3,6.576,0.5754,0.2,2017,10,False
CA-2014-113271,2014-07-09,2014-07-14,DS-13030,255,6,14.304,4.6488,0.2,2014,7,False
CA-2014-113271,2014-07-09,2014-07-14,DS-13030,383,1,119.833,7.049,0.15,2014,7,False
CA-2014-113271,2014-07-09,2014-07-14,DS-13030,1297,2,5.56,2.224,0.0,2014,7,False
CA-2014-113271,2014-07-09,2014-07-14,DS-13030,1756,5,32.4,15.552,0.0,2014,7,False
CA-2017-130106,2017-05-22,2017-05-26,VF-21715,1160,3,9.84,2.8536,0.0,2017,5,False
CA-2017-130106,2017-05-22,2017-05-26,VF-21715,1141,1,2.78,0.7228,0.0,2017,5,False
CA-2016-127761,2016-11-10,2016-11-14,SW-20275,1309,1,3.64,1.365,0.2,2016,11,False
CA-2016-127761,2016-11-10,2016-11-14,SW-20275,342,7,881.93,220.4825,0.0,2016,11,True
CA-2016-105354,2016-12-02,2016-12-06,PW-19030,720,8,115.84,54.4448,0.0,2016,12,False
CA-2017-155712,2017-03-02,2017-03-08,KD-16615,421,2,107.648,33.64,0.2,2017,3,False
CA-2017-102309,2017-09-23,2017-09-25,DO-13645,1090,5,199.95,63.984,0.0,2017,9,False
CA-2017-102309,2017-09-23,2017-09-25,DO-13645,1822,2,12.96,6.2208,0.0,2017,9,False
CA-2014-168368,2014-02-11,2014-02-15,GA-14725,770,1,60.89,15.2225,0.0,2014,2,False
CA-2014-168368,2014-02-11,2014-02-15,GA-14725,190,3,14.94,6.8724,0.0,2014,2,False
CA-2014-168368,2014-02-11,2014-02-15,GA-14725,1642,2,9.64,4.4344,0.0,2014,2,False
CA-2014-168368,2014-02-11,2014-02-15,GA-14725,1360,3,332.94,53.2704,0.0,2014,2,False
CA-2014-168368,2014-02-11,2014-02-15,GA-14725,1595,3,51.9,24.393,0.0,2014,2,False
CA-2014-168368,2014-02-11,2014-02-15,GA-14725,646,2,64.96,2.5984,0.0,2014,2,False
CA-2017-167976,2017-11-11,2017-11-14,JL-15505,101,3,25.5,6.63,0.0,2017,11,False
CA-2017-111388,2017-09-02,2017-09-02,SU-20665,760,3,215.976,-2.6997,0.2,2017,9,False
CA-2015-124499,2015-10-09,2015-10-13,FM-14380,814,3,389.97,35.0973,0.0,2015,10,False
CA-2015-124499,2015-10-09,2015-10-13,FM-14380,299,5,269.91,53.982,0.1,2015,10,False
US-2017-128118,2017-11-24,2017-12-01,MY-17380,1063,3,11.673,-7.782,0.7,2017,11,False
US-2017-128118,2017-11-24,2017-12-01,MY-17380,1249,7,64.848,24.318,0.2,2017,11,False
CA-2014-125759,2014-02-08,2014-02-09,NM-18445,1048,2,14.56,5.5328,0.0,2014,2,False
CA-2015-151869,2015-09-25,2015-09-25,CS-11950,837,1,102.582,6.8388,0.1,2015,9,False
CA-2015-151869,2015-09-25,2015-09-25,CS-11950,1709,3,20.04,9.6192,0.0,2015,9,False
US-2017-102183,2017-08-21,2017-08-28,PK-19075,258,7,32.088,11.2308,0.2,2017,8,False
US-2017-102183,2017-08-21,2017-08-28,PK-19075,686,6,4305.552,1453.1238,0.2,2017,8,True
CA-2016-100510,2016-05-12,2016-05-17,HM-14860,1198,3,10.02,4.4088,0.0,2016,5,False
CA-2016-100510,2016-05-12,2016-05-17,HM-14860,937,4,631.96,303.3408,0.0,2016,5,True
CA-2017-146983,2017-09-02,2017-09-06,AH-10210,681,3,1577.94,757.4112,0.0,2017,9,True
US-2014-134054,2014-10-10,2014-10-10,FC-14335,529,7,255.85,112.574,0.0,2014,10,False
CA-2016-113236,2016-05-26,2016-05-29,CP-12085,124,6,184.704,13.8528,0.2,2016,5,False
CA-2016-113236,2016-05-26,2016-05-29,CP-12085,913,2,47.92,11.98,0.2,2016,5,False
CA-2017-122539,2017-12-01,2017-12-05,SC-20305,190,4,15.936,5.1792,0.2,2017,12,False
CA-2017-122539,2017-12-01,2017-12-05,SC-20305,72,7,8.001,-5.6007,0.7,2017,12,False
CA-2017-122539,2017-12-01,2017-12-05,SC-20305,741,2,398.972,-28.498,0.3,2017,12,False
CA-2016-166772,2016-09-20,2016-09-24,HJ-14875,1184,2,163.88,40.97,0.0,2016,9,False
US-2017-152898,2017-09-11,2017-09-15,CB-12025,865,5,67.9,20.37,0.0,2017,9,False
CA-2016-160486,2016-12-30,2017-01-04,EH-14185,598,4,72.224,25.2784,0.2,2016,12,False
CA-2017-102218,2017-09-02,2017-09-04,LW-17215,229,2,11.696,3.9474,0.2,2017,9,False
CA-2014-161032,2014-11-18,2014-11-23,MK-17905,1208,3,392.94,43.2234,0.0,2014,11,False
CA-2015-102778,2015-11-21,2015-11-24,JH-15820,623,1,18.176,4.7712,0.2,2015,11,False
CA-2017-154011,2017-06-19,2017-06-26,DB-13270,696,3,6.888,-11.0208,0.8,2017,6,False
CA-2017-154011,2017-06-19,2017-06-26,DB-13270,426,3,457.485,-84.9615,0.3,2017,6,False
US-2017-165456,2017-11-30,2017-12-03,TB-21625,742,6,1079.316,-15.4188,0.3,2017,11,True
CA-2014-111857,2014-04-23,2014-04-26,NM-18445,1674,1,48.91,22.9877,0.0,2014,4,False
CA-2014-163650,2014-09-23,2014-09-25,TT-21220,1161,3,9.84,2.8536,0.0,2014,9,False
CA-2014-163650,2014-09-23,2014-09-25,TT-21220,893,3,34.5,15.525,0.0,2014,9,False
CA-2017-124114,2017-03-02,2017-03-02,RS-19765,81,1,0.556,-0.9452,0.8,2017,3,False
US-2017-116505,2017-11-17,2017-11-21,TB-21625,146,6,43.8,20.586,0.0,2017,11,False
CA-2017-161340,2017-05-28,2017-06-01,AM-10360,789,3,13.872,5.0286,0.2,2017,5,False
CA-2017-161340,2017-05-28,2017-06-01,AM-10360,390,4,115.96,-64.9376,0.5,2017,5,False
US-2015-163433,2015-04-18,2015-04-22,MP-17965,1528,2,41.424,8.2848,0.2,2015,4,False
US-2015-163433,2015-04-18,2015-04-22,MP-17965,778,4,244.768,24.4768,0.2,2015,4,False
US-2015-163433,2015-04-18,2015-04-22,MP-17965,363,3,74.352,6.5058,0.2,2015,4,False
US-2015-163433,2015-04-18,2015-04-22,MP-17965,710,2,4.312,-6.8992,0.8,2015,4,False
US-2015-163433,2015-04-18,2015-04-22,MP-17965,753,1,56.686,-20.245,0.3,2015,4,False
US-2015-163433,2015-04-18,2015-04-22,MP-17965,1032,2,97.968,6.123,0.2,2015,4,False
US-2015-163433,2015-04-18,2015-04-22,MP-17965,1157,3,7.872,0.8856,0.2,2015,4,False
US-2015-163433,2015-04-18,2015-04-22,MP-17965,1786,3,15.552,5.4432,0.2,2015,4,False
US-2015-163433,2015-04-18,2015-04-22,MP-17965,695,1,1.476,-2.2878,0.8,2015,4,False
CA-2015-137603,2015-09-19,2015-09-24,MH-17290,1130,5,8.4,2.184,0.0,2015,9,False
CA-2014-128237,2014-03-25,2014-03-30,CA-12265,1159,2,6.56,1.9024,0.0,2014,3,False
CA-2014-128237,2014-03-25,2014-03-30,CA-12265,539,2,14.88,3.72,0.0,2014,3,False
CA-2014-128237,2014-03-25,2014-03-30,CA-12265,919,4,45.48,15.918,0.0,2014,3,False
CA-2014-128237,2014-03-25,2014-03-30,CA-12265,275,6,25.44,9.9216,0.0,2014,3,False
US-2016-102141,2016-08-26,2016-08-31,KD-16615,519,8,146.688,45.84,0.2,2016,8,False
CA-2017-148642,2017-03-06,2017-03-12,DW-13540,221,2,4.928,1.7248,0.2,2017,3,False
CA-2017-148642,2017-03-06,2017-03-12,DW-13540,1154,4,63.488,4.7616,0.2,2017,3,False
CA-2015-111948,2015-11-11,2015-11-11,AG-10495,115,7,418.32,117.1296,0.0,2015,11,False
CA-2015-111948,2015-11-11,2015-11-11,AG-10495,822,2,123.858,46.7908,0.1,2015,11,False
CA-2016-161907,2016-04-05,2016-04-09,JH-16180,452,3,118.782,-27.7158,0.4,2016,4,False
CA-2016-161907,2016-04-05,2016-04-09,JH-16180,1299,4,769.184,-163.4516,0.2,2016,4,True
CA-2017-124940,2017-02-21,2017-02-26,DK-13090,1088,1,47.904,-2.994,0.2,2017,2,False
US-2017-108343,2017-07-20,2017-07-25,AR-10825,1767,2,13.36,6.4128,0.0,2017,7,False
US-2017-108343,2017-07-20,2017-07-25,AR-10825,1211,2,163.764,25.4744,0.1,2017,7,False
US-2017-108343,2017-07-20,2017-07-25,AR-10825,1535,4,183.92,31.2664,0.0,2017,7,False
US-2016-111563,2016-11-04,2016-11-08,SM-20005,490,3,11.376,-5.688,0.6,2016,11,False
US-2016-111563,2016-11-04,2016-11-08,SM-20005,513,4,66.112,-84.2928,0.6,2016,11,False
CA-2017-121853,2017-09-23,2017-09-29,DB-13660,1693,8,211.04,97.0784,0.0,2017,9,False
CA-2017-121853,2017-09-23,2017-09-29,DB-13660,785,2,594.816,59.4816,0.2,2017,9,True
CA-2017-121853,2017-09-23,2017-09-29,DB-13660,899,3,72.96,23.712,0.2,2017,9,False
US-2017-130687,2017-09-07,2017-09-10,PF-19225,491,4,80.96,34.8128,0.0,2017,9,False
US-2017-130687,2017-09-07,2017-09-10,PF-19225,965,2,455.712,34.1784,0.2,2017,9,False
US-2017-130687,2017-09-07,2017-09-10,PF-19225,354,1,25.98,7.2744,0.0,2017,9,False
CA-2015-164497,2015-11-28,2015-11-30,AJ-10945,823,4,45.28,15.3952,0.0,2015,11,False
US-2015-153283,2015-11-12,2015-11-18,EB-14110,1493,2,15.56,7.3132,0.0,2015,11,False
CA-2016-108056,2016-09-29,2016-10-03,ES-14080,1621,3,859.2,75.18,0.2,2016,9,True
CA-2017-127726,2017-09-11,2017-09-13,SS-20410,653,4,195.68,50.8768,0.0,2017,9,False
CA-2017-127726,2017-09-11,2017-09-13,SS-20410,56,4,14.2,6.674,0.0,2017,9,False
CA-2017-110198,2017-05-01,2017-05-02,AG-10900,386,3,314.352,-15.7176,0.2,2017,5,False
CA-2017-110198,2017-05-01,2017-05-02,AG-10900,200,2,4.608,1.4976,0.2,2017,5,False
CA-2017-130715,2017-09-16,2017-09-20,CY-12745,1197,5,17.9,8.771,0.0,2017,9,False
CA-2014-155264,2014-10-19,2014-10-22,RP-19270,83,1,2.992,1.122,0.2,2014,10,False
CA-2014-155264,2014-10-19,2014-10-22,RP-19270,240,6,20.064,7.0224,0.2,2014,10,False
CA-2014-155264,2014-10-19,2014-10-22,RP-19270,1702,3,146.73,68.9631,0.0,2014,10,False
CA-2014-155264,2014-10-19,2014-10-22,RP-19270,187,5,18.75,9.0,0.0,2014,10,False
CA-2014-155264,2014-10-19,2014-10-22,RP-19270,1238,3,117.576,11.7576,0.2,2014,10,False
CA-2016-119123,2016-03-13,2016-03-18,DB-13360,407,7,51.184,19.194,0.2,2016,3,False
CA-2017-109085,2017-02-17,2017-02-20,CK-12325,1370,5,455.97,-106.393,0.4,2017,2,False
CA-2017-109085,2017-02-17,2017-02-20,CK-12325,73,5,5.715,-4.7625,0.7,2017,2,False
CA-2017-109085,2017-02-17,2017-02-20,CK-12325,1604,1,57.594,-11.5188,0.4,2017,2,False
CA-2017-109085,2017-02-17,2017-02-20,CK-12325,672,2,30.144,8.2896,0.2,2017,2,False
CA-2017-109085,2017-02-17,2017-02-20,CK-12325,742,5,899.43,-12.849,0.3,2017,2,True
CA-2016-114860,2016-12-22,2016-12-28,DN-13690,510,8,842.72,202.2528,0.0,2016,12,True
CA-2016-114860,2016-12-22,2016-12-28,DN-13690,1040,2,41.96,10.9096,0.0,2016,12,False
CA-2016-159009,2016-09-23,2016-09-27,DP-13105,32,4,13.216,4.4604,0.2,2016,9,False
CA-2016-159009,2016-09-23,2016-09-27,DP-13105,747,3,184.752,-20.7846,0.2,2016,9,False
CA-2017-148411,2017-09-24,2017-09-26,RO-19780,785,2,520.464,-14.8704,0.3,2017,9,True
CA-2017-148411,2017-09-24,2017-09-26,RO-19780,1656,3,11.424,3.7128,0.2,2017,9,False
CA-2015-110324,2015-12-01,2015-12-05,MA-17560,1802,3,19.44,9.3312,0.0,2015,12,False
CA-2015-110324,2015-12-01,2015-12-05,MA-17560,1112,2,3.64,1.0192,0.0,2015,12,False
CA-2015-110324,2015-12-01,2015-12-05,MA-17560,1652,2,18.54,8.7138,0.0,2015,12,False
CA-2016-168046,2016-01-25,2016-01-28,JD-15895,710,5,43.12,15.092,0.2,2016,1,False
CA-2016-168046,2016-01-25,2016-01-28,JD-15895,428,3,313.722,-99.3453,0.4,2016,1,False
CA-2016-168046,2016-01-25,2016-01-28,JD-15895,1535,1,45.98,7.8166,0.0,2016,1,False
CA-2016-168046,2016-01-25,2016-01-28,JD-15895,1365,7,428.68,0.0,0.0,2016,1,False
CA-2017-111591,2017-03-21,2017-03-25,PS-18970,394,6,30.576,10.3194,0.2,2017,3,False
CA-2017-111591,2017-03-21,2017-03-25,PS-18970,1519,7,13.02,0.3906,0.0,2017,3,False
CA-2017-111591,2017-03-21,2017-03-25,PS-18970,569,3,22.14,6.4206,0.0,2017,3,False
CA-2017-111591,2017-03-21,2017-03-25,PS-18970,647,4,359.32,7.1864,0.0,2017,3,False
US-2014-166828,2014-08-22,2014-08-25,JF-15415,1682,2,11.56,5.6644,0.0,2014,8,False
CA-2014-108147,2014-06-08,2014-06-13,RD-19480,781,2,68.48,25.68,0.2,2014,6,False
CA-2014-108147,2014-06-08,2014-06-13,RD-19480,1557,6,1676.88,83.844,0.0,2014,6,True
CA-2016-154998,2016-04-07,2016-04-09,ES-14080,1726,2,37.94,18.2112,0.0,2016,4,False
CA-2017-113460,2017-11-07,2017-11-09,KN-16390,755,3,272.97,43.6752,0.0,2017,11,False
CA-2015-111339,2015-05-29,2015-05-31,VP-21760,1559,4,41.568,-4.1568,0.2,2015,5,False
CA-2015-111339,2015-05-29,2015-05-31,VP-21760,1173,3,317.058,-86.0586,0.3,2015,5,False
CA-2015-111339,2015-05-29,2015-05-31,VP-21760,908,5,8.04,2.9145,0.2,2015,5,False
CA-2017-102820,2017-05-07,2017-05-11,CS-11950,344,7,419.944,52.493,0.2,2017,5,False
CA-2016-149671,2016-06-05,2016-06-09,KB-16600,85,6,61.38,15.9588,0.0,2016,6,False
CA-2015-126347,2015-12-14,2015-12-19,AJ-10945,1083,2,50.0,10.5,0.0,2015,12,False
CA-2017-108756,2017-12-25,2017-12-29,PO-18865,1072,3,31.8,13.674,0.0,2017,12,False
CA-2017-155362,2017-12-17,2017-12-21,DP-13105,113,2,32.56,8.4656,0.0,2017,12,False
CA-2016-117625,2016-05-10,2016-05-15,GM-14500,784,2,7.072,2.3868,0.2,2016,5,False
CA-2014-154158,2014-12-23,2014-12-27,CC-12670,464,3,45.528,15.9348,0.2,2014,12,False
CA-2014-154158,2014-12-23,2014-12-27,CC-12670,1226,1,64.784,6.4784,0.2,2014,12,False
CA-2014-154158,2014-12-23,2014-12-27,CC-12670,1549,2,424.272,-10.6068,0.2,2014,12,False
CA-2014-154158,2014-12-23,2014-12-27,CC-12670,1298,1,1.344,0.504,0.2,2014,12,False
CA-2014-154158,2014-12-23,2014-12-27,CC-12670,70,5,83.92,-1.049,0.2,2014,12,False
CA-2017-100433,2017-08-11,2017-08-16,SJ-20125,1823,4,25.92,12.4416,0.0,2017,8,False
CA-2017-163097,2017-08-27,2017-08-31,SF-20200,672,8,120.576,33.1584,0.2,2017,8,False
US-2017-127292,2017-01-19,2017-01-23,RM-19375,1694,4,79.92,37.5624,0.0,2017,1,False
US-2017-127292,2017-01-19,2017-01-23,RM-19375,1663,1,12.28,5.7716,0.0,2017,1,False
US-2017-127292,2017-01-19,2017-01-23,RM-19375,171,3,542.94,152.0232,0.0,2017,1,True
US-2017-127292,2017-01-19,2017-01-23,RM-19375,1284,1,2.04,0.9588,0.0,2017,1,False
CA-2015-163734,2015-06-19,2015-06-24,KM-16375,1338,5,228.92,14.3075,0.2,2015,6,False
CA-2017-162474,2017-03-13,2017-03-16,FH-14275,1295,1,7.992,2.5974,0.2,2017,3,False
CA-2015-130848,2015-10-25,2015-10-25,DG-13300,755,8,582.336,-29.1168,0.2,2015,10,True
CA-2014-125997,2014-09-20,2014-09-23,MW-18220,1220,5,629.95,157.4875,0.0,2014,9,True
CA-2014-125997,2014-09-20,2014-09-23,MW-18220,758,2,631.782,140.396,0.1,2014,9,True
CA-2014-125997,2014-09-20,2014-09-23,MW-18220,498,2,801.568,-10.0196,0.2,2014,9,True
CA-2014-125997,2014-09-20,2014-09-23,MW-18220,192,6,75.18,35.3346,0.0,2014,9,False
CA-2014-125997,2014-09-20,2014-09-23,MW-18220,614,1,30.98,8.0548,0.0,2014,9,False
CA-2014-125997,2014-09-20,2014-09-23,MW-18220,1243,9,1349.91,661.4559,0.0,2014,9,True
CA-2016-103128,2016-11-11,2016-11-15,SC-20845,1140,6,14.112,1.2348,0.2,2016,11,False
CA-2015-167696,2015-09-16,2015-09-21,BD-11500,1493,4,31.12,14.6264,0.0,2015,9,False
CA-2014-159814,2014-06-24,2014-06-28,LP-17080,103,2,4.272,0.9612,0.2,2014,6,False
CA-2016-105459,2016-08-12,2016-08-17,NP-18700,428,2,209.148,-66.2302,0.4,2016,8,False
CA-2016-105459,2016-08-12,2016-08-17,NP-18700,1549,6,1591.02,286.3836,0.0,2016,8,True
CA-2017-141663,2017-04-13,2017-04-17,DP-13105,1571,5,7.92,1.683,0.2,2017,4,False
CA-2014-152618,2014-03-14,2014-03-17,RB-19465,809,2,574.91,156.047,0.3,2014,3,True
CA-2014-152618,2014-03-14,2014-03-17,RB-19465,1752,2,8.448,2.64,0.2,2014,3,False
CA-2017-162789,2017-09-22,2017-09-24,LC-17140,1606,9,1071.0,171.36,0.0,2017,9,True
CA-2017-162789,2017-09-22,2017-09-24,LC-17140,552,1,12.07,3.9831,0.0,2017,9,False
US-2017-110149,2017-12-10,2017-12-13,WB-21850,802,1,3.273,-2.5093,0.7,2017,12,False
US-2017-110149,2017-12-10,2017-12-13,WB-21850,470,5,87.92,15.386,0.2,2017,12,False
CA-2016-108959,2016-03-10,2016-03-14,MH-17785,1091,1,104.696,6.5435,0.2,2016,3,False
CA-2015-164777,2015-01-27,2015-01-29,SC-20305,786,5,2803.92,0.0,0.2,2015,1,True
CA-2016-132017,2016-09-26,2016-09-27,MH-17620,707,2,6.816,-11.5872,0.8,2016,9,False
CA-2015-127824,2015-10-18,2015-10-22,JC-15775,1100,2,249.584,15.599,0.2,2015,10,False
CA-2015-127824,2015-10-18,2015-10-22,JC-15775,1688,3,17.94,8.7906,0.0,2015,10,False
CA-2015-127824,2015-10-18,2015-10-22,JC-15775,545,3,10.11,3.2352,0.0,2015,10,False
CA-2014-148285,2014-10-27,2014-11-01,RD-19810,1792,2,10.368,3.6288,0.2,2014,10,False
CA-2014-148285,2014-10-27,2014-11-01,RD-19810,537,3,11.952,4.0338,0.2,2014,10,False
CA-2017-152926,2017-10-02,2017-10-04,SC-20695,662,2,15.224,-38.8212,0.8,2017,10,False
CA-2017-152926,2017-10-02,2017-10-04,SC-20695,51,6,21.984,-56.0592,0.8,2017,10,False
CA-2014-145254,2014-07-23,2014-07-27,NC-18535,1594,6,604.752,60.4752,0.2,2014,7,True
CA-2014-145254,2014-07-23,2014-07-27,NC-18535,98,5,40.7,11.803,0.0,2014,7,False
CA-2014-145254,2014-07-23,2014-07-27,NC-18535,41,3,302.376,37.797,0.2,2014,7,False
CA-2014-145254,2014-07-23,2014-07-27,NC-18535,915,3,45.0,4.95,0.0,2014,7,False
CA-2014-116246,2014-09-12,2014-09-17,LW-17215,786,6,3785.292,420.588,0.1,2014,9,True
CA-2016-160479,2016-09-15,2016-09-20,AH-10585,1373,5,35.4,13.452,0.0,2016,9,False
CA-2014-167486,2014-11-27,2014-12-01,JO-15145,584,5,199.9,39.98,0.0,2014,11,False
CA-2014-152100,2014-05-11,2014-05-16,VW-21775,848,8,1212.96,-69.312,0.3,2014,5,True
CA-2015-166219,2015-08-28,2015-09-01,BP-11185,1093,5,1099.96,82.497,0.2,2015,8,True
CA-2015-166219,2015-08-28,2015-09-01,BP-11185,827,1,103.481,-16.2613,0.3,2015,8,False
CA-2015-111864,2015-06-19,2015-06-19,PP-18955,1434,2,5.904,1.9926,0.2,2015,6,False
CA-2015-119627,2015-08-17,2015-08-23,SC-20725,916,2,30.08,-5.264,0.2,2015,8,False
CA-2015-119627,2015-08-17,2015-08-23,SC-20725,1805,7,36.288,12.7008,0.2,2015,8,False
CA-2015-119627,2015-08-17,2015-08-23,SC-20725,1144,3,10.272,1.1556,0.2,2015,8,False
CA-2015-119627,2015-08-17,2015-08-23,SC-20725,666,4,252.8,-31.6,0.2,2015,8,False
CA-2015-160787,2015-09-25,2015-09-25,BM-11785,74,2,2.946,-2.0622,0.7,2015,9,False
CA-2017-107853,2017-05-26,2017-05-31,CD-11920,1796,2,12.96,6.2208,0.0,2017,5,False
CA-2017-126144,2017-07-31,2017-08-05,GM-14680,1288,4,285.576,-57.1152,0.4,2017,7,False
US-2014-154655,2014-10-12,2014-10-17,BP-11050,91,2,22.24,2.502,0.2,2014,10,False
CA-2014-100391,2014-05-25,2014-05-29,BW-11065,1515,2,14.62,6.7252,0.0,2014,5,False
CA-2014-165477,2014-12-29,2014-12-31,RE-19405,53,5,48.36,6.045,0.2,2014,12,False
CA-2017-165904,2017-04-07,2017-04-11,HR-14770,29,2,16.256,1.2192,0.2,2017,4,False
CA-2017-165904,2017-04-07,2017-04-11,HR-14770,37,2,219.184,19.1786,0.2,2017,4,False
CA-2015-104052,2015-03-01,2015-03-02,TP-21565,936,4,95.84,34.742,0.2,2015,3,False
CA-2015-168277,2015-05-29,2015-06-03,KB-16315,182,3,12.39,5.6994,0.0,2015,5,False
CA-2016-158617,2016-09-22,2016-09-28,AC-10660,1678,6,35.88,16.146,0.0,2016,9,False
CA-2017-136882,2017-05-27,2017-06-03,DN-13690,593,5,477.3,138.417,0.0,2017,5,False
US-2016-148957,2016-09-17,2016-09-23,CC-12430,188,4,12.32,5.9136,0.0,2016,9,False
CA-2014-140032,2014-09-08,2014-09-13,TS-21340,68,2,8.608,3.0128,0.2,2014,9,False
CA-2017-145506,2017-06-03,2017-06-07,MO-17800,574,9,136.26,5.4504,0.0,2017,6,False
CA-2015-129546,2015-09-28,2015-10-05,RP-19855,80,3,186.15,55.845,0.0,2015,9,False
CA-2015-129546,2015-09-28,2015-10-05,RP-19855,707,6,81.792,26.5824,0.2,2015,9,False
CA-2015-129546,2015-09-28,2015-10-05,RP-19855,90,3,47.19,13.6851,0.0,2015,9,False
CA-2015-129546,2015-09-28,2015-10-05,RP-19855,1099,2,36.784,-8.2764,0.2,2015,9,False
CA-2016-140977,2016-06-16,2016-06-19,JL-15175,1253,1,91.475,-1.8295,0.5,2016,6,False
CA-2017-151855,2017-05-27,2017-06-03,BW-11110,1462,3,27.192,0.3399,0.2,2017,5,False
CA-2017-151855,2017-05-27,2017-06-03,BW-11110,663,5,12.06,-10.05,0.7,2017,5,False
CA-2014-138240,2014-10-09,2014-10-14,SJ-20500,359,3,144.6,41.934,0.0,2014,10,False
CA-2014-138240,2014-10-09,2014-10-14,SJ-20500,1846,1,15.992,-2.9985,0.2,2014,10,False
CA-2014-101833,2014-11-17,2014-11-22,FG-14260,1467,3,34.44,17.22,0.0,2014,11,False
CA-2014-100867,2014-10-19,2014-10-24,EH-14125,1324,6,321.552,20.097,0.2,2014,10,False
US-2017-109610,2017-11-25,2017-11-30,BS-11590,1210,2,701.96,168.4704,0.0,2017,11,True
CA-2014-156545,2014-02-27,2014-03-03,JS-16030,1841,4,19.456,3.4048,0.2,2014,2,False
CA-2014-109127,2014-12-21,2014-12-25,JC-15775,200,6,17.28,7.9488,0.0,2014,12,False
CA-2016-126858,2016-11-19,2016-11-23,JM-15265,1538,2,31.96,1.598,0.0,2016,11,False
CA-2017-102925,2017-11-05,2017-11-10,CD-12280,701,6,164.688,55.5822,0.2,2017,11,False
CA-2017-102925,2017-11-05,2017-11-10,CD-12280,286,2,166.5,-66.6,0.4,2017,11,False
CA-2017-102925,2017-11-05,2017-11-10,CD-12280,1797,2,12.96,6.2208,0.0,2017,11,False
CA-2017-102925,2017-11-05,2017-11-10,CD-12280,538,2,110.96,53.2608,0.0,2017,11,False
CA-2017-102925,2017-11-05,2017-11-10,CD-12280,150,2,99.98,3.9992,0.0,2017,11,False
CA-2017-102925,2017-11-05,2017-11-10,CD-12280,263,1,11.424,3.7128,0.2,2017,11,False
CA-2017-102925,2017-11-05,2017-11-10,CD-12280,798,2,128.124,24.2012,0.1,2017,11,False
CA-2017-102925,2017-11-05,2017-11-10,CD-12280,415,5,101.4,38.532,0.0,2017,11,False
CA-2015-100818,2015-05-31,2015-06-05,JM-15265,211,2,5.904,1.9926,0.2,2015,5,False
CA-2015-100818,2015-05-31,2015-06-05,JM-15265,1779,7,173.488,54.215,0.2,2015,5,False
CA-2015-100818,2015-05-31,2015-06-05,JM-15265,1545,2,51.56,-61.872,0.6,2015,5,False
CA-2015-100818,2015-05-31,2015-06-05,JM-15265,1511,3,3.564,-6.237,0.8,2015,5,False
CA-2014-126193,2014-09-07,2014-09-14,SS-20410,65,5,13.16,4.1125,0.2,2014,9,False
CA-2014-126193,2014-09-07,2014-09-14,SS-20410,248,3,3.828,-6.5076,0.8,2014,9,False
CA-2014-126193,2014-09-07,2014-09-14,SS-20410,896,5,304.99,-533.7325,0.8,2014,9,False
CA-2017-150504,2017-11-06,2017-11-12,HG-14845,1449,2,18.16,1.816,0.2,2017,11,False
CA-2015-158351,2015-06-20,2015-06-24,BC-11125,1329,2,319.984,91.9954,0.2,2015,6,False
CA-2014-122679,2014-07-22,2014-07-28,AB-10255,474,6,19.68,6.4944,0.0,2014,7,False
CA-2016-164770,2016-12-02,2016-12-04,MY-18295,1423,10,781.864,-137.976,0.32,2016,12,True
CA-2016-164770,2016-12-02,2016-12-04,MY-18295,1751,9,30.816,9.63,0.2,2016,12,False
CA-2017-130505,2017-10-12,2017-10-12,NF-18385,423,3,673.344,-76.9536,0.3,2017,10,True
US-2017-125213,2017-12-11,2017-12-13,NB-18655,1510,3,6.54,2.1582,0.0,2017,12,False
CA-2015-156566,2015-10-01,2015-10-04,EM-13960,1621,2,572.8,50.12,0.2,2015,10,True
US-2016-102232,2016-08-05,2016-08-11,MF-17665,362,7,197.05,59.115,0.0,2016,8,False
CA-2017-111738,2017-01-03,2017-01-07,CM-12385,702,8,2022.272,682.5168,0.2,2017,1,True
CA-2017-111738,2017-01-03,2017-01-07,CM-12385,1041,3,9.12,3.1008,0.0,2017,1,False
CA-2017-163188,2017-11-07,2017-11-07,EC-14050,1512,9,38.16,19.08,0.0,2017,11,False
CA-2016-105207,2016-01-03,2016-01-08,BO-11350,853,7,1592.85,350.427,0.0,2016,1,True
CA-2016-105207,2016-01-03,2016-01-08,BO-11350,1511,2,11.88,5.346,0.0,2016,1,False
US-2016-123610,2016-05-12,2016-05-16,VM-21835,1075,6,120.0,46.8,0.0,2016,5,False
US-2016-123610,2016-05-12,2016-05-16,VM-21835,1494,1,8.67,2.3409,0.0,2016,5,False
CA-2017-118213,2017-11-05,2017-11-07,AB-10060,142,1,4.41,2.0286,0.0,2017,11,False
CA-2017-118213,2017-11-05,2017-11-07,AB-10060,537,3,167.94,82.2906,0.0,2017,11,False
CA-2017-118213,2017-11-05,2017-11-07,AB-10060,1516,10,67.8,31.188,0.0,2017,11,False
CA-2016-149237,2016-05-26,2016-05-30,CM-12235,1177,3,26.94,11.3148,0.0,2016,5,False
US-2015-158589,2015-11-20,2015-11-24,KW-16570,504,3,32.04,8.01,0.0,2015,11,False
CA-2016-101329,2016-04-22,2016-04-29,MM-17920,287,9,32.13,8.3538,0.0,2016,4,False
CA-2016-101329,2016-04-22,2016-04-29,MM-17920,1126,1,2.88,0.8064,0.0,2016,4,False
CA-2016-113607,2016-10-14,2016-10-18,PW-19030,1100,7,1091.93,272.9825,0.0,2016,10,True
CA-2016-113607,2016-10-14,2016-10-18,PW-19030,1692,2,111.96,54.8604,0.0,2016,10,False
CA-2014-149104,2014-04-05,2014-04-07,RD-19900,1492,2,26.7,7.476,0.0,2014,4,False
CA-2014-149104,2014-04-05,2014-04-07,RD-19900,663,5,40.2,18.09,0.0,2014,4,False
CA-2014-149104,2014-04-05,2014-04-07,RD-19900,331,3,13.89,4.5837,0.0,2014,4,False
CA-2014-149104,2014-04-05,2014-04-07,RD-19900,1476,6,689.82,20.6946,0.0,2014,4,True
CA-2016-105263,2016-08-06,2016-08-11,LM-17065,527,9,38.34,15.7194,0.0,2016,8,False
CA-2014-130575,2014-12-14,2014-12-16,CS-11845,715,3,9.264,-13.896,0.8,2014,12,False
CA-2017-142461,2017-05-30,2017-06-03,KT-16480,169,1,204.6664,-6.0196,0.32,2017,5,False
CA-2016-125220,2016-10-14,2016-10-19,BE-11410,1269,5,1649.75,544.4175,0.0,2016,10,True
CA-2014-100293,2014-03-14,2014-03-18,NF-18475,1669,6,91.056,31.8696,0.2,2014,3,False
CA-2014-154165,2014-02-17,2014-02-24,DL-13315,1500,14,54.208,8.8088,0.2,2014,2,False
CA-2015-123939,2015-08-24,2015-08-26,MS-17710,312,3,26.982,4.0473,0.4,2015,8,False
CA-2015-123939,2015-08-24,2015-08-26,MS-17710,180,3,6.912,2.5056,0.2,2015,8,False
CA-2015-123939,2015-08-24,2015-08-26,MS-17710,112,3,435.504,48.9942,0.2,2015,8,False
US-2017-104451,2017-05-08,2017-05-12,MM-18055,644,4,81.08,22.7024,0.0,2017,5,False
CA-2016-101189,2016-02-04,2016-02-09,JB-15400,1377,2,93.02,3.7208,0.0,2016,2,False
CA-2014-169446,2014-12-19,2014-12-25,SG-20605,1322,3,323.976,36.4473,0.2,2014,12,False
CA-2014-169446,2014-12-19,2014-12-25,SG-20605,1826,3,15.552,5.4432,0.2,2014,12,False
CA-2014-169446,2014-12-19,2014-12-25,SG-20605,1354,3,32.592,-7.7406,0.2,2014,12,False
CA-2017-156958,2017-12-05,2017-12-06,PB-18805,699,5,83.92,29.372,0.2,2017,12,False
CA-2017-156958,2017-12-05,2017-12-06,PB-18805,584,5,199.9,39.98,0.0,2017,12,False
CA-2017-156958,2017-12-05,2017-12-06,PB-18805,478,3,31.176,-7.0146,0.2,2017,12,False
CA-2017-156958,2017-12-05,2017-12-06,PB-18805,717,6,172.752,60.4632,0.2,2017,12,False
CA-2017-156958,2017-12-05,2017-12-06,PB-18805,639,2,9.296,3.0212,0.2,2017,12,False
CA-2017-101637,2017-03-24,2017-03-25,AC-10615,928,2,12.768,0.9576,0.2,2017,3,False
CA-2017-111759,2017-07-08,2017-07-12,MR-17545,537,2,52.76,24.2696,0.0,2017,7,False
CA-2017-102729,2017-10-26,2017-10-31,BF-11215,1103,2,55.616,5.5616,0.2,2017,10,False
CA-2016-116596,2016-10-27,2016-10-31,BW-11200,1082,14,427.644,80.7772,0.1,2016,10,False
CA-2016-116596,2016-10-27,2016-10-31,BW-11200,123,7,40.67,12.6077,0.0,2016,10,False
CA-2016-116596,2016-10-27,2016-10-31,BW-11200,1355,2,33.48,1.3392,0.0,2016,10,False
CA-2016-116596,2016-10-27,2016-10-31,BW-11200,1310,2,9.728,3.2832,0.2,2016,10,False
CA-2017-124191,2017-06-12,2017-06-14,TS-21610,569,3,8.856,-6.8634,0.6,2017,6,False
CA-2016-148747,2016-09-25,2016-09-27,AS-10045,168,2,477.666,84.294,0.15,2016,9,False
US-2017-169488,2017-09-07,2017-09-09,AA-10375,273,5,16.9,7.774,0.0,2017,9,False
US-2017-169488,2017-09-07,2017-09-09,AA-10375,1694,2,39.96,18.7812,0.0,2017,9,False
CA-2015-135727,2015-05-11,2015-05-16,PS-18970,738,7,191.968,16.7972,0.2,2015,5,False
CA-2015-135251,2015-08-06,2015-08-10,RP-19270,214,3,35.52,13.32,0.2,2015,8,False
CA-2015-135251,2015-08-06,2015-08-10,RP-19270,256,5,6.23,-9.6565,0.8,2015,8,False
CA-2015-135251,2015-08-06,2015-08-10,RP-19270,1690,2,56.704,19.1376,0.2,2015,8,False
CA-2015-135251,2015-08-06,2015-08-10,RP-19270,1191,3,369.1992,-114.0174,0.32,2015,8,False
CA-2014-166590,2014-10-29,2014-11-02,NC-18625,1051,2,1.98,0.891,0.0,2014,10,False
CA-2014-166590,2014-10-29,2014-11-02,NC-18625,1456,2,75.88,35.6636,0.0,2014,10,False
CA-2016-131744,2016-06-18,2016-06-20,SC-20770,1685,2,6.848,2.14,0.2,2016,6,False
CA-2016-131744,2016-06-18,2016-06-20,SC-20770,499,2,4.626,-3.855,0.7,2016,6,False
CA-2016-131744,2016-06-18,2016-06-20,SC-20770,800,3,453.6,90.72,0.2,2016,6,False
CA-2015-160864,2015-05-03,2015-05-06,NF-18595,235,3,13.848,5.193,0.2,2015,5,False
CA-2015-147690,2015-11-10,2015-11-14,SC-20020,905,6,577.584,43.3188,0.2,2015,11,True
CA-2015-163923,2015-05-30,2015-06-03,BD-11560,918,4,151.96,36.4704,0.0,2015,5,False
CA-2016-125724,2016-09-22,2016-09-27,SM-20950,135,7,68.432,8.554,0.2,2016,9,False
CA-2015-111612,2015-11-28,2015-12-02,EB-14110,1440,5,71.12,9.779,0.2,2015,11,False
CA-2015-111612,2015-11-28,2015-12-02,EB-14110,1499,2,3.008,0.564,0.2,2015,11,False
CA-2015-156853,2015-12-03,2015-12-05,HP-14815,1722,7,184.66,84.9436,0.0,2015,12,False
CA-2014-103086,2014-10-17,2014-10-19,EB-14170,677,2,5.312,-1.5936,0.6,2014,10,False
CA-2016-129280,2016-05-03,2016-05-05,SM-20905,911,5,132.52,34.7865,0.2,2016,5,False
CA-2016-129280,2016-05-03,2016-05-05,SM-20905,1552,5,195.64,-44.019,0.2,2016,5,False
CA-2016-129280,2016-05-03,2016-05-05,SM-20905,465,2,51.968,10.3936,0.2,2016,5,False
CA-2016-129280,2016-05-03,2016-05-05,SM-20905,1026,3,431.976,-75.5958,0.2,2016,5,False
CA-2016-129280,2016-05-03,2016-05-05,SM-20905,429,3,224.937,-164.9538,0.7,2016,5,False
CA-2016-129280,2016-05-03,2016-05-05,SM-20905,204,2,6.0,2.1,0.2,2016,5,False
CA-2015-161242,2015-06-01,2015-06-08,CG-12040,108,2,11.76,5.7624,0.0,2015,6,False
CA-2014-130428,2014-03-31,2014-03-31,TG-21640,759,7,1125.488,98.4802,0.2,2014,3,True
CA-2014-130428,2014-03-31,2014-03-31,TG-21640,900,5,12.645,-10.116,0.7,2014,3,False
CA-2014-130428,2014-03-31,2014-03-31,TG-21640,334,2,4.032,1.0584,0.2,2014,3,False
CA-2017-104388,2017-07-05,2017-07-07,DK-12835,149,4,79.96,22.3888,0.0,2017,7,False
CA-2015-113131,2015-09-24,2015-09-24,MB-17305,83,6,6.732,-4.488,0.7,2015,9,False
CA-2015-113131,2015-09-24,2015-09-24,MB-17305,1554,2,33.568,1.6784,0.2,2015,9,False
CA-2015-113131,2015-09-24,2015-09-24,MB-17305,7,2,15.84,5.544,0.2,2015,9,False
CA-2015-113131,2015-09-24,2015-09-24,MB-17305,178,1,24.424,7.9378,0.2,2015,9,False
CA-2015-113131,2015-09-24,2015-09-24,MB-17305,1156,5,17.12,1.926,0.2,2015,9,False
CA-2015-148495,2015-08-13,2015-08-13,SF-20065,1586,3,31.56,10.4148,0.0,2015,8,False
CA-2015-143147,2015-05-26,2015-05-28,PS-18760,1173,1,105.686,-28.6862,0.3,2015,5,False
CA-2015-143147,2015-05-26,2015-05-28,PS-18760,1503,2,399.54,-79.908,0.4,2015,5,False
CA-2015-143147,2015-05-26,2015-05-28,PS-18760,765,5,104.93,-4.497,0.3,2015,5,False
CA-2017-152975,2017-09-14,2017-09-16,RB-19705,1645,3,1079.85,323.955,0.0,2017,9,True
CA-2017-152975,2017-09-14,2017-09-16,RB-19705,1437,1,70.98,3.549,0.0,2017,9,False
CA-2017-152975,2017-09-14,2017-09-16,RB-19705,374,5,29.95,8.6855,0.0,2017,9,False
CA-2017-152975,2017-09-14,2017-09-16,RB-19705,1205,5,589.41,-6.549,0.1,2017,9,True
CA-2016-107475,2016-06-07,2016-06-11,RS-19870,908,6,9.648,3.4974,0.2,2016,6,False
CA-2017-116127,2017-06-25,2017-06-27,SB-20185,498,1,400.784,-5.0098,0.2,2017,6,False
CA-2017-132584,2017-08-26,2017-08-27,HJ-14875,1109,4,53.72,13.9672,0.0,2017,8,False
CA-2016-160598,2016-08-26,2016-08-28,SV-20815,1732,1,31.008,11.2404,0.2,2016,8,False
CA-2016-108630,2016-11-18,2016-11-18,BE-11410,1336,5,61.12,22.156,0.2,2016,11,False
US-2017-129203,2017-04-17,2017-04-22,BM-11575,418,4,195.136,-43.9056,0.2,2017,4,False
CA-2017-110940,2017-07-23,2017-07-28,AZ-10750,888,4,121.536,15.192,0.2,2017,7,False
CA-2014-119172,2014-05-11,2014-05-15,HD-14785,340,3,17.472,5.6784,0.2,2014,5,False
CA-2014-119172,2014-05-11,2014-05-15,HD-14785,233,9,104.58,-172.557,0.8,2014,5,False
US-2016-105452,2016-07-28,2016-08-01,BF-11005,577,5,24.7,-9.88,0.6,2016,7,False
US-2016-105452,2016-07-28,2016-08-01,BF-11005,1537,5,302.72,-378.4,0.6,2016,7,False
CA-2017-108931,2017-09-14,2017-09-19,HZ-14950,1771,2,8.56,3.852,0.0,2017,9,False
CA-2017-108931,2017-09-14,2017-09-19,HZ-14950,1778,2,11.56,5.6644,0.0,2017,9,False
CA-2017-104619,2017-01-24,2017-01-29,KD-16495,78,3,25.86,6.7236,0.0,2017,1,False
CA-2017-104619,2017-01-24,2017-01-29,KD-16495,894,2,276.784,89.9548,0.2,2017,1,False
CA-2017-104619,2017-01-24,2017-01-29,KD-16495,939,3,110.352,8.2764,0.2,2017,1,False
CA-2015-149517,2015-09-19,2015-09-23,FC-14245,1444,3,60.84,19.4688,0.0,2015,9,False
CA-2015-116841,2015-04-14,2015-04-18,TP-21130,79,1,35.208,2.6406,0.2,2015,4,False
CA-2017-107797,2017-05-08,2017-05-11,EB-13705,1789,8,41.472,14.5152,0.2,2017,5,False
CA-2016-117604,2016-09-04,2016-09-09,JP-15520,1668,5,239.5,114.96,0.0,2016,9,False
CA-2014-130155,2014-05-19,2014-05-22,TD-20995,87,5,34.2,9.234,0.0,2014,5,False
CA-2016-129861,2016-06-17,2016-06-23,DM-13345,826,3,376.866,-213.5574,0.4,2016,6,False
CA-2015-138625,2015-11-02,2015-11-05,EG-13900,606,4,197.72,55.3616,0.0,2015,11,False
US-2017-122672,2017-11-04,2017-11-09,HG-14965,1404,4,70.72,-6.188,0.2,2017,11,False
US-2017-122672,2017-11-04,2017-11-09,HG-14965,416,3,194.352,-43.7292,0.2,2017,11,False
CA-2017-117128,2017-12-05,2017-12-08,BF-11080,1529,6,21.6,9.936,0.0,2017,12,False
CA-2017-117128,2017-12-05,2017-12-08,BF-11080,230,3,11.07,5.2029,0.0,2017,12,False
CA-2016-130638,2016-05-16,2016-05-19,SC-20095,1536,4,282.84,19.7988,0.0,2016,5,False
CA-2016-130638,2016-05-16,2016-05-19,SC-20095,188,9,27.72,13.3056,0.0,2016,5,False
CA-2017-144365,2017-10-24,2017-10-30,CS-11950,1499,4,11.68,5.256,0.0,2017,10,False
CA-2016-110086,2016-09-18,2016-09-22,BD-11320,1285,2,239.984,23.9984,0.2,2016,9,False
CA-2014-128524,2014-11-11,2014-11-13,MZ-17515,302,1,22.98,6.894,0.0,2014,11,False
CA-2014-128524,2014-11-11,2014-11-13,MZ-17515,313,7,102.13,15.3195,0.0,2014,11,False
CA-2014-128524,2014-11-11,2014-11-13,MZ-17515,650,2,2033.584,762.594,0.2,2014,11,True
CA-2016-140256,2016-08-22,2016-08-29,PW-19030,1155,2,5.76,1.6704,0.0,2016,8,False
CA-2017-160633,2017-11-16,2017-11-21,BS-11380,804,3,899.982,74.9985,0.4,2017,11,True
CA-2017-160633,2017-11-16,2017-11-21,BS-11380,1231,3,86.352,5.397,0.2,2017,11,False
CA-2017-160633,2017-11-16,2017-11-21,BS-11380,1010,5,139.96,-1.7495,0.2,2017,11,False
CA-2014-115133,2014-09-26,2014-09-30,DA-13450,862,6,16.704,1.2528,0.2,2014,9,False
CA-2014-115133,2014-09-26,2014-09-30,DA-13450,1058,2,3.152,0.4728,0.2,2014,9,False
CA-2014-115133,2014-09-26,2014-09-30,DA-13450,1081,4,32.896,11.1024,0.2,2014,9,False
CA-2017-137449,2017-06-29,2017-06-30,ME-17725,304,2,21.392,-54.5496,0.8,2017,6,False
CA-2017-137449,2017-06-29,2017-06-30,ME-17725,324,3,307.314,-39.5118,0.3,2017,6,False
CA-2017-137449,2017-06-29,2017-06-30,ME-17725,1192,3,409.9992,-96.4704,0.32,2017,6,False
CA-2017-103520,2017-09-23,2017-09-25,MH-17785,1682,2,9.248,3.3524,0.2,2017,9,False
CA-2014-139283,2014-11-23,2014-11-27,BT-11440,1588,3,14.67,6.7482,0.0,2014,11,False
CA-2014-118192,2014-01-13,2014-01-18,MM-17920,1709,7,37.408,13.0928,0.2,2014,1,False
CA-2014-118192,2014-01-13,2014-01-18,MM-17920,258,2,3.438,-2.5212,0.7,2014,1,False
CA-2016-168844,2016-05-31,2016-06-06,NM-18520,255,3,7.152,2.3244,0.2,2016,5,False
CA-2016-168844,2016-05-31,2016-06-06,NM-18520,936,6,179.7,88.053,0.0,2016,5,False
CA-2017-154809,2017-02-13,2017-02-17,MH-17455,821,8,90.64,38.9752,0.0,2017,2,False
CA-2014-151330,2014-10-14,2014-10-17,TC-21295,1607,3,177.0,30.09,0.0,2014,10,False
CA-2014-151330,2014-10-14,2014-10-17,TC-21295,1449,7,79.45,22.246,0.0,2014,10,False
CA-2014-151330,2014-10-14,2014-10-17,TC-21295,1206,9,1628.82,260.6112,0.0,2014,10,True
CA-2014-124702,2014-11-18,2014-11-25,MH-17785,880,2,137.54,55.016,0.0,2014,11,False
CA-2014-124702,2014-11-18,2014-11-25,MH-17785,977,4,730.2,94.926,0.0,2014,11,True
US-2017-125808,2017-11-12,2017-11-15,EP-13915,1682,2,11.56,5.6644,0.0,2017,11,False
CA-2015-116638,2015-01-28,2015-01-31,JH-15985,425,13,4297.644,-1862.3124,0.4,2015,1,True
CA-2014-104563,2014-03-07,2014-03-12,CM-12715,1162,5,20.65,9.499,0.0,2014,3,False
CA-2014-104563,2014-03-07,2014-03-12,CM-12715,469,5,204.9,0.0,0.0,2014,3,False
CA-2014-104563,2014-03-07,2014-03-12,CM-12715,1211,6,436.704,21.8352,0.2,2014,3,False
CA-2014-104563,2014-03-07,2014-03-12,CM-12715,761,2,481.568,54.1764,0.2,2014,3,False
US-2017-107979,2017-06-08,2017-06-13,FO-14305,1070,7,89.544,12.3123,0.2,2017,6,False
US-2017-107979,2017-06-08,2017-06-13,FO-14305,1352,2,35.168,-8.3524,0.2,2017,6,False
US-2017-107979,2017-06-08,2017-06-13,FO-14305,716,2,72.588,-48.392,0.7,2017,6,False
CA-2014-150518,2014-11-19,2014-11-24,MW-18220,1339,4,221.16,57.5016,0.0,2014,11,False
CA-2014-150518,2014-11-19,2014-11-24,MW-18220,933,3,281.97,78.9516,0.0,2014,11,False
CA-2016-107104,2016-11-26,2016-11-30,MS-17365,498,8,3406.664,160.3136,0.15,2016,11,True
CA-2016-107104,2016-11-26,2016-11-30,MS-17365,1115,9,37.17,10.4076,0.0,2016,11,False
CA-2016-107104,2016-11-26,2016-11-30,MS-17365,307,2,64.96,19.488,0.0,2016,11,False
CA-2016-107104,2016-11-26,2016-11-30,MS-17365,727,6,595.38,297.69,0.0,2016,11,True
CA-2017-161893,2017-01-23,2017-01-27,HP-14815,1013,2,95.984,11.998,0.2,2017,1,False
CA-2017-161893,2017-01-23,2017-01-27,HP-14815,1643,2,4.938,-3.6212,0.7,2017,1,False
CA-2014-156160,2014-09-22,2014-09-29,AS-10090,465,3,97.44,35.0784,0.0,2014,9,False
CA-2014-156160,2014-09-22,2014-09-29,AS-10090,410,1,3.984,1.3944,0.2,2014,9,False
CA-2014-156160,2014-09-22,2014-09-29,AS-10090,252,4,13.04,5.7376,0.0,2014,9,False
CA-2014-156160,2014-09-22,2014-09-29,AS-10090,1209,4,579.528,83.7096,0.1,2014,9,True
CA-2014-100860,2014-03-26,2014-03-30,CS-12505,1454,5,18.75,9.0,0.0,2014,3,False
CA-2016-160717,2016-06-06,2016-06-11,ME-17320,1388,9,3023.928,226.7946,0.2,2016,6,True
CA-2016-160717,2016-06-06,2016-06-11,ME-17320,1356,2,26.96,3.7744,0.0,2016,6,False
CA-2016-160717,2016-06-06,2016-06-11,ME-17320,347,3,477.6,161.19,0.2,2016,6,False
CA-2017-132619,2017-08-31,2017-09-05,MS-17770,1475,3,193.95,9.6975,0.0,2017,8,False
US-2015-120957,2015-12-07,2015-12-07,KH-16690,1814,2,12.96,6.2208,0.0,2015,12,False
CA-2017-157448,2017-11-16,2017-11-20,LC-16885,584,3,119.94,23.988,0.0,2017,11,False
CA-2017-157448,2017-11-16,2017-11-20,LC-16885,575,3,12.42,4.4712,0.0,2017,11,False
CA-2016-126270,2016-04-23,2016-04-27,AF-10870,1337,7,18.088,6.5569,0.2,2016,4,False
CA-2016-126270,2016-04-23,2016-04-27,AF-10870,1335,3,71.97,35.985,0.0,2016,4,False
CA-2017-145275,2017-04-02,2017-04-06,AH-10465,207,3,14.94,6.8724,0.0,2017,4,False
CA-2015-133396,2015-08-13,2015-08-15,GK-14620,1114,7,64.68,8.085,0.2,2015,8,False
US-2017-140312,2017-11-13,2017-11-19,KL-16645,1396,5,22.0,1.375,0.2,2017,11,False
CA-2016-114867,2016-12-23,2016-12-28,FM-14290,1741,2,7.968,2.6892,0.2,2016,12,False
CA-2016-114867,2016-12-23,2016-12-28,FM-14290,970,5,1499.97,-374.9925,0.4,2016,12,True
US-2014-164644,2014-07-22,2014-07-24,JL-15850,636,1,26.632,1.3316,0.2,2014,7,False
CA-2016-137393,2016-05-06,2016-05-10,GM-14500,625,4,41.6,14.144,0.0,2016,5,False
US-2014-120175,2014-11-28,2014-12-03,MC-17635,974,6,64.02,29.4492,0.0,2014,11,False
CA-2016-144785,2016-04-18,2016-04-23,CS-12490,138,3,6.99,2.0271,0.0,2016,4,False
CA-2016-144785,2016-04-18,2016-04-23,CS-12490,86,1,6.84,1.8468,0.0,2016,4,False
CA-2015-130113,2015-12-27,2015-12-31,AH-10030,661,2,323.1,61.389,0.0,2015,12,False
CA-2015-130113,2015-12-27,2015-12-31,AH-10030,732,9,668.16,75.168,0.2,2015,12,True
CA-2017-122770,2017-12-13,2017-12-18,EP-13915,197,3,8.64,4.2336,0.0,2017,12,False
CA-2017-122770,2017-12-13,2017-12-18,EP-13915,1788,6,38.88,18.6624,0.0,2017,12,False
CA-2017-122770,2017-12-13,2017-12-18,EP-13915,563,8,201.04,54.2808,0.0,2017,12,False
CA-2017-122770,2017-12-13,2017-12-18,EP-13915,1765,2,12.96,6.3504,0.0,2017,12,False
CA-2017-118668,2017-01-02,2017-01-04,FW-14395,953,1,16.59,5.8065,0.0,2017,1,False
CA-2017-116498,2017-05-30,2017-06-03,KA-16525,526,6,35.1,10.179,0.0,2017,5,False
US-2017-130603,2017-09-30,2017-10-06,SC-20050,691,9,11.646,-17.469,0.8,2017,9,False
US-2017-135986,2017-06-20,2017-06-27,PG-18895,1828,5,32.4,15.552,0.0,2017,6,False
US-2017-135986,2017-06-20,2017-06-27,PG-18895,342,4,503.96,125.99,0.0,2017,6,True
CA-2017-140536,2017-04-04,2017-04-05,TA-21385,1133,4,7.04,2.0416,0.0,2017,4,False
CA-2015-130183,2015-11-13,2015-11-17,PO-18850,169,3,613.9992,-18.0588,0.32,2015,11,True
CA-2015-107902,2015-08-28,2015-09-02,SM-20950,1368,11,470.36,122.2936,0.0,2015,8,False
CA-2017-130148,2017-09-24,2017-09-28,NK-18490,158,6,31.08,15.2292,0.0,2017,9,False
CA-2017-130148,2017-09-24,2017-09-28,NK-18490,102,2,7.3,2.19,0.0,2017,9,False
US-2016-151260,2016-12-11,2016-12-14,SC-20695,302,4,73.536,9.192,0.2,2016,12,False
CA-2014-144281,2014-06-10,2014-06-15,HK-14890,534,5,491.55,240.8595,0.0,2014,6,False
CA-2016-122511,2016-03-11,2016-03-11,BT-11485,480,4,30.336,9.48,0.2,2016,3,False
CA-2017-154116,2017-12-15,2017-12-19,KM-16660,1653,3,22.83,10.7301,0.0,2017,12,False
CA-2017-154116,2017-12-15,2017-12-19,KM-16660,865,4,54.32,16.296,0.0,2017,12,False
CA-2017-154116,2017-12-15,2017-12-19,KM-16660,1239,3,196.776,14.7582,0.2,2017,12,False
CA-2016-105291,2016-10-30,2016-11-04,SP-20920,161,2,3.62,1.1946,0.0,2016,10,False
CA-2017-147032,2017-07-31,2017-08-04,LB-16795,261,1,11.54,5.5392,0.0,2017,7,False
CA-2017-147032,2017-07-31,2017-08-04,LB-16795,648,5,849.95,390.977,0.0,2017,7,True
CA-2017-147032,2017-07-31,2017-08-04,LB-16795,339,3,11.01,5.3949,0.0,2017,7,False
CA-2017-125990,2017-10-19,2017-10-23,JS-16030,931,3,39.624,13.8684,0.2,2017,10,False
CA-2016-161746,2016-10-21,2016-10-27,CS-11950,1212,3,242.136,12.1068,0.2,2016,10,False
CA-2016-161746,2016-10-21,2016-10-27,CS-11950,1162,3,12.39,5.6994,0.0,2016,10,False
CA-2016-161746,2016-10-21,2016-10-27,CS-11950,571,2,19.96,5.5888,0.0,2016,10,False
CA-2016-161746,2016-10-21,2016-10-27,CS-11950,1364,3,340.92,3.4092,0.0,2016,10,False
CA-2014-114251,2014-11-05,2014-11-10,MD-17350,1534,2,273.568,-34.196,0.2,2014,11,False
CA-2014-114251,2014-11-05,2014-11-10,MD-17350,1639,2,13.194,-8.796,0.7,2014,11,False
CA-2014-114251,2014-11-05,2014-11-10,MD-17350,1551,6,1080.096,-94.5084,0.2,2014,11,True
CA-2014-114251,2014-11-05,2014-11-10,MD-17350,1459,5,51.56,-6.445,0.2,2014,11,False
CA-2014-114251,2014-11-05,2014-11-10,MD-17350,1071,2,58.416,16.7946,0.2,2014,11,False
CA-2016-116379,2016-11-07,2016-11-12,LD-17005,717,2,57.584,20.1544,0.2,2016,11,False
US-2016-144477,2016-08-12,2016-08-14,DB-13270,351,4,37.312,2.7984,0.2,2016,8,False
CA-2016-108210,2016-05-30,2016-05-31,AT-10735,149,5,79.96,7.996,0.2,2016,5,False
CA-2016-108210,2016-05-30,2016-05-31,AT-10735,1463,5,223.96,11.198,0.2,2016,5,False
CA-2017-166835,2017-11-12,2017-11-14,DK-13375,1366,2,221.024,-55.256,0.2,2017,11,False
CA-2016-119641,2016-09-22,2016-09-26,CS-12250,490,2,18.96,7.584,0.0,2016,9,False
CA-2016-105781,2016-02-16,2016-02-20,JF-15565,841,3,326.646,39.9234,0.1,2016,2,False
CA-2016-105781,2016-02-16,2016-02-20,JF-15565,993,3,89.97,39.5868,0.0,2016,2,False
CA-2014-101364,2014-12-22,2014-12-26,TW-21025,992,13,296.712,100.1403,0.2,2014,12,False
CA-2015-117898,2015-12-05,2015-12-11,TB-21250,1431,2,12.224,4.4312,0.2,2015,12,False
CA-2017-142293,2017-09-17,2017-09-20,SC-20380,1012,3,89.97,37.7874,0.0,2017,9,False
CA-2017-167395,2017-12-02,2017-12-04,KM-16720,298,7,286.86,80.3208,0.0,2017,12,False
CA-2017-167395,2017-12-02,2017-12-04,KM-16720,725,5,979.95,284.1855,0.0,2017,12,True
CA-2017-167395,2017-12-02,2017-12-04,KM-16720,1496,2,4.36,0.1744,0.0,2017,12,False
CA-2014-111962,2014-09-29,2014-10-04,EB-14170,709,2,10.048,3.14,0.2,2014,9,False
CA-2014-111962,2014-09-29,2014-10-04,EB-14170,661,5,807.75,153.4725,0.0,2014,9,True
CA-2017-124261,2017-11-14,2017-11-19,JE-15715,1156,8,34.24,9.9296,0.0,2017,11,False
CA-2014-114321,2014-08-20,2014-08-25,NC-18535,1376,13,500.24,145.0696,0.0,2014,8,True
CA-2014-114321,2014-08-20,2014-08-25,NC-18535,1348,2,20.12,9.2552,0.0,2014,8,False
CA-2014-114321,2014-08-20,2014-08-25,NC-18535,686,1,896.99,421.5853,0.0,2014,8,True
CA-2014-128062,2014-11-19,2014-11-22,AD-10180,9,1,5.88,1.9845,0.2,2014,11,False
US-2015-100069,2015-06-29,2015-07-03,NF-18475,430,2,269.98,72.8946,0.0,2015,6,False
CA-2017-129294,2017-03-16,2017-03-21,KD-16615,535,2,310.12,80.6312,0.0,2017,3,False
CA-2017-129294,2017-03-16,2017-03-21,KD-16615,1836,6,70.464,22.9008,0.2,2017,3,False
CA-2017-129294,2017-03-16,2017-03-21,KD-16615,1308,5,19.68,6.888,0.2,2017,3,False
CA-2017-129294,2017-03-16,2017-03-21,KD-16615,337,3,140.67,54.8613,0.0,2017,3,False
CA-2015-117086,2015-11-08,2015-11-12,QJ-19255,1351,5,4404.9,1013.127,0.0,2015,11,True
CA-2017-131303,2017-11-28,2017-12-02,EP-13915,1358,5,62.65,29.4455,0.0,2017,11,False
CA-2016-137127,2016-06-16,2016-06-22,JJ-15445,228,3,9.45,4.536,0.0,2016,6,False
CA-2017-141782,2017-01-21,2017-01-25,BE-11410,128,4,268.576,90.6444,0.2,2017,1,False
CA-2017-137505,2017-11-24,2017-11-24,BP-11290,853,2,364.08,9.102,0.2,2017,11,False
CA-2017-137505,2017-11-24,2017-11-24,BP-11290,835,2,71.088,-1.7772,0.2,2017,11,False
US-2014-140914,2014-11-11,2014-11-15,BH-11710,494,2,10.984,-7.9634,0.6,2014,11,False
US-2014-140914,2014-11-11,2014-11-15,BH-11710,741,4,797.944,-56.996,0.3,2014,11,True
CA-2016-158358,2016-03-04,2016-03-08,EM-13810,1004,2,159.98,57.5928,0.0,2016,3,False
CA-2016-113390,2016-10-11,2016-10-15,EP-13915,244,2,5.344,0.668,0.2,2016,10,False
CA-2016-113390,2016-10-11,2016-10-15,EP-13915,1114,3,27.72,3.465,0.2,2016,10,False
US-2016-158680,2016-07-01,2016-07-02,NZ-18565,1842,1,2.496,0.9048,0.2,2016,7,False
CA-2017-113705,2017-03-27,2017-03-29,LC-16870,176,2,8.26,3.7996,0.0,2017,3,False
CA-2017-113705,2017-03-27,2017-03-29,LC-16870,690,2,17.76,8.88,0.0,2017,3,False
CA-2017-113705,2017-03-27,2017-03-29,LC-16870,419,3,332.94,9.9882,0.0,2017,3,False
CA-2017-113705,2017-03-27,2017-03-29,LC-16870,281,2,292.1,58.42,0.0,2017,3,False
CA-2017-113705,2017-03-27,2017-03-29,LC-16870,1233,5,206.1,55.647,0.0,2017,3,False
CA-2017-113705,2017-03-27,2017-03-29,LC-16870,142,4,17.64,8.1144,0.0,2017,3,False
CA-2016-146913,2016-10-31,2016-11-05,SF-20965,1210,5,1403.92,70.196,0.2,2016,10,True
CA-2017-159135,2017-11-04,2017-11-08,KM-16375,333,2,4.3,1.419,0.0,2017,11,False
CA-2014-121762,2014-02-14,2014-02-18,ML-17395,1003,3,239.97,86.3892,0.0,2014,2,False
CA-2014-121762,2014-02-14,2014-02-18,ML-17395,298,2,81.96,22.9488,0.0,2014,2,False
CA-2014-121762,2014-02-14,2014-02-18,ML-17395,460,2,238.62,4.7724,0.0,2014,2,False
CA-2014-123855,2014-06-18,2014-06-23,MC-18100,1271,5,139.8,12.2325,0.2,2014,6,False
CA-2017-101959,2017-02-28,2017-03-06,DB-13660,1308,2,9.84,4.7232,0.0,2017,2,False
CA-2017-101959,2017-02-28,2017-03-06,DB-13660,1468,1,7.78,3.501,0.0,2017,2,False
CA-2017-102659,2017-12-09,2017-12-15,LW-17215,689,5,54.9,26.901,0.0,2017,12,False
CA-2017-142328,2017-12-07,2017-12-14,TC-21535,1325,6,50.04,25.02,0.0,2017,12,False
CA-2016-123533,2016-11-24,2016-11-30,SC-20050,1186,5,339.92,8.498,0.2,2016,11,False
CA-2016-123533,2016-11-24,2016-11-30,SC-20050,1569,4,10.528,3.4216,0.2,2016,11,False
CA-2016-123533,2016-11-24,2016-11-30,SC-20050,632,2,42.384,4.2384,0.2,2016,11,False
CA-2016-104983,2016-07-03,2016-07-03,FM-14215,1711,5,123.92,38.725,0.2,2016,7,False
CA-2016-160234,2016-06-26,2016-07-03,PF-19225,435,1,135.95,39.4255,0.0,2016,6,False
CA-2014-169019,2014-07-26,2014-07-30,LF-17185,683,8,2177.584,-3701.8928,0.8,2014,7,True
CA-2014-169019,2014-07-26,2014-07-30,LF-17185,481,3,17.496,-10.0602,0.6,2014,7,False
CA-2014-169019,2014-07-26,2014-07-30,LF-17185,699,4,16.784,-26.8544,0.8,2014,7,False
CA-2014-169019,2014-07-26,2014-07-30,LF-17185,1088,9,431.136,-26.946,0.2,2014,7,False
CA-2014-169019,2014-07-26,2014-07-30,LF-17185,690,5,8.88,-13.32,0.8,2014,7,False
CA-2014-169019,2014-07-26,2014-07-30,LF-17185,53,2,4.836,-12.09,0.8,2014,7,False
CA-2016-153178,2016-09-14,2016-09-18,CL-12565,1620,3,437.85,131.355,0.0,2016,9,False
CA-2016-153178,2016-09-14,2016-09-18,CL-12565,680,2,673.568,252.588,0.2,2016,9,True
CA-2015-149748,2015-05-31,2015-06-02,EM-13825,1671,5,274.8,134.652,0.0,2015,5,False
CA-2015-149748,2015-05-31,2015-06-02,EM-13825,645,1,62.18,16.7886,0.0,2015,5,False
CA-2015-149748,2015-05-31,2015-06-02,EM-13825,575,2,8.28,2.9808,0.0,2015,5,False
CA-2015-155635,2015-05-09,2015-05-13,ME-17725,61,3,48.81,23.9169,0.0,2015,5,False
US-2014-114377,2014-11-05,2014-11-05,BG-11035,765,5,149.9,40.473,0.0,2014,11,False
CA-2017-144491,2017-03-27,2017-04-01,CJ-12010,169,5,1023.332,-30.098,0.32,2017,3,True
CA-2017-144491,2017-03-27,2017-04-01,CJ-12010,743,3,600.558,-8.5794,0.3,2017,3,True
CA-2017-144491,2017-03-27,2017-04-01,CJ-12010,955,1,39.992,6.9986,0.2,2017,3,False
CA-2017-144491,2017-03-27,2017-04-01,CJ-12010,757,2,211.246,-66.3916,0.3,2017,3,False
CA-2014-127166,2014-05-21,2014-05-23,KH-16360,1493,6,56.064,21.024,0.2,2014,5,False
CA-2014-127166,2014-05-21,2014-05-23,KH-16360,747,2,107.772,-29.2524,0.3,2014,5,False
CA-2014-127166,2014-05-21,2014-05-23,KH-16360,110,1,4.832,1.6308,0.2,2014,5,False
CA-2014-127166,2014-05-21,2014-05-23,KH-16360,899,3,18.24,-31.008,0.8,2014,5,False
CA-2016-125920,2016-05-21,2016-05-28,SH-19975,408,3,3.798,-5.8869,0.8,2016,5,False
CA-2015-128608,2015-01-12,2015-01-17,CS-12490,277,2,10.368,1.5552,0.2,2015,1,False
CA-2015-128608,2015-01-12,2015-01-17,CS-12490,725,2,235.188,-43.1178,0.4,2015,1,False
CA-2015-128608,2015-01-12,2015-01-17,CS-12490,148,4,26.376,2.6376,0.4,2015,1,False
CA-2015-128608,2015-01-12,2015-01-17,CS-12490,1400,2,10.384,2.2066,0.2,2015,1,False
CA-2015-128608,2015-01-12,2015-01-17,CS-12490,968,3,107.118,-21.4236,0.4,2015,1,False
CA-2017-137918,2017-09-29,2017-10-06,JK-15730,91,7,97.3,28.217,0.0,2017,9,False
CA-2015-122973,2015-07-18,2015-07-20,PJ-19015,542,2,3.328,1.2064,0.2,2015,7,False
CA-2015-122973,2015-07-18,2015-07-20,PJ-19015,1268,1,135.99,36.7173,0.0,2015,7,False
CA-2015-122973,2015-07-18,2015-07-20,PJ-19015,569,1,7.38,2.1402,0.0,2015,7,False
CA-2016-136322,2016-10-21,2016-10-26,AP-10720,1441,2,45.568,9.6832,0.2,2016,10,False
CA-2016-136322,2016-10-21,2016-10-26,AP-10720,694,8,28.752,-21.0848,0.7,2016,10,False
CA-2017-107209,2017-07-27,2017-08-01,JW-15955,770,4,194.848,12.178,0.2,2017,7,False
CA-2017-145093,2017-07-21,2017-07-26,PT-19090,1622,2,2.112,-3.3792,0.8,2017,7,False
US-2014-139640,2014-11-07,2014-11-11,TB-21595,1787,5,25.92,9.072,0.2,2014,11,False
US-2014-139640,2014-11-07,2014-11-11,TB-21595,1228,4,120.768,9.0576,0.2,2014,11,False
CA-2016-117583,2016-11-27,2016-11-30,CB-12025,1811,4,25.92,12.4416,0.0,2016,11,False
CA-2016-117583,2016-11-27,2016-11-30,CB-12025,1131,3,34.65,9.702,0.0,2016,11,False
CA-2016-117583,2016-11-27,2016-11-30,CB-12025,1733,5,204.95,100.4255,0.0,2016,11,False
CA-2016-117583,2016-11-27,2016-11-30,CB-12025,698,5,79.95,38.376,0.0,2016,11,False
CA-2015-162201,2015-06-08,2015-06-12,AG-10495,1740,7,173.488,54.215,0.2,2015,6,False
CA-2015-162201,2015-06-08,2015-06-12,AG-10495,661,4,516.96,-6.462,0.2,2015,6,True
CA-2015-162201,2015-06-08,2015-06-12,AG-10495,116,7,173.208,45.4671,0.2,2015,6,False
CA-2015-162201,2015-06-08,2015-06-12,AG-10495,1153,2,4.448,0.3336,0.2,2015,6,False
CA-2015-162201,2015-06-08,2015-06-12,AG-10495,1454,3,9.0,3.15,0.2,2015,6,False
CA-2015-162201,2015-06-08,2015-06-12,AG-10495,1752,10,42.24,13.2,0.2,2015,6,False
CA-2015-162201,2015-06-08,2015-06-12,AG-10495,1301,2,18.264,-13.3936,0.7,2015,6,False
US-2014-164406,2014-08-15,2014-08-19,BD-11605,1576,3,152.91,42.8148,0.0,2014,8,False
US-2014-164406,2014-08-15,2014-08-19,BD-11605,1711,3,92.94,41.823,0.0,2014,8,False
US-2014-164406,2014-08-15,2014-08-19,BD-11605,247,4,17.856,6.2496,0.2,2014,8,False
US-2014-164406,2014-08-15,2014-08-19,BD-11605,687,3,46.44,15.093,0.2,2014,8,False
US-2014-164406,2014-08-15,2014-08-19,BD-11605,1171,4,195.136,-12.196,0.2,2014,8,False
CA-2017-169999,2017-06-19,2017-06-26,JS-15685,1475,2,129.3,6.465,0.0,2017,6,False
CA-2017-169999,2017-06-19,2017-06-26,JS-15685,1642,3,11.568,3.7596,0.2,2017,6,False
US-2017-152842,2017-07-16,2017-07-23,NF-18385,752,3,242.352,15.147,0.2,2017,7,False
CA-2014-113257,2014-12-16,2014-12-18,SC-20305,1327,4,319.968,95.9904,0.2,2014,12,False
CA-2014-113257,2014-12-16,2014-12-18,SC-20305,1029,7,8.624,-2.5872,0.6,2014,12,False
CA-2014-133963,2014-05-18,2014-05-22,GA-14515,1737,1,3.984,1.4442,0.2,2014,5,False
CA-2017-130302,2017-09-14,2017-09-19,CY-12745,1014,7,895.944,190.3881,0.2,2017,9,True
CA-2016-126627,2016-10-10,2016-10-12,WB-21850,551,4,14.0,-6.3,0.6,2016,10,False
CA-2016-126627,2016-10-10,2016-10-12,WB-21850,1638,2,16.392,-26.2272,0.8,2016,10,False
US-2016-125402,2016-09-25,2016-10-01,DL-12865,141,5,10.9,5.123,0.0,2016,9,False
US-2016-125402,2016-09-25,2016-10-01,DL-12865,134,2,29.6,14.8,0.0,2016,9,False
US-2016-125402,2016-09-25,2016-10-01,DL-12865,223,1,4.98,2.2908,0.0,2016,9,False
US-2016-125402,2016-09-25,2016-10-01,DL-12865,399,3,479.976,161.9919,0.2,2016,9,False
US-2016-125402,2016-09-25,2016-10-01,DL-12865,1452,8,44.736,4.4736,0.2,2016,9,False
US-2016-125402,2016-09-25,2016-10-01,DL-12865,1155,2,5.76,1.6704,0.0,2016,9,False
US-2016-125402,2016-09-25,2016-10-01,DL-12865,736,4,483.136,60.392,0.2,2016,9,False
CA-2014-163867,2014-06-03,2014-06-06,RE-19450,223,4,15.936,5.1792,0.2,2014,6,False
CA-2014-163867,2014-06-03,2014-06-06,RE-19450,470,7,61.544,-40.0036,0.6,2014,6,False
CA-2014-163867,2014-06-03,2014-06-06,RE-19450,1339,3,132.696,9.9522,0.2,2014,6,False
CA-2017-169327,2017-09-02,2017-09-04,MH-17290,78,5,43.1,11.206,0.0,2017,9,False
CA-2017-169327,2017-09-02,2017-09-04,MH-17290,1035,5,511.5,132.99,0.0,2017,9,True
CA-2017-169327,2017-09-02,2017-09-04,MH-17290,719,5,147.92,46.225,0.2,2017,9,False
CA-2014-142979,2014-04-12,2014-04-18,EH-13765,1311,2,39.68,16.2688,0.0,2014,4,False
CA-2016-158155,2016-05-02,2016-05-06,EH-13765,546,2,12.56,4.0192,0.0,2016,5,False
CA-2016-158155,2016-05-02,2016-05-06,EH-13765,1602,3,90.48,33.93,0.2,2016,5,False
CA-2016-158155,2016-05-02,2016-05-06,EH-13765,1473,2,13.08,6.0168,0.0,2016,5,False
CA-2016-158155,2016-05-02,2016-05-06,EH-13765,879,5,214.7,83.733,0.0,2016,5,False
CA-2017-138870,2017-06-19,2017-06-23,GA-14515,483,4,50.32,21.1344,0.0,2017,6,False
CA-2017-138870,2017-06-19,2017-06-23,GA-14515,1691,2,24.56,11.5432,0.0,2017,6,False
CA-2014-120950,2014-11-06,2014-11-11,GA-14515,159,6,43.68,20.9664,0.0,2014,11,False
CA-2015-164301,2015-03-26,2015-03-30,EB-13840,376,8,3393.68,610.8624,0.0,2015,3,True
CA-2017-113278,2017-01-14,2017-01-20,HR-14770,1543,5,67.4,17.524,0.0,2017,1,False
CA-2017-113278,2017-01-14,2017-01-20,HR-14770,283,2,2.52,0.1008,0.0,2017,1,False
CA-2017-113278,2017-01-14,2017-01-20,HR-14770,35,4,67.8,1.356,0.0,2017,1,False
CA-2017-113278,2017-01-14,2017-01-20,HR-14770,1495,2,18.76,5.2528,0.0,2017,1,False
CA-2017-113278,2017-01-14,2017-01-20,HR-14770,920,4,12.12,2.5452,0.0,2017,1,False
CA-2017-113278,2017-01-14,2017-01-20,HR-14770,1661,1,11.34,5.5566,0.0,2017,1,False
CA-2017-113278,2017-01-14,2017-01-20,HR-14770,1089,4,159.8,70.312,0.0,2017,1,False
CA-2017-113278,2017-01-14,2017-01-20,HR-14770,480,2,18.96,8.532,0.0,2017,1,False
US-2015-116981,2015-03-26,2015-03-28,SM-20950,535,7,1085.42,282.2092,0.0,2015,3,True
US-2015-116981,2015-03-26,2015-03-28,SM-20950,525,3,13.11,3.4086,0.0,2015,3,False
CA-2014-114195,2014-11-01,2014-11-03,EA-14035,879,2,68.704,16.3172,0.2,2014,11,False
CA-2014-114195,2014-11-01,2014-11-03,EA-14035,59,2,3.132,-2.61,0.7,2014,11,False
CA-2014-114195,2014-11-01,2014-11-03,EA-14035,711,3,22.428,-17.9424,0.7,2014,11,False
CA-2017-146269,2017-10-06,2017-10-06,MH-17455,112,2,290.336,32.6628,0.2,2017,10,False
CA-2017-146269,2017-10-06,2017-10-06,MH-17455,1500,2,19.152,1.197,0.2,2017,10,False
CA-2016-100587,2016-12-10,2016-12-14,SL-20155,1818,1,6.48,3.1104,0.0,2016,12,False
CA-2016-166653,2016-09-22,2016-09-24,NP-18685,345,2,63.968,19.99,0.2,2016,9,False
CA-2015-130855,2015-12-29,2016-01-05,RF-19840,97,2,6.36,0.0636,0.0,2015,12,False
US-2017-166324,2017-04-20,2017-04-21,BE-11455,1549,4,848.544,-21.2136,0.2,2017,4,True
US-2017-166324,2017-04-20,2017-04-21,BE-11455,1626,5,8.7,-6.38,0.7,2017,4,False
US-2017-166324,2017-04-20,2017-04-21,BE-11455,173,3,122.382,-24.4764,0.4,2017,4,False
CA-2016-122581,2016-08-21,2016-08-25,JK-15370,975,7,573.174,63.686,0.1,2016,8,True
CA-2015-104297,2015-05-29,2015-05-31,CC-12100,537,3,85.056,28.7064,0.2,2015,5,False
CA-2014-153927,2014-08-12,2014-08-13,LL-16840,82,3,14.04,6.7392,0.0,2014,8,False
CA-2014-153927,2014-08-12,2014-08-13,LL-16840,1056,13,272.61,98.1396,0.0,2014,8,False
CA-2014-112291,2014-04-03,2014-04-08,KE-16420,1493,2,11.16,5.58,0.0,2014,4,False
CA-2014-112291,2014-04-03,2014-04-08,KE-16420,601,3,62.31,22.4316,0.0,2014,4,False
CA-2014-112291,2014-04-03,2014-04-08,KE-16420,1003,2,159.98,57.5928,0.0,2014,4,False
CA-2014-146997,2014-01-23,2014-01-27,SG-20605,131,3,5.94,0.0,0.0,2014,1,False
CA-2017-169607,2017-10-12,2017-10-15,CA-12265,1741,2,9.96,4.6812,0.0,2017,10,False
CA-2015-127544,2015-08-08,2015-08-12,RD-19585,1003,1,79.99,28.7964,0.0,2015,8,False
CA-2017-166499,2017-03-19,2017-03-20,VG-21805,532,3,8.94,2.4138,0.0,2017,3,False
US-2016-115441,2016-07-25,2016-07-28,SH-19975,1479,2,20.62,9.6914,0.0,2016,7,False
US-2016-115441,2016-07-25,2016-07-28,SH-19975,1069,7,124.25,48.4575,0.0,2016,7,False
US-2016-115441,2016-07-25,2016-07-28,SH-19975,968,5,297.55,83.314,0.0,2016,7,False
US-2016-115441,2016-07-25,2016-07-28,SH-19975,1212,4,403.56,96.8544,0.0,2016,7,False
US-2016-115441,2016-07-25,2016-07-28,SH-19975,565,5,95.2,27.608,0.0,2016,7,False
CA-2014-115049,2014-09-26,2014-10-01,MM-17920,1060,11,153.824,38.456,0.2,2014,9,False
CA-2014-156342,2014-06-17,2014-06-20,JF-15415,1675,2,62.016,22.4808,0.2,2014,6,False
CA-2016-112830,2016-06-06,2016-06-10,LP-17095,595,3,466.32,34.974,0.2,2016,6,False
CA-2016-112830,2016-06-06,2016-06-10,LP-17095,512,2,82.64,0.0,0.2,2016,6,False
US-2014-117380,2014-03-28,2014-04-03,MP-18175,425,1,330.588,-143.2548,0.4,2014,3,False
CA-2017-117646,2017-08-21,2017-08-25,SC-20845,1330,3,237.096,20.7459,0.2,2017,8,False
CA-2017-117646,2017-08-21,2017-08-25,SC-20845,480,3,22.752,7.11,0.2,2017,8,False
CA-2017-117646,2017-08-21,2017-08-25,SC-20845,1469,1,6.672,2.085,0.2,2017,8,False
CA-2014-122609,2014-11-12,2014-11-18,DP-13000,730,3,25.128,-6.9102,0.6,2014,11,False
CA-2014-122609,2014-11-12,2014-11-18,DP-13000,1004,2,127.984,25.5968,0.2,2014,11,False
US-2015-129007,2015-09-13,2015-09-15,KD-16615,672,7,131.88,55.3896,0.0,2015,9,False
US-2015-129007,2015-09-13,2015-09-15,KD-16615,58,3,25.032,7.8225,0.2,2015,9,False
US-2015-129007,2015-09-13,2015-09-15,KD-16615,740,3,717.72,71.772,0.2,2015,9,True
US-2015-129007,2015-09-13,2015-09-15,KD-16615,561,5,207.35,24.882,0.0,2015,9,False
US-2015-129007,2015-09-13,2015-09-15,KD-16615,1561,3,44.67,12.0609,0.0,2015,9,False
US-2015-129007,2015-09-13,2015-09-15,KD-16615,1700,2,209.7,100.656,0.0,2015,9,False
US-2014-157231,2014-04-05,2014-04-09,RP-19855,904,7,115.36,56.5264,0.0,2014,4,False
CA-2015-132388,2015-10-10,2015-10-12,KN-16390,757,3,362.136,-54.3204,0.2,2015,10,False
CA-2015-132388,2015-10-10,2015-10-12,KN-16390,213,3,31.05,14.904,0.0,2015,10,False
CA-2017-160927,2017-01-29,2017-01-31,TM-21010,1789,2,12.96,6.2208,0.0,2017,1,False
CA-2017-160927,2017-01-29,2017-01-31,TM-21010,1669,5,94.85,45.528,0.0,2017,1,False
CA-2017-160927,2017-01-29,2017-01-31,TM-21010,1543,1,13.48,3.5048,0.0,2017,1,False
CA-2017-160927,2017-01-29,2017-01-31,TM-21010,492,3,14.91,4.6221,0.0,2017,1,False
CA-2015-105508,2015-09-24,2015-09-29,JF-15190,345,1,39.98,17.991,0.0,2015,9,False
CA-2016-149272,2016-03-15,2016-03-19,MY-18295,1173,5,528.43,-143.431,0.3,2016,3,True
CA-2016-149272,2016-03-15,2016-03-19,MY-18295,698,7,22.386,-35.8176,0.8,2016,3,False
CA-2014-111360,2014-11-24,2014-11-30,AT-10435,60,3,5.742,-4.5936,0.7,2014,11,False
US-2017-162124,2017-05-06,2017-05-10,JF-15490,954,4,191.968,28.7952,0.2,2017,5,False
CA-2015-159534,2015-03-20,2015-03-23,DH-13075,1625,3,49.848,16.8237,0.2,2015,3,False
CA-2015-159534,2015-03-20,2015-03-23,DH-13075,1335,1,23.99,11.995,0.0,2015,3,False
CA-2015-159534,2015-03-20,2015-03-23,DH-13075,648,8,1087.936,353.5792,0.2,2015,3,True
CA-2015-159534,2015-03-20,2015-03-23,DH-13075,1236,2,199.98,53.9946,0.0,2015,3,False
CA-2015-159534,2015-03-20,2015-03-23,DH-13075,1554,4,83.92,20.1408,0.0,2015,3,False
CA-2016-129630,2016-09-04,2016-09-04,IM-15055,30,3,24.27,8.7372,0.0,2016,9,False
CA-2016-129630,2016-09-04,2016-09-04,IM-15055,400,5,2799.96,944.9865,0.2,2016,9,True
CA-2015-104948,2015-11-13,2015-11-17,KH-16510,1590,2,9.872,3.4552,0.2,2015,11,False
CA-2015-104948,2015-11-13,2015-11-17,KH-16510,1189,4,683.332,-40.196,0.15,2015,11,True
CA-2015-104948,2015-11-13,2015-11-17,KH-16510,1685,7,29.96,13.482,0.0,2015,11,False
CA-2014-166555,2014-07-11,2014-07-14,JK-15205,438,3,164.85,47.8065,0.0,2014,7,False
CA-2016-114405,2016-04-07,2016-04-12,AS-10240,297,3,33.528,2.5146,0.2,2016,4,False
CA-2016-114405,2016-04-07,2016-04-12,AS-10240,579,3,36.744,3.6744,0.2,2016,4,False
CA-2017-132955,2017-06-24,2017-06-28,SC-20575,701,3,102.93,48.3771,0.0,2017,6,False
CA-2016-164889,2016-06-03,2016-06-06,CP-12340,835,2,71.088,-1.7772,0.2,2016,6,False
CA-2016-169824,2016-12-12,2016-12-17,NS-18640,552,5,60.35,19.9155,0.0,2016,12,False
CA-2016-169824,2016-12-12,2016-12-17,NS-18640,669,4,35.52,9.9456,0.0,2016,12,False
CA-2016-169824,2016-12-12,2016-12-17,NS-18640,1412,7,11.2,4.816,0.0,2016,12,False
CA-2017-164028,2017-11-24,2017-11-30,JL-15835,1074,14,223.58,87.1962,0.0,2017,11,False
CA-2014-143371,2014-12-28,2015-01-03,MD-17350,419,9,998.82,29.9646,0.0,2014,12,True
CA-2014-143371,2014-12-28,2015-01-03,MD-17350,85,5,51.15,13.299,0.0,2014,12,False
CA-2015-145415,2015-04-12,2015-04-17,RD-19660,1354,3,40.74,0.4074,0.0,2015,4,False
CA-2014-111157,2014-03-02,2014-03-06,NH-18610,1761,1,3.424,1.07,0.2,2014,3,False
CA-2014-111157,2014-03-02,2014-03-06,NH-18610,889,3,151.2,32.13,0.2,2014,3,False
CA-2017-121559,2017-06-01,2017-06-03,HW-14935,832,6,1925.88,539.2464,0.0,2017,6,True
CA-2017-121559,2017-06-01,2017-06-03,HW-14935,859,8,2405.2,793.716,0.0,2017,6,True
CA-2017-121559,2017-06-01,2017-06-03,HW-14935,1061,3,83.97,15.9543,0.0,2017,6,False
CA-2017-121559,2017-06-01,2017-06-03,HW-14935,1024,1,39.89,14.7593,0.0,2017,6,False
CA-2017-121559,2017-06-01,2017-06-03,HW-14935,414,2,17.38,8.69,0.0,2017,6,False
CA-2015-141593,2015-12-14,2015-12-16,DB-12970,902,2,55.264,20.724,0.2,2015,12,False
CA-2015-141593,2015-12-14,2015-12-16,DB-12970,1827,1,6.48,3.1104,0.0,2015,12,False
CA-2015-141593,2015-12-14,2015-12-16,DB-12970,692,3,34.248,11.5587,0.2,2015,12,False
CA-2015-141593,2015-12-14,2015-12-16,DB-12970,379,2,273.568,10.2588,0.2,2015,12,False
US-2014-143287,2014-11-11,2014-11-17,KN-16705,1652,5,46.35,21.7845,0.0,2014,11,False
US-2014-143287,2014-11-11,2014-11-17,KN-16705,1664,4,223.92,109.7208,0.0,2014,11,False
US-2014-143287,2014-11-11,2014-11-17,KN-16705,102,2,7.3,2.19,0.0,2014,11,False
CA-2017-137421,2017-10-06,2017-10-11,AJ-10945,254,2,9.344,1.8688,0.2,2017,10,False
CA-2017-141446,2017-09-16,2017-09-18,CL-12700,957,1,18.0,3.24,0.0,2017,9,False
CA-2015-168088,2015-03-19,2015-03-22,CM-12655,1704,2,65.584,23.7742,0.2,2015,3,False
CA-2015-168088,2015-03-19,2015-03-22,CM-12655,383,4,383.4656,-67.6704,0.32,2015,3,False
CA-2015-143700,2015-07-26,2015-07-26,AS-10240,607,2,10.368,3.6288,0.2,2015,7,False
CA-2016-146374,2016-12-05,2016-12-10,HE-14800,592,1,13.4,6.432,0.0,2016,12,False
CA-2016-146374,2016-12-05,2016-12-10,HE-14800,537,1,4.98,2.3406,0.0,2016,12,False
CA-2016-146374,2016-12-05,2016-12-10,HE-14800,3,7,109.69,51.5543,0.0,2016,12,False
CA-2017-153871,2017-12-11,2017-12-17,RB-19435,663,5,40.2,18.09,0.0,2017,12,False
CA-2017-153871,2017-12-11,2017-12-17,RB-19435,897,2,735.98,331.191,0.0,2017,12,True
CA-2017-153871,2017-12-11,2017-12-17,RB-19435,365,7,22.75,6.5975,0.0,2017,12,False
CA-2015-103772,2015-06-28,2015-07-02,MP-17470,706,2,119.56,54.9976,0.0,2015,6,False
CA-2015-103772,2015-06-28,2015-07-02,MP-17470,362,5,140.75,42.225,0.0,2015,6,False
CA-2016-130225,2016-09-11,2016-09-17,RC-19960,395,2,99.568,33.6042,0.2,2016,9,False
US-2016-103674,2016-12-06,2016-12-10,AP-10720,173,5,271.96,27.196,0.2,2016,12,False
US-2016-103674,2016-12-06,2016-12-10,AP-10720,343,7,18.69,5.2332,0.0,2016,12,False
US-2016-103674,2016-12-06,2016-12-10,AP-10720,1767,2,13.36,6.4128,0.0,2016,12,False
US-2016-103674,2016-12-06,2016-12-10,AP-10720,439,2,249.584,31.198,0.2,2016,12,False
US-2016-103674,2016-12-06,2016-12-10,AP-10720,131,7,13.86,0.0,0.0,2016,12,False
US-2016-103674,2016-12-06,2016-12-10,AP-10720,240,4,13.376,4.6816,0.2,2016,12,False
US-2016-103674,2016-12-06,2016-12-10,AP-10720,903,14,437.472,153.1152,0.2,2016,12,False
US-2015-151435,2015-09-06,2015-09-09,SW-20455,942,1,85.98,22.3548,0.0,2015,9,False
CA-2017-163566,2017-08-03,2017-08-06,TB-21055,182,5,16.52,5.369,0.2,2017,8,False
US-2016-157728,2016-09-22,2016-09-28,RC-19960,1326,7,35.56,16.7132,0.0,2016,9,False
US-2016-157728,2016-09-22,2016-09-28,RC-19960,1238,2,97.98,27.4344,0.0,2016,9,False
CA-2015-100251,2015-05-17,2015-05-23,DV-13465,1435,10,31.5,15.12,0.0,2015,5,False
CA-2015-100251,2015-05-17,2015-05-23,DV-13465,91,4,55.6,16.124,0.0,2015,5,False
CA-2016-125794,2016-09-29,2016-10-03,ML-17410,1077,1,36.24,15.2208,0.0,2016,9,False
CA-2017-163629,2017-11-17,2017-11-21,RA-19885,1001,1,79.99,28.7964,0.0,2017,11,False
CA-2017-163629,2017-11-17,2017-11-21,RA-19885,1233,5,206.1,55.647,0.0,2017,11,False
CA-2014-110422,2014-01-21,2014-01-23,TB-21400,1586,3,25.248,4.1028,0.2,2014,1,False
CA-2017-121258,2017-02-26,2017-03-03,DB-13060,1535,2,91.96,15.6332,0.0,2017,2,False
CA-2017-121258,2017-02-26,2017-03-03,DB-13060,47,2,258.576,19.3932,0.2,2017,2,False
CA-2017-121258,2017-02-26,2017-03-03,DB-13060,929,4,29.6,13.32,0.0,2017,2,False
CA-2017-119914,2017-05-04,2017-05-09,CC-12220,54,2,243.16,72.948,0.0,2017,5,False
