product_id,product_name,category,sub_category
386,Bush Somerset Collection Bookcase,Furniture,Bookcases
839,"Hon Deluxe Fabric Upholstered Stacking Chairs, Rounded Back",Furniture,Chairs
1433,Self-Adhesive Address Labels for Typewriters by Universal,Office Supplies,Labels
366,Bretford CR4500 Series Slim Rectangular Table,Furniture,Tables
573,Eldon Fold 'N Roll Cart System,Office Supplies,Storage
570,"Eldon Expressions Wood and Plastic Desk Accessories, Cherry Wood",Furniture,Furnishings
1129,Newell 322,Office Supplies,Art
1092,Mitel 5320 IP Phone VoIP phone,Technology,Phones
499,DXL Angle-View Binders with Locking Rings by Samsill,Office Supplies,Binders
302,Belkin F5C206VTEL 6 Outlet Surge,Office Supplies,Appliances
427,Chromcraft Rectangular Conference Tables,Furniture,Tables
965,Konftel 250 Conference phone - Charcoal black,Technology,Phones
1756,Xerox 1967,Office Supplies,Paper
648,Fellowes PB200 Plastic Comb Binding Machine,Office Supplies,Binders
822,"Holmes Replacement Filter for HEPA Air Cleaner, Very Large Room, HEPA Filter",Office Supplies,Appliances
1512,Storex DuraTech Recycled Plastic Frosted Binders,Office Supplies,Binders
1518,"Stur-D-Stor Shelving, Vertical 5-Shelf: 72""H x 36""W x 18 1/2""D",Office Supplies,Storage
660,Fellowes Super Stor/Drawer,Office Supplies,Storage
1150,Newell 341,Office Supplies,Art
436,Cisco SPA 501G IP Phone,Technology,Phones
1633,"Wilson Jones Hanging View Binder, White, 1""",Office Supplies,Binders
1124,Newell 318,Office Supplies,Art
78,"Acco Six-Outlet Power Strip, 4' Cord Length",Office Supplies,Appliances
746,"Global Deluxe Stacking Chair, Gray",Furniture,Chairs
1624,Wilson Jones Active Use Binders,Office Supplies,Binders
914,Imation 8GB Mini TravelDrive USB 2.0 Flash Drive,Technology,Accessories
1351,"Riverside Palais Royal Lawyers Bookcase, Royale Cherry Finish",Furniture,Bookcases
265,Avery Recycled Flexi-View Covers for Binding Systems,Office Supplies,Binders
881,"Howard Miller 13-3/4"" Diameter Brushed Chrome Round Wall Clock",Furniture,Furnishings
1284,Poly String Tie Envelopes,Office Supplies,Envelopes
279,"BOSTON Model 1800 Electric Pencil Sharpeners, Putty/Woodgrain",Office Supplies,Art
73,"Acco Pressboard Covers with Storage Hooks, 14 7/8"" x 11"", Executive Red",Office Supplies,Binders
1031,Lumber Crayons,Office Supplies,Art
537,Easy-staple paper,Office Supplies,Paper
725,GE 30524EE4,Technology,Phones
593,"Electrix Architect's Clamp-On Swing Arm Lamp, Black",Furniture,Furnishings
6,"#10-4 1/8"" x 9 1/2"" Premium Diagonal Seam Envelopes",Office Supplies,Envelopes
167,"Atlantic Metals Mobile 3-Shelf Bookcases, Custom Colors",Furniture,Bookcases
752,"Global Fabric Manager's Chair, Dark Gray",Furniture,Chairs
1273,Plantronics HL10 Handset Lifter,Technology,Phones
1244,Panasonic Kx-TS550,Technology,Phones
556,"Eldon Base for stackable storage shelf, platinum",Office Supplies,Storage
115,"Advantus 10-Drawer Portable Organizer, Chrome Metal Frame, Smoke Drawers",Office Supplies,Storage
1598,"Verbatim 25 GB 6x Blu-ray Single Layer Recordable Disc, 25/Pack",Technology,Accessories
1637,Wilson Jones Leather-Like Binders with DublLock Round Rings,Office Supplies,Binders
776,"Gould Plastics 9-Pocket Panel Bin, 18-3/8w x 5-1/4d x 20-1/2h, Black",Office Supplies,Storage
915,Imation 8gb Micro Traveldrive Usb 2.0 Flash Drive,Technology,Accessories
967,"LF Elite 3D Dazzle Designer Hard Case Cover, Lf Stylus Pen and Wiper For Apple Iphone 5c Mini Lite",Technology,Phones
394,"C-Line Peel & Stick Add-On Filing Pockets, 8-3/4 x 5-1/8, 10/Pack",Office Supplies,Binders
192,Avery 485,Office Supplies,Labels
1029,Longer-Life Soft White Bulbs,Furniture,Furnishings
760,"Global Leather Task Chair, Black",Furniture,Chairs
122,Advantus Push Pins,Office Supplies,Fasteners
43,AT&T CL83451 4-Handset Telephone,Technology,Phones
824,Home/Office Personal File Carts,Office Supplies,Storage
1830,Xerox 232,Office Supplies,Paper
1174,Novimex Turbo Task Chair,Furniture,Chairs
159,"Array Parchment Paper, Assorted Colors",Office Supplies,Paper
1280,Plastic Binding Combs,Office Supplies,Binders
1298,Prang Dustless Chalk Sticks,Office Supplies,Art
1599,"Verbatim 25 GB 6x Blu-ray Single Layer Recordable Disc, 3/Pack",Technology,Accessories
66,"Acco PRESSTEX Data Binder with Storage Hooks, Dark Blue, 14 7/8"" X 11""",Office Supplies,Binders
1731,Xerox 1943,Office Supplies,Paper
1034,Luxo Economy Swing Arm Lamp,Furniture,Furnishings
770,"Global Value Mid-Back Manager's Chair, Gray",Furniture,Chairs
885,"Hunt BOSTON Model 1606 High-Volume Electric Pencil Sharpener, Beige",Office Supplies,Art
1849,netTALK DUO VoIP Telephone Service,Technology,Phones
1456,"Snap-A-Way Black Print Carbonless Ruled Speed Letter, Triplicate",Office Supplies,Paper
235,Avery Binding System Hidden Tab Executive Style Index Sets,Office Supplies,Binders
1530,"Telephone Message Books with Fax/Mobile Section, 5 1/2"" x 3 3/16""",Office Supplies,Paper
814,High-Back Leather Manager's Chair,Furniture,Chairs
1546,"Tenex Traditional Chairmats for Medium Pile Carpet, Standard Lip, 36"" x 48""",Furniture,Furnishings
1382,Safco Industrial Wire Shelving System,Office Supplies,Storage
542,Economy Binders,Office Supplies,Binders
30,"6"" Cubicle Wall Clock, Black",Furniture,Furnishings
1449,"SimpliFile Personal File, Black Granite, 15w x 6-15/16d x 11-1/4h",Office Supplies,Storage
564,"Eldon Expressions Desk Accessory, Wood Pencil Holder, Oak",Furniture,Furnishings
8,"1.7 Cubic Foot Compact ""Cube"" Office Refrigerators",Office Supplies,Appliances
247,Avery Heavy-Duty EZD  Binder With Locking Rings,Office Supplies,Binders
1304,"Premium Writing Pencils, Soft, #2 by Central Association for the Blind",Office Supplies,Art
1466,"Sortfiler Multipurpose Personal File Organizer, Black",Office Supplies,Storage
940,Jet-Pak Recycled Peel 'N' Seal Padded Mailers,Office Supplies,Envelopes
1381,Safco Industrial Wire Shelving,Office Supplies,Storage
1173,Novimex Swivel Fabric Task Chair,Furniture,Chairs
1023,Logitech LS21 Speaker System - PC Multimedia - 2.1-CH - Wired,Technology,Accessories
221,Avery 511,Office Supplies,Labels
582,Eldon Portable Mobile Manager,Office Supplies,Storage
1579,Turquoise Lead Holder with Pocket Clip,Office Supplies,Art
1787,Xerox 1995,Office Supplies,Paper
1791,Xerox 1999,Office Supplies,Paper
1440,"Seth Thomas 13 1/2"" Wall Clock",Furniture,Furnishings
904,Ibico Standard Transparent Covers,Office Supplies,Binders
673,Flexible Leather- Look Classic Collection Ring Binder,Office Supplies,Binders
31,9-3/4 Diameter Round Wall Clock,Furniture,Furnishings
1573,Trimflex Flexible Post Binders,Office Supplies,Binders
637,Fellowes Basic Home/Office Series Surge Protectors,Office Supplies,Appliances
261,Avery Personal Creations Heavyweight Cards,Office Supplies,Paper
1405,SanDisk Ultra 64 GB MicroSDHC Class 10 Memory Card,Technology,Accessories
255,Avery Hidden Tab Dividers for Binding Systems,Office Supplies,Binders
1589,Universal Premium White Copier/Laser Paper (20Lb. and 87 Bright),Office Supplies,Paper
1007,Logitech K350 2.4Ghz Wireless Keyboard,Technology,Accessories
511,"Deflect-o DuraMat Lighweight, Studded, Beveled Mat for Low Pile Carpeting",Furniture,Furnishings
270,"Avery Trapezoid Ring Binder, 3"" Capacity, Black, 1040 sheets",Office Supplies,Binders
1078,Memorex Mini Travel Drive 8 GB USB 2.0 Flash Drive,Technology,Accessories
1478,Speck Products Candyshell Flip Case,Technology,Phones
1162,Newell Chalk Holder,Office Supplies,Art
1021,Logitech Gaming G510s - Keyboard,Technology,Accessories
1040,Magnifier Swing Arm Lamp,Furniture,Furnishings
888,"Hunt PowerHouse Electric Pencil Sharpener, Blue",Office Supplies,Art
237,"Avery Durable Plastic 1"" Binders",Office Supplies,Binders
1197,"OIC Colored Binder Clips, Assorted Sizes",Office Supplies,Fasteners
1340,"Redi-Strip #10 Envelopes, 4 1/8 x 9 1/2",Office Supplies,Envelopes
1707,Xerox 1921,Office Supplies,Paper
1581,"Tyvek  Top-Opening Peel & Seel Envelopes, Plain White",Office Supplies,Envelopes
854,Hon Racetrack Conference Tables,Furniture,Tables
681,GBC DocuBind 300 Electric Binding Machine,Office Supplies,Binders
160,Artistic Insta-Plaque,Furniture,Furnishings
461,"Companion Letter/Legal File, Black",Office Supplies,Storage
773,Globe Weis Peel & Seel First Class Envelopes,Office Supplies,Envelopes
944,KLD Oscar II Style Snap-on Ultra Thin Side Flip Synthetic Leather Cover Case for HTC One HTC M7,Technology,Phones
743,Global Deluxe High-Back Manager's Chair,Furniture,Chairs
318,Bevis 44 x 96 Conference Tables,Furniture,Tables
241,"Avery Durable Slant Ring Binders, No Labels",Office Supplies,Binders
1572,"Trav-L-File Heavy-Duty Shuttle II, Black",Office Supplies,Storage
768,"Global Task Chair, Black",Furniture,Chairs
558,Eldon Cleatmat Plus Chair Mats for High Pile Carpets,Furniture,Furnishings
149,Anker 36W 4-Port USB Wall Charger Travel Power Adapter for iPhone 5s 5c 5,Technology,Phones
1701,Xerox 1916,Office Supplies,Paper
1499,Staples,Office Supplies,Fasteners
1738,Xerox 195,Office Supplies,Paper
1662,Xerox 1880,Office Supplies,Paper
1407,"Sanford Colorific Colored Pencils, 12/Box",Office Supplies,Art
908,Ideal Clamps,Office Supplies,Fasteners
722,GBC Wire Binding Strips,Office Supplies,Binders
670,Fiskars Softgrip Scissors,Office Supplies,Supplies
1152,Newell 343,Office Supplies,Art
471,Convenience Packs of Business Envelopes,Office Supplies,Envelopes
1696,Xerox 1911,Office Supplies,Paper
1417,Sanyo 2.5 Cubic Foot Mid-Size Office Refrigerators,Office Supplies,Appliances
1442,"Seth Thomas 14"" Putty-Colored Wall Clock",Furniture,Furnishings
1271,Plantronics Cordless Phone Headset with In-line Volume - M214C,Technology,Phones
150,Anker Astro 15000mAh USB Portable Charger,Technology,Phones
701,GBC Prestige Therm-A-Bind Covers,Office Supplies,Binders
296,Belkin 7 Outlet SurgeMaster Surge Protector with Phone Protection,Office Supplies,Appliances
932,Jabra BIZ 2300 Duo QD Duo Corded Headset,Technology,Phones
1469,Southworth 25% Cotton Antique Laid Paper & Envelopes,Office Supplies,Paper
1665,Xerox 1883,Office Supplies,Paper
1543,"Tenex Personal Project File with Scoop Front Design, Black",Office Supplies,Storage
1117,Newell 311,Office Supplies,Art
229,Avery 519,Office Supplies,Labels
174,Avaya 5420 Digital phone,Technology,Phones
1706,Xerox 1920,Office Supplies,Paper
976,Lenovo 17-Key USB Numeric Keypad,Technology,Accessories
1493,Staple envelope,Office Supplies,Envelopes
1636,Wilson Jones International Size A4 Ring Binders,Office Supplies,Binders
276,BIC Brite Liner Highlighters,Office Supplies,Art
985,Lexmark MX611dhe Monochrome Laser Printer,Technology,Machines
1476,Space Solutions HD Industrial Steel Shelving.,Office Supplies,Storage
1363,SAFCO Arco Folding Chair,Furniture,Chairs
1411,Sanford Liquid Accent Highlighters,Office Supplies,Art
950,Kensington 7 Outlet MasterPiece Power Center,Office Supplies,Appliances
930,JBL Micro Wireless Portable Bluetooth Speaker,Technology,Phones
106,"Adams Phone Message Book, Professional, 400 Message Capacity, 5 3/6 x 11",Office Supplies,Paper
1698,Xerox 1913,Office Supplies,Paper
771,"Global Value Steno Chair, Gray",Furniture,Chairs
949,Kensington 7 Outlet MasterPiece HOMEOFFICE Power Control Center,Office Supplies,Appliances
219,Avery 51,Office Supplies,Labels
54,"Acco 7-Outlet Masterpiece Power Center, Wihtout Fax/Phone Line Protection",Office Supplies,Appliances
1226,"Padded Folding Chairs, Black, 4/Carton",Furniture,Chairs
96,Acme Rosewood Handle Letter Opener,Office Supplies,Supplies
1408,"Sanford Colorific Eraseable Coloring Pencils, 12 Count",Office Supplies,Art
1541,"Tenex File Box, Personal Filing Tote with Lid, Black",Office Supplies,Storage
917,Imation Secure+ Hardware Encrypted USB 2.0 Flash Drive; 16GB,Technology,Accessories
46,AT&T TR1909W,Technology,Phones
1164,Nokia Lumia 521 (T-Mobile),Technology,Phones
791,HP Standard 104 key PS/2 Keyboard,Technology,Accessories
262,Avery Poly Binder Pockets,Office Supplies,Binders
1404,SanDisk Ultra 32 GB MicroSDHC Class 10 Memory Card,Technology,Accessories
1261,"Personal Filing Tote with Lid, Black/Gray",Office Supplies,Storage
168,"Atlantic Metals Mobile 4-Shelf Bookcases, Custom Colors",Furniture,Bookcases
890,I Need's 3d Hello Kitty Hybrid Silicone Case Cover for HTC One X 4g with 3d Hello Kitty Stylus Pen Green/pink,Technology,Phones
1800,Xerox 205,Office Supplies,Paper
28,4009 Highlighters by Sanford,Office Supplies,Art
331,"Binney & Smith Crayola Metallic Colored Pencils, 8-Color Set",Office Supplies,Art
334,"Binney & Smith inkTank Erasable Desk Highlighter, Chisel Tip, Yellow, 12/Box",Office Supplies,Art
507,Decoflex Hanging Personal Folder File,Office Supplies,Storage
1305,"Pressboard Covers with Storage Hooks, 9 1/2"" x 11"", Light Blue",Office Supplies,Binders
1649,"Wirebound Message Books, 5-1/2 x 4 Forms, 2 or 4 Forms per Page",Office Supplies,Paper
1471,Southworth 25% Cotton Linen-Finish Paper & Envelopes,Office Supplies,Paper
364,BoxOffice By Design Rectangular and Half-Moon Meeting Room Tables,Furniture,Tables
365,"Bravo II Megaboss 12-Amp Hard Body Upright, Replacement Belts, 2 Belts per Pack",Office Supplies,Appliances
608,Eureka Sanitaire  Commercial Upright,Office Supplies,Appliances
548,"Eldon 200 Class Desk Accessories, Burgundy",Furniture,Furnishings
1167,Nortel Business Series Terminal T7208 Digital phone,Technology,Phones
1553,"Tennsco Lockers, Gray",Office Supplies,Storage
1241,Panasonic KX-TG6844B Expandable Digital Cordless Telephone,Technology,Phones
123,"Advantus Push Pins, Aluminum Head",Office Supplies,Fasteners
775,"Gould Plastics 18-Pocket Panel Bin, 34w x 5-1/4d x 20-1/2h",Office Supplies,Storage
1073,Memorex Micro Travel Drive 8 GB,Technology,Accessories
214,Avery 505,Office Supplies,Labels
1180,O'Sullivan 2-Door Barrister Bookcase in Odessa Pine,Furniture,Bookcases
431,Cisco 9971 IP Video Phone Charcoal,Technology,Machines
1463,Sony Micro Vault Click 16 GB USB 2.0 Flash Drive,Technology,Accessories
114,Adtran 1202752G1,Technology,Phones
1196,OIC Bulk Pack Metal Binder Clips,Office Supplies,Fasteners
1614,"While You Were Out Pads, 50 per Pad, 4 x 5 1/4, Green Cycle",Office Supplies,Paper
623,"Executive Impressions 14"" Two-Color Numerals Wall Clock",Furniture,Furnishings
1522,Swingline SM12-08 MicroCut Jam Free Shredder,Technology,Machines
1491,Stanley Bostitch Contemporary Electric Pencil Sharpeners,Office Supplies,Art
1414,"Sanford Uni-Blazer View Highlighters, Chisel Tip, Yellow",Office Supplies,Art
317,Bevis 36 x 72 Conference Tables,Furniture,Tables
1352,Rogers Deluxe File Chest,Office Supplies,Storage
762,Global Low Back Tilter Chair,Furniture,Chairs
764,"Global Push Button Manager's Chair, Indigo",Furniture,Chairs
690,GBC Instant Index System for Binding Systems,Office Supplies,Binders
377,Bush Advantage Collection Round Conference Table,Furniture,Tables
368,Bretford Rectangular Conference Table Tops,Furniture,Tables
1540,"Tenex Contemporary Contur Chairmats for Low and Medium Pile Carpet, Computer, 39"" x 49""",Furniture,Furnishings
1025,Logitech P710e Mobile Speakerphone,Technology,Accessories
1831,Xerox 4200 Series MultiUse Premium Copy Paper (20Lb. and 84 Bright),Office Supplies,Paper
1746,Xerox 1957,Office Supplies,Paper
1036,Luxo Professional Fluorescent Magnifier Lamp with Clamp-Mount Base,Furniture,Furnishings
1497,Staple-based wall hangings,Furniture,Furnishings
1313,PureGear Roll-On Screen Protector,Technology,Phones
943,KI Conference Tables,Furniture,Tables
545,Eldon 100 Class Desk Accessories,Furniture,Furnishings
1383,Safco Steel Mobile File Cart,Office Supplies,Storage
109,"Adams Telephone Message Book w/Frequently-Called Numbers Space, 400 Messages per Book",Office Supplies,Paper
859,Honeywell Enviracaire Portable HEPA Air Cleaner for 17' x 22' Room,Office Supplies,Appliances
759,"Global Leather Highback Executive Chair with Pneumatic Height Adjustment, Black",Furniture,Chairs
1653,"Wirebound Message Books, Two 4 1/4"" x 5"" Forms per Page",Office Supplies,Paper
651,"Fellowes Personal Hanging Folder Files, Navy",Office Supplies,Storage
1583,Tyvek Side-Opening Peel & Seel Expanding Envelopes,Office Supplies,Envelopes
291,"Belkin 19"" Vented Equipment Shelf, Black",Office Supplies,Storage
1011,Logitech Mobile Speakerphone P710e - speaker phone,Technology,Phones
1375,Sabrent 4-Port USB 2.0 Hub,Technology,Accessories
1380,Safco Industrial Shelving,Office Supplies,Storage
49,Acco 3-Hole Punch,Office Supplies,Binders
605,Eureka Disposable Bags for Sanitaire Vibra Groomer I Upright Vac,Office Supplies,Appliances
1834,Xerox WorkCentre 6505DN Laser Multifunction Printer,Technology,Machines
443,Cisco Small Business SPA 502G VoIP phone,Technology,Phones
1089,Microsoft Sculpt Comfort Mouse,Technology,Accessories
1319,"Quartet Omega Colored Chalk, 12/Pack",Office Supplies,Art
283,Bagged Rubber Bands,Office Supplies,Fasteners
1377,Safco Commercial Shelving,Office Supplies,Storage
1335,"Recycled Interoffice Envelopes with String and Button Closure, 10 x 13",Office Supplies,Envelopes
112,Adjustable Depth Letter/Legal Cart,Office Supplies,Storage
993,Logitech 910-002974 M325 Wireless Mouse for Web Scrolling,Technology,Accessories
1345,Regeneration Desk Collection,Furniture,Furnishings
1309,Presstex Flexible Ring Binders,Office Supplies,Binders
142,"Ampad Gold Fibre Wirebound Steno Books, 6"" x 9"", Gregg Ruled",Office Supplies,Paper
1138,Newell 330,Office Supplies,Art
1294,"Post-it Important Message Note Pad, Neon Colors, 50 Sheets/Pad",Office Supplies,Paper
111,"Adams Write n' Stick Phone Message Book, 11"" X 5 1/4"", 200 Messages",Office Supplies,Paper
588,Eldon Simplefile Box Office,Office Supplies,Storage
196,Avery 489,Office Supplies,Labels
1357,Round Ring Binders,Office Supplies,Binders
347,Bose SoundLink Bluetooth Speaker,Technology,Phones
322,"Bevis Round Bullnose 29"" High Table Top",Furniture,Tables
1086,Microsoft Arc Touch Mouse,Technology,Accessories
1812,Xerox 216,Office Supplies,Paper
716,GBC VeloBinder Electric Binding Machine,Office Supplies,Binders
1299,Premier Automatic Letter Opener,Office Supplies,Supplies
126,Advantus SlideClip Paper Clips,Office Supplies,Fasteners
222,Avery 512,Office Supplies,Labels
1014,Logitech Wireless Gaming Headset G930,Technology,Accessories
390,"Bush Westfield Collection Bookcases, Medium Cherry Finish",Furniture,Bookcases
878,"Howard Miller 13"" Diameter Goldtone Round Wall Clock",Furniture,Furnishings
745,Global Deluxe Office Fabric Chairs,Furniture,Chairs
559,Eldon ClusterMat Chair Mat with Cordless Antistatic Protection,Furniture,Furnishings
898,Ibico Laser Imprintable Binding System Covers,Office Supplies,Binders
1601,"Vinyl Coated Wire Paper Clips in Organizer Box, 800/Box",Office Supplies,Fasteners
1820,Xerox 223,Office Supplies,Paper
1558,"Tennsco Stur-D-Stor Boltless Shelving, 5 Shelves, 24"" Deep, Sand",Office Supplies,Storage
1726,Xerox 1939,Office Supplies,Paper
674,"Floodlight Indoor Halogen Bulbs, 1 Bulb per Pack, 60 Watts",Furniture,Furnishings
263,Avery Premier Heavy-Duty Binder with Round Locking Rings,Office Supplies,Binders
281,BPI Conference Tables,Furniture,Tables
592,Electrix 20W Halogen Replacement Bulb for Zoom-In Desk Lamp,Furniture,Furnishings
1160,Newell 350,Office Supplies,Art
679,"GBC Clear Cover, 8-1/2 x 11, unpunched, 25 covers per pack",Office Supplies,Binders
359,Boston Heavy-Duty Trimline Electric Pencil Sharpeners,Office Supplies,Art
627,Faber Castell Col-Erase Pencils,Office Supplies,Art
391,C-Line Cubicle Keepers Polyproplyene Holder With Velcro Backings,Furniture,Furnishings
831,Hon 4070 Series Pagoda Armless Upholstered Stacking Chairs,Furniture,Chairs
565,"Eldon Expressions Desk Accessory, Wood Photo Frame, Mahogany",Furniture,Furnishings
218,Avery 509,Office Supplies,Labels
516,"Deflect-o SuperTray Unbreakable Stackable Tray, Letter, Black",Furniture,Furnishings
36,AT&T 1070 Corded Phone,Technology,Phones
1805,Xerox 21,Office Supplies,Paper
363,"Boston School Pro Electric Pencil Sharpener, 1670",Office Supplies,Art
497,DMI Arturo Collection Mission-style Design Wood Chair,Furniture,Chairs
405,Canon imageCLASS MF7460 Monochrome Digital Laser Multifunction Copier,Technology,Machines
1107,NETGEAR N750 Dual Band Wi-Fi Gigabit Router,Technology,Accessories
1194,OIC Binder Clips,Office Supplies,Fasteners
1016,Logitech Wireless Headset h800,Technology,Accessories
1531,Telescoping Adjustable Floor Lamp,Furniture,Furnishings
47,Aastra 57i VoIP phone,Technology,Phones
665,"File Shuttle II and Handi-File, Black",Office Supplies,Storage
825,Hon 2090 Pillow Soft Series Mid Back Swivel/Tilt Chairs,Furniture,Chairs
1358,Round Specialty Laser Printer Labels,Office Supplies,Labels
699,GBC Premium Transparent Covers with Diagonal Lined Pattern,Office Supplies,Binders
40,AT&T 841000 Phone,Technology,Phones
902,Ibico Recycled Grain-Textured Covers,Office Supplies,Binders
1627,Wilson Jones Custom Binder Spines & Labels,Office Supplies,Binders
1511,Storex Dura Pro Binders,Office Supplies,Binders
805,Hewlett Packard LaserJet 3310 Copier,Technology,Copiers
259,Avery Non-Stick Binders,Office Supplies,Binders
1578,Tuff Stuff Recycled Round Ring Binders,Office Supplies,Binders
834,Hon 5100 Series Wood Tables,Furniture,Tables
1195,"OIC Binder Clips, Mini, 1/4"" Capacity, Black",Office Supplies,Fasteners
1120,Newell 314,Office Supplies,Art
1484,"Square Credit Card Reader, 4 1/2"" x 4 1/2"" x 1"", White",Technology,Phones
277,"BIC Brite Liner Highlighters, Chisel Tip",Office Supplies,Art
1663,Xerox 1881,Office Supplies,Paper
64,Acco Hanging Data Binders,Office Supplies,Binders
683,GBC DocuBind P400 Electric Binding System,Office Supplies,Binders
1420,Sauder Barrister Bookcases,Furniture,Bookcases
1,"#10 Gummed Flap White Envelopes, 100/Box",Office Supplies,Envelopes
527,"Dixon Prang Watercolor Pencils, 10-Color Set with Brush",Office Supplies,Art
105,"Adams Phone Message Book, 200 Message Capacity, 8 1/16 x 11",Office Supplies,Paper
300,Belkin 8 Outlet SurgeMaster II Gold Surge Protector with Phone Protection,Office Supplies,Appliances
232,"Avery Address/Shipping Labels for Typewriters, 4"" x 2""",Office Supplies,Labels
750,Global Ergonomic Managers Chair,Furniture,Chairs
1141,Newell 333,Office Supplies,Art
591,Eldon Wave Desk Accessories,Furniture,Furnishings
1644,Wilson Jones Snap Scratch Pad Binder Tool for Ring Binders,Office Supplies,Binders
1496,Staple remover,Office Supplies,Supplies
1264,Pizazz Global Quick File,Office Supplies,Storage
1717,Xerox 1930,Office Supplies,Paper
664,File Shuttle I and Handi-File,Office Supplies,Storage
1106,NETGEAR AC1750 Dual Band Gigabit Smart WiFi Router,Technology,Accessories
1131,Newell 324,Office Supplies,Art
1088,Microsoft Natural Keyboard Elite,Technology,Accessories
1750,Xerox 1960,Office Supplies,Paper
1200,"Office Impressions End Table, 20-1/2""H x 24""W x 20""D",Furniture,Tables
819,Holmes Odor Grabber,Office Supplies,Appliances
130,Akro-Mils 12-Gallon Tote,Office Supplies,Storage
714,"GBC Twin Loop Wire Binding Elements, 9/16"" Spine, Black",Office Supplies,Binders
1474,Southworth Structures Collection,Office Supplies,Paper
1485,"Square Ring Data Binders, Rigid 75 Pt. Covers, 11"" x 14-7/8""",Office Supplies,Binders
1460,Sony 32GB Class 10 Micro SDHC R40 Memory Card,Technology,Accessories
853,"Hon Practical Foundations 30 x 60 Training Table, Light Gray/Charcoal",Furniture,Tables
1010,Logitech Media Keyboard K200,Technology,Accessories
986,Lexmark MarkNet N8150 Wireless Print Server,Technology,Machines
21,3M Hangers With Command Adhesive,Furniture,Furnishings
474,Crayola Colored Pencils,Office Supplies,Art
146,"Angle-D Binders with Locking Rings, Label Holders",Office Supplies,Binders
1168,Nortel Meridian M3904 Professional Digital phone,Technology,Phones
401,Canon PC1080F Personal Copier,Technology,Copiers
1625,Wilson Jones Century Plastic Molded Ring Binders,Office Supplies,Binders
1577,Tuf-Vin Binders,Office Supplies,Binders
13,2300 Heavy-Duty Transfer File Systems by Perma,Office Supplies,Storage
1747,Xerox 1958,Office Supplies,Paper
84,"Acme 10"" Easy Grip Assistive Scissors",Office Supplies,Supplies
1520,Super Decoflex Portable Personal File,Office Supplies,Storage
469,"Contico 72""H Heavy-Duty Storage System",Office Supplies,Storage
1461,Sony 64GB Class 10 Micro SDHC R40 Memory Card,Technology,Accessories
1764,Xerox 1974,Office Supplies,Paper
250,"Avery Hi-Liter EverBold Pen Style Fluorescent Highlighters, 4/Pack",Office Supplies,Art
1494,Staple holder,Office Supplies,Appliances
1446,Sharp AL-1530CS Digital Copier,Technology,Copiers
1647,"Wirebound Message Book, 4 per Page",Office Supplies,Paper
325,"Bevis Round Conference Table Top, X-Base",Furniture,Tables
1655,"Wirebound Service Call Books, 5 1/2"" x 4""",Office Supplies,Paper
1435,Self-Adhesive Removable Labels,Office Supplies,Labels
1692,Xerox 1908,Office Supplies,Paper
1183,O'Sullivan 4-Shelf Bookcase in Odessa Pine,Furniture,Bookcases
1172,Novimex High-Tech Fabric Mesh Task Chair,Furniture,Chairs
1694,Xerox 191,Office Supplies,Paper
375,Bulldog Vacuum Base Pencil Sharpener,Office Supplies,Art
326,Bevis Steel Folding Chairs,Furniture,Chairs
1778,Xerox 1987,Office Supplies,Paper
138,American Pencil,Office Supplies,Art
1618,"White Envelopes, White Envelopes with Clear Poly Window",Office Supplies,Envelopes
956,KeyTronic 6101 Series - Keyboard - Black,Technology,Accessories
1612,"Westinghouse Mesh Shade Clip-On Gooseneck Lamp, Black",Furniture,Furnishings
472,Crate-A-Files,Office Supplies,Storage
848,Hon Multipurpose Stacking Arm Chairs,Furniture,Chairs
457,Coloredge Poster Frame,Furniture,Furnishings
717,GBC VeloBinder Manual Binding System,Office Supplies,Binders
604,"Epson WorkForce WF-2530 All-in-One Printer, Copier Scanner",Technology,Machines
521,Design Ebony Sketching Pencil,Office Supplies,Art
702,GBC ProClick 150 Presentation Binding System,Office Supplies,Binders
1658,Woodgrain Magazine Files by Perma,Office Supplies,Storage
979,Letter Size Cart,Office Supplies,Storage
925,Insertable Tab Post Binder Dividers,Office Supplies,Binders
311,Belkin QODE FastFit Bluetooth Keyboard,Technology,Accessories
396,"Canon Color ImageCLASS MF8580Cdw Wireless Laser All-In-One Printer, Copier, Scanner",Technology,Machines
1680,Xerox 1897,Office Supplies,Paper
747,Global Deluxe Steno Chair,Furniture,Chairs
135,Aluminum Document Frame,Furniture,Furnishings
634,Fellowes Bankers Box Staxonsteel Drawer File/Stacking System,Office Supplies,Storage
580,Eldon Mobile Mega Data Cart  Mega Stackable  Add-On Trays,Office Supplies,Storage
1833,"Xerox Color Copier Paper, 11"" x 17"", Ream",Office Supplies,Paper
1207,Office Star - Ergonomically Designed Knee Chair,Furniture,Chairs
231,Avery 520,Office Supplies,Labels
729,"GE General Purpose, Extra Long Life, Showcase & Floodlight Incandescent Bulbs",Furniture,Furnishings
1154,Newell 345,Office Supplies,Art
633,Fellowes Bankers Box Recycled Super Stor/Drawer,Office Supplies,Storage
348,Boston 1645 Deluxe Heavier-Duty Electric Pencil Sharpener,Office Supplies,Art
29,50 Colored Long Pencils,Office Supplies,Art
1151,Newell 342,Office Supplies,Art
308,Belkin Grip Candy Sheer Case / Cover for iPhone 5 and 5S,Technology,Phones
520,Deluxe Rollaway Locking File with Drawer,Office Supplies,Storage
1074,Memorex Mini Travel Drive 16 GB USB 2.0 Flash Drive,Technology,Accessories
753,"Global Geo Office Task Chair, Gray",Furniture,Chairs
833,Hon 4700 Series Mobuis Mid-Back Task Chairs with Adjustable Arms,Furniture,Chairs
22,3M Office Air Cleaner,Office Supplies,Appliances
1005,Logitech G700s Rechargeable Gaming Mouse,Technology,Accessories
57,Acco D-Ring Binder w/DublLock,Office Supplies,Binders
376,Bush Advantage Collection Racetrack Conference Table,Furniture,Tables
1283,Poly Designer Cover & Back,Office Supplies,Binders
1300,Premier Electric Letter Opener,Office Supplies,Supplies
653,"Fellowes Premier Superior Surge Suppressor, 10-Outlet, With Phone and Remote",Office Supplies,Appliances
384,Bush Mission Pointe Library,Furniture,Bookcases
409,Cardinal Hold-It CD Pocket,Office Supplies,Binders
538,"Eaton Premium Continuous-Feed Paper, 25% Cotton, Letter Size, White, 1000 Shts/Box",Office Supplies,Paper
1364,SAFCO Boltless Steel Shelving,Office Supplies,Storage
1430,"Sauder Mission Library with Doors, Fruitwood Finish",Furniture,Bookcases
1390,Samsung Galaxy Note 3,Technology,Phones
508,"Decoflex Hanging Personal Folder File, Blue",Office Supplies,Storage
1331,"Recycled Desk Saver Line ""While You Were Out"" Book, 5 1/2"" X 4""",Office Supplies,Paper
1697,Xerox 1912,Office Supplies,Paper
442,Cisco SPA525G2 IP Phone - Wireless,Technology,Phones
1296,Prang Colored Pencils,Office Supplies,Art
659,"Fellowes Strictly Business Drawer File, Letter/Legal Size",Office Supplies,Storage
920,Imation USB 2.0 Swivel Flash Drive USB flash drive - 4 GB - Pink,Technology,Accessories
1004,Logitech G602 Wireless Gaming Mouse,Technology,Accessories
134,Alphabetical Labels for Top Tab Filing,Office Supplies,Labels
1188,O'Sullivan Living Dimensions 2-Shelf Bookcases,Furniture,Bookcases
1844,iHome FM Clock Radio with Lightning Dock,Technology,Phones
157,Apple iPhone 5S,Technology,Phones
1483,Square Credit Card Reader,Technology,Phones
1009,Logitech M510 Wireless Mouse,Technology,Accessories
647,Fellowes Officeware Wire Shelving,Office Supplies,Storage
455,Colored Envelopes,Office Supplies,Envelopes
1465,Sony Micro Vault Click 8 GB USB 2.0 Flash Drive,Technology,Accessories
284,Balt Solid Wood Rectangular Table,Furniture,Tables
1514,"Strathmore #10 Envelopes, Ultimate White",Office Supplies,Envelopes
448,Clear Mylar Reinforcing Strips,Office Supplies,Binders
882,"Howard Miller 14-1/2"" Diameter Chrome Round Wall Clock",Furniture,Furnishings
509,Deflect-O Glasstique Clear Desk Accessories,Furniture,Furnishings
1602,Vinyl Sectional Post Binders,Office Supplies,Binders
711,GBC Standard Therm-A-Bind Covers,Office Supplies,Binders
769,Global Troy Executive Leather Low-Back Tilter,Furniture,Chairs
1513,Storex Flexible Poly Binders with Double Pockets,Office Supplies,Binders
1617,"White Dual Perf Computer Printout Paper, 2700 Sheets, 1 Part, Heavyweight, 20 lbs., 14 7/8 x 11",Office Supplies,Paper
1353,Rogers Handheld Barrel Pencil Sharpener,Office Supplies,Art
1153,Newell 344,Office Supplies,Art
1260,Personal File Boxes with Fold-Down Carry Handle,Office Supplies,Storage
650,Fellowes PB500 Electric Punch Plastic Comb Binding Machine with Manual Bind,Office Supplies,Binders
626,Executive Impressions Supervisor Wall Clock,Furniture,Furnishings
1399,SanDisk Cruzer 32 GB USB Flash Drive,Technology,Accessories
1134,Newell 327,Office Supplies,Art
1123,Newell 317,Office Supplies,Art
397,Canon Image Class D660 Copier,Technology,Copiers
125,Advantus Rolling Storage Box,Office Supplies,Storage
779,Great White Multi-Use Recycled Paper (20Lb. and 84 Bright),Office Supplies,Paper
1556,Tennsco Single-Tier Lockers,Office Supplies,Storage
417,Carina Double Wide Media Storage Towers in Natural & Black,Office Supplies,Storage
1837,XtraLife ClearVue Slant-D Ring Binders by Cardinal,Office Supplies,Binders
1099,Motorola HK250 Universal Bluetooth Headset,Technology,Phones
911,Imation 16GB Mini TravelDrive USB 2.0 Flash Drive,Technology,Accessories
741,Global Commerce Series High-Back Swivel/Tilt Chairs,Furniture,Chairs
574,Eldon Gobal File Keepers,Office Supplies,Storage
1043,Martin Yale Chadless Opener Electric Letter Opener,Office Supplies,Supplies
1615,"White Business Envelopes with Contemporary Seam, Recycled White Business Envelopes",Office Supplies,Envelopes
1378,Safco Contoured Stacking Chairs,Furniture,Chairs
1538,Tenex Chairmats For Use With Carpeted Floors,Furniture,Furnishings
1242,Panasonic KX-TG9471B,Technology,Phones
1505,Sterilite Officeware Hinged File Box,Office Supplies,Storage
1301,"Premier Elliptical Ring Binder, Black",Office Supplies,Binders
412,Cardinal Poly Pocket Divider Pockets for Ring Binders,Office Supplies,Binders
610,Eureka The Boss Cordless Rechargeable Stick Vac,Office Supplies,Appliances
1450,"Situations Contoured Folding Chairs, 4/Set",Furniture,Chairs
600,Enermax Aurora Lite Keyboard,Technology,Accessories
968,LG Electronics Tone+ HBS-730 Bluetooth Headset,Technology,Phones
1401,SanDisk Cruzer 64 GB USB Flash Drive,Technology,Accessories
1660,Xblue XB-1670-86 X16 Small Office Telephone - Titanium,Technology,Phones
513,"Deflect-o EconoMat Studded, No Bevel Mat for Low Pile Carpeting",Furniture,Furnishings
264,Avery Printable Repositionable Plastic Tabs,Office Supplies,Binders
1681,Xerox 1898,Office Supplies,Paper
786,HON 5400 Series Task Chairs for Big and Tall,Furniture,Chairs
874,"Howard Miller 11-1/2"" Diameter Grantwood Wall Clock",Furniture,Furnishings
127,Advantus T-Pin Paper Clips,Office Supplies,Fasteners
1548,Tennsco 16-Compartment Lockers with Coat Rack,Office Supplies,Storage
1841,Zebra Zazzle Fluorescent Highlighters,Office Supplies,Art
179,Avery 473,Office Supplies,Labels
369,Bretford Just In Time Height-Adjustable Multi-Task Work Tables,Furniture,Tables
1823,Xerox 226,Office Supplies,Paper
700,"GBC Prepunched Paper, 19-Hole, for Binding Systems, 24-lb",Office Supplies,Binders
1415,"Sanitaire Vibra Groomer IR Commercial Upright Vacuum, Replacement Belts",Office Supplies,Appliances
119,Advantus Panel Wall Acrylic Frame,Furniture,Furnishings
131,"Alliance Big Bands Rubber Bands, 12/Pack",Office Supplies,Fasteners
439,Cisco SPA301,Technology,Phones
1259,Personal Creations Ink Jet Cards and Labels,Office Supplies,Paper
720,"GBC White Gloss Covers, Plain Front",Office Supplies,Binders
1819,Xerox 222,Office Supplies,Paper
842,Hon Every-Day Series Multi-Task Chairs,Furniture,Chairs
477,Cush Cases Heavy Duty Rugged Cover Case for Samsung Galaxy S5 - Purple,Technology,Phones
1140,Newell 332,Office Supplies,Art
1342,Rediform S.O.S. Phone Message Books,Office Supplies,Paper
102,Acme Value Line Scissors,Office Supplies,Supplies
470,"Contract Clock, 14"", Brown",Furniture,Furnishings
1044,Martin-Yale Premier Letter Opener,Office Supplies,Supplies
45,AT&T SB67148 SynJ,Technology,Phones
1337,Recycled Pressboard Report Cover with Reinforced Top Hinge,Office Supplies,Binders
534,"Dot Matrix Printer Tape Reel Labels, White, 5000/Box",Office Supplies,Labels
1843,i.Sound Portable Power - 8000 mAh,Technology,Phones
1822,Xerox 225,Office Supplies,Paper
1677,Xerox 1894,Office Supplies,Paper
1118,Newell 312,Office Supplies,Art
662,Fellowes Superior 10 Outlet Split Surge Protector,Office Supplies,Appliances
503,Dana Halogen Swing-Arm Architect Lamp,Furniture,Furnishings
99,Acme Stainless Steel Office Snips,Office Supplies,Supplies
1096,Mophie Juice Pack Helium for iPhone,Technology,Phones
723,GE 2-Jack Phone Line Splitter,Technology,Phones
872,"Hot File 7-Pocket, Floor Stand",Office Supplies,Storage
1671,Xerox 1889,Office Supplies,Paper
147,Angle-D Ring Binders,Office Supplies,Binders
1101,Motorola L804,Technology,Phones
201,Avery 493,Office Supplies,Labels
1762,Xerox 1972,Office Supplies,Paper
430,Cisco 8x8 Inc. 6753i IP Business Phone System,Technology,Phones
1310,Prestige Round Ring Binders,Office Supplies,Binders
487,"DAX Metal Frame, Desktop, Stepped-Edge",Furniture,Furnishings
492,"DAX Value U-Channel Document Frames, Easel Back",Furniture,Furnishings
1332,Recycled Easel Ring Binders,Office Supplies,Binders
777,Grandstream GXP1160 VoIP phone,Technology,Phones
413,"Cardinal Slant-D Ring Binder, Heavy Gauge Vinyl",Office Supplies,Binders
763,"Global Manager's Adjustable Task Chair, Storm",Furniture,Chairs
860,Honeywell Enviracaire Portable HEPA Air Cleaner for up to 10 x 16 Room,Office Supplies,Appliances
1091,"Mini 13-1/2 Capacity Data Binder Rack, Pearl",Office Supplies,Storage
1046,"Master Caster Door Stop, Brown",Furniture,Furnishings
310,Belkin Premiere Surge Master II 8-outlet surge protector,Office Supplies,Appliances
75,"Acco Pressboard Covers with Storage Hooks, 9 1/2"" x 11"", Executive Red",Office Supplies,Binders
1555,Tennsco Regal Shelving Units,Office Supplies,Storage
913,Imation 32GB Pocket Pro USB 3.0 Flash Drive - 32 GB - Black - 1 P ...,Technology,Accessories
933,Jabra SPEAK 410,Technology,Phones
1596,"Verbatim 25 GB 6x Blu-ray Single Layer Recordable Disc, 1/Pack",Technology,Accessories
1208,Office Star - Mesh Screen back chair with Vinyl seat,Furniture,Chairs
1302,Premium Transparent Presentation Covers by GBC,Office Supplies,Binders
1576,Tripp Lite TLP810NET Broadband Surge for Modem/Fax,Office Supplies,Appliances
1642,Wilson Jones Turn Tabs Binder Tool for Ring Binders,Office Supplies,Binders
546,Eldon 200 Class Desk Accessories,Furniture,Furnishings
543,Economy Rollaway Files,Office Supplies,Storage
187,Avery 480,Office Supplies,Labels
1785,Xerox 1993,Office Supplies,Paper
612,"Eureka The Boss Plus 12-Amp Hard Box Upright Vacuum, Red",Office Supplies,Appliances
305,Belkin F9H710-06 7 Outlet SurgeMaster Surge Protector,Office Supplies,Appliances
666,First Data FD10 PIN Pad,Technology,Accessories
1459,Sony 16GB Class 10 Micro SDHC R40 Memory Card,Technology,Accessories
1575,Tripp Lite Isotel 8 Ultra 8 Outlet Metal Surge,Office Supplies,Appliances
238,Avery Durable Poly Binders,Office Supplies,Binders
128,Airmail Envelopes,Office Supplies,Envelopes
1475,Space Solutions Commercial Steel Shelving,Office Supplies,Storage
100,Acme Tagit Stainless Steel Antibacterial Scissors,Office Supplies,Supplies
450,ClearOne Communications CHAT 70 OC Speaker Phone,Technology,Phones
1050,"Master Giant Foot Doorstop, Safety Yellow",Furniture,Furnishings
11,12-1/2 Diameter Round Wall Clock,Furniture,Furnishings
426,"Chromcraft Bull-Nose Wood Round Conference Table Top, Wood Base",Furniture,Tables
107,"Adams Telephone Message Book W/Dividers/Space For Phone Numbers, 5 1/4""X8 1/2"", 200/Messages",Office Supplies,Paper
1139,Newell 331,Office Supplies,Art
946,Kensington 6 Outlet Guardian Standard Surge Protector,Office Supplies,Appliances
1468,"Southworth 100% Résumé Paper, 24lb.",Office Supplies,Paper
866,Hoover Portapower Portable Vacuum,Office Supplies,Appliances
1597,"Verbatim 25 GB 6x Blu-ray Single Layer Recordable Disc, 10/Pack",Technology,Accessories
880,"Howard Miller 13-1/2"" Diameter Rosebrook Wall Clock",Furniture,Furnishings
896,Ibico Hi-Tech Manual Binding System,Office Supplies,Binders
246,Avery Hanging File Binders,Office Supplies,Binders
646,Fellowes Neat Ideas Storage Cubes,Office Supplies,Storage
476,Cubify CubeX 3D Printer Triple Head Print,Technology,Machines
226,Avery 516,Office Supplies,Labels
378,"Bush Andora Bookcase, Maple/Graphite Gray Finish",Furniture,Bookcases
1037,Luxo Professional Magnifying Clamp-On Fluorescent Lamps,Furniture,Furnishings
1333,Recycled Eldon Regeneration Jumbo File,Office Supplies,Storage
910,Imation Bio 8GB USB Flash Drive Imation Corp,Technology,Accessories
1767,Xerox 1977,Office Supplies,Paper
198,Avery 490,Office Supplies,Labels
178,"Avery 4027 File Folder Labels for Dot Matrix Printers, 5000 Labels per Box, White",Office Supplies,Labels
332,"Binney & Smith Crayola Metallic Crayons, 16-Color Pack",Office Supplies,Art
693,GBC Linen Binding Covers,Office Supplies,Binders
1532,"Tenex ""The Solids"" Textured Chair Mats",Furniture,Furnishings
972,Laminate Occasional Tables,Furniture,Tables
1817,Xerox 220,Office Supplies,Paper
629,Fellowes 8 Outlet Superior Workstation Surge Protector,Office Supplies,Appliances
1190,O'Sullivan Living Dimensions 5-Shelf Bookcases,Furniture,Bookcases
5,"#10- 4 1/8"" x 9 1/2"" Security-Tint Envelopes",Office Supplies,Envelopes
337,Bionaire Personal Warm Mist Humidifier/Vaporizer,Office Supplies,Appliances
1018,Logitech Wireless Performance Mouse MX for PC and Mac,Technology,Accessories
410,Cardinal Holdit Business Card Pockets,Office Supplies,Binders
879,"Howard Miller 13"" Diameter Pewter Finish Round Wall Clock",Furniture,Furnishings
1567,Tops Green Bar Computer Printout Paper,Office Supplies,Paper
425,Chromcraft Bull-Nose Wood Oval Conference Tables & Bases,Furniture,Tables
1330,"Recycled Data-Pak for Archival Bound Computer Printouts, 12-1/2 x 12-1/2 x 16",Office Supplies,Storage
1443,"Seth Thomas 16"" Steel Case Clock",Furniture,Furnishings
98,Acme Softgrip Scissors,Office Supplies,Supplies
1042,"Manila Recycled Extra-Heavyweight Clasp Envelopes, 6"" x 9""",Office Supplies,Envelopes
451,ClearSounds CSC500 Amplified Spirit Phone Corded phone,Technology,Phones
1753,Xerox 1964,Office Supplies,Paper
327,"Bevis Traditional Conference Table Top, Plinth Base",Furniture,Tables
1262,"Personal Folder Holder, Ebony",Office Supplies,Storage
1022,Logitech Illuminated - Keyboard,Technology,Accessories
1186,O'Sullivan Cherrywood Estates Traditional Bookcase,Furniture,Bookcases
82,Acco Translucent Poly Ring Binders,Office Supplies,Binders
1019,Logitech Wireless Touch Keyboard K400,Technology,Accessories
217,Avery 508,Office Supplies,Labels
708,GBC Standard Plastic Binding Systems Combs,Office Supplies,Binders
1749,Xerox 196,Office Supplies,Paper
668,"Fiskars 8"" Scissors, 2/Pack",Office Supplies,Supplies
314,Belkin iPhone and iPad Lightning Cable,Technology,Phones
687,GBC Durable Plastic Covers,Office Supplies,Binders
1178,Nu-Dell Leatherette Frames,Furniture,Furnishings
236,Avery Durable Binders,Office Supplies,Binders
804,Hewlett Packard 610 Color Digital Copier / Printer,Technology,Copiers
428,Chromcraft Round Conference Tables,Furniture,Tables
182,Avery 476,Office Supplies,Labels
373,Brown Kraft Recycled Envelopes,Office Supplies,Envelopes
1275,Plantronics S12 Corded Telephone Headset System,Technology,Accessories
16,3-ring staple pack,Office Supplies,Binders
658,Fellowes Stor/Drawer Steel Plus Storage Drawers,Office Supplies,Storage
595,Electrix Halogen Magnifier Lamp,Furniture,Furnishings
832,Hon 4070 Series Pagoda Round Back Stacking Chairs,Furniture,Chairs
407,Cardinal EasyOpen D-Ring Binders,Office Supplies,Binders
691,GBC Instant Report Kit,Office Supplies,Binders
357,Boston 19500 Mighty Mite Electric Pencil Sharpener,Office Supplies,Art
393,"C-Line Magnetic Cubicle Keepers, Clear Polypropylene",Furniture,Furnishings
526,"Dixon My First Ticonderoga Pencil, #2",Office Supplies,Art
843,Hon GuestStacker Chair,Furniture,Chairs
1713,Xerox 1927,Office Supplies,Paper
1384,"Safco Value Mate Series Steel Bookcases, Baked Enamel Finish on Steel, Gray",Furniture,Bookcases
1087,Microsoft Natural Ergonomic Keyboard 4000,Technology,Accessories
395,Cameo Buff Policy Envelopes,Office Supplies,Envelopes
802,Heavy-Duty E-Z-D Binders,Office Supplies,Binders
989,"Lifetime Advantage Folding Chairs, 4/Carton",Furniture,Chairs
67,"Acco PRESSTEX Data Binder with Storage Hooks, Dark Blue, 9 1/2"" X 11""",Office Supplies,Binders
1203,Office Star - Contemporary Task Swivel Chair,Furniture,Chairs
445,Cisco Unified IP Phone 7945G VoIP phone,Technology,Phones
207,Avery 499,Office Supplies,Labels
1669,Xerox 1887,Office Supplies,Paper
1455,Smead Alpha-Z Color-Coded Second Alphabetical Labels and Starter Set,Office Supplies,Labels
621,"Executive Impressions 14"" Contract Wall Clock",Furniture,Furnishings
295,Belkin 7 Outlet SurgeMaster II,Office Supplies,Appliances
1814,Xerox 218,Office Supplies,Paper
590,"Eldon Stackable Tray, Side-Load, Legal, Smoke",Furniture,Furnishings
1095,Model L Table or Wall-Mount Pencil Sharpener,Office Supplies,Art
449,ClearOne CHATAttach 160 - speaker phone,Technology,Phones
955,Kensington SlimBlade Notebook Wireless Mouse with Nano Receiver ,Technology,Accessories
1126,Newell 32,Office Supplies,Art
304,Belkin F9G930V10-GRY 9 Outlet Surge,Office Supplies,Appliances
1329,Razer Tiamat Over Ear 7.1 Surround Sound PC Gaming Headset,Technology,Accessories
1757,Xerox 1968,Office Supplies,Paper
1436,Self-Adhesive Ring Binder Labels,Office Supplies,Binders
758,Global Leather Executive Chair,Furniture,Chairs
705,GBC Recycled Grain Textured Covers,Office Supplies,Binders
1729,Xerox 1941,Office Supplies,Paper
1328,Razer Kraken PRO Over Ear PC and Music Headset,Technology,Accessories
961,Kingston Digital DataTraveler 32GB USB 2.0,Technology,Accessories
121,Advantus Plastic Paper Clips,Office Supplies,Fasteners
89,Acme Forged Steel Scissors with Black Enamel Handles,Office Supplies,Supplies
1431,Security-Tint Envelopes,Office Supplies,Envelopes
736,"Global Airflow Leather Mesh Back Chair, Black",Furniture,Chairs
656,"Fellowes Smart Surge Ten-Outlet Protector, Platinum",Office Supplies,Appliances
1314,Pyle PMP37LED,Technology,Phones
446,Clarity 53712,Technology,Phones
352,Boston 16801 Nautilus Battery Pencil Sharpener,Office Supplies,Art
820,"Holmes Replacement Filter for HEPA Air Cleaner, Large Room",Office Supplies,Appliances
1839,Zebra GX420t Direct Thermal/Thermal Transfer Printer,Technology,Machines
703,GBC ProClick Punch Binding System,Office Supplies,Binders
110,"Adams Telephone Message Books, 5 1/4 x 11",Office Supplies,Paper
1143,Newell 335,Office Supplies,Art
1182,O'Sullivan 3-Shelf Heavy-Duty Bookcases,Furniture,Bookcases
638,Fellowes Binding Cases,Office Supplies,Binders
900,Ibico Plastic and Wire Spiral Binding Combs,Office Supplies,Binders
95,Acme Preferred Stainless Steel Scissors,Office Supplies,Supplies
193,Avery 486,Office Supplies,Labels
990,"Linden 10"" Round Wall Clock, Black",Furniture,Furnishings
1059,Maxell DVD-RAM Discs,Technology,Accessories
495,DIXON Oriole Pencils,Office Supplies,Art
1797,Xerox 202,Office Supplies,Paper
1666,Xerox 1884,Office Supplies,Paper
85,Acme Box Cutter Scissors,Office Supplies,Supplies
1495,Staple magnet,Office Supplies,Storage
518,Deluxe Chalkboard Eraser Cleaner,Office Supplies,Art
1024,Logitech MX Performance Wireless Mouse,Technology,Accessories
1145,Newell 337,Office Supplies,Art
994,"Logitech B530 USB Headset - headset - Full size, Binaural",Technology,Phones
189,Avery 482,Office Supplies,Labels
875,"Howard Miller 11-1/2"" Diameter Ridgewood Wall Clock",Furniture,Furnishings
190,Avery 483,Office Supplies,Labels
973,Large Capacity Hanging Post Binders,Office Supplies,Binders
688,GBC Ibimaster 500 Manual ProClick Binding System,Office Supplies,Binders
1467,Southworth 100% Cotton The Best Paper,Office Supplies,Paper
1695,Xerox 1910,Office Supplies,Paper
999,Logitech G19 Programmable Gaming Keyboard,Technology,Accessories
74,"Acco Pressboard Covers with Storage Hooks, 14 7/8"" x 11"", Light Blue",Office Supplies,Binders
992,Lock-Up Easel 'Spel-Binder',Office Supplies,Binders
506,Dax Clear Box Frame,Furniture,Furnishings
639,Fellowes Black Plastic Comb Bindings,Office Supplies,Binders
587,Eldon Shelf Savers Cubes and Bins,Office Supplies,Storage
153,Anker Ultrathin Bluetooth Wireless Keyboard Aluminum Cover with Stand ,Technology,Accessories
144,"Ampad Poly Cover Wirebound Steno Book, 6"" x 9"" Assorted Colors, Gregg Ruled",Office Supplies,Paper
675,Fluorescent Highlighters by Dixon,Office Supplies,Art
1170,Nortel Networks T7316 E Nt8 B27,Technology,Phones
330,Binding Machine Supplies,Office Supplies,Binders
1565,Things To Do Today Pad,Office Supplies,Paper
1632,Wilson Jones Hanging Recycled Pressboard Data Binders,Office Supplies,Binders
1257,Permanent Self-Adhesive File Folder Labels for Typewriters by Universal,Office Supplies,Labels
519,Deluxe Heavy-Duty Vinyl Round Ring Binder,Office Supplies,Binders
1709,Xerox 1923,Office Supplies,Paper
1718,Xerox 1931,Office Supplies,Paper
389,"Bush Westfield Collection Bookcases, Fully Assembled",Furniture,Bookcases
731,Gear Head AU3700S Headset,Technology,Phones
1639,Wilson Jones Legal Size Ring Binders,Office Supplies,Binders
1286,Polycom CX600 IP Phone VoIP phone,Technology,Phones
1062,Maxell iVDR EX 500GB Cartridge,Technology,Accessories
643,Fellowes High-Stak Drawer Files,Office Supplies,Storage
978,"Lesro Sheffield Collection Coffee Table, End Table, Center Table, Corner Table",Furniture,Tables
71,Acco Perma 4000 Stacking Storage Drawers,Office Supplies,Storage
1053,Maxell 4.7GB DVD-R,Technology,Accessories
1222,OtterBox Commuter Series Case - iPhone 5 & 5s,Technology,Phones
945,Kensington 4 Outlet MasterPiece Compact Power Control Center,Office Supplies,Appliances
1776,Xerox 1985,Office Supplies,Paper
889,Hypercom P1300 Pinpad,Technology,Accessories
1413,"Sanford Prismacolor Professional Thick Lead Art Pencils, 36-Color Set",Office Supplies,Art
1326,"RSVP Cards & Envelopes, Blank White, 8-1/2"" X 11"", 24 Cards/25 Envelopes/Set",Office Supplies,Paper
1648,"Wirebound Message Books, 2 7/8"" x 5"", 3 Forms per Page",Office Supplies,Paper
931,JM Magazine Binder,Office Supplies,Binders
1809,Xerox 213,Office Supplies,Paper
630,Fellowes 8 Outlet Superior Workstation Surge Protector w/o Phone/Fax/Modem Protection,Office Supplies,Appliances
1080,"Message Book, Standard Line ""While You Were Out"", 5 1/2"" X 4"", 200 Sets/Book",Office Supplies,Paper
72,"Acco Pressboard Covers with Storage Hooks, 14 7/8"" x 11"", Dark Blue",Office Supplies,Binders
1490,Standard Rollaway File with Lock,Office Supplies,Storage
269,"Avery Trapezoid Extra Heavy Duty 4"" Binders",Office Supplies,Binders
319,Bevis Boat-Shaped Conference Table,Furniture,Tables
515,"Deflect-o RollaMat Studded, Beveled Mat for Medium Pile Carpeting",Furniture,Furnishings
1349,"Riverside Furniture Oval Coffee Table, Oval End Table, End Table with Drawer",Furniture,Tables
1806,Xerox 210,Office Supplies,Paper
239,Avery Durable Slant Ring Binders,Office Supplies,Binders
1591,"Universal Ultra Bright White Copier/Laser Paper, 8 1/2"" x 11"", Ream",Office Supplies,Paper
1035,Luxo Professional Combination Clamp-On Lamps,Furniture,Furnishings
1842,Zipper Ring Binder Pockets,Office Supplies,Binders
242,Avery File Folder Labels,Office Supplies,Labels
454,Color-Coded Legal Exhibit Labels,Office Supplies,Labels
1808,Xerox 212,Office Supplies,Paper
463,Computer Printout Paper with Letter-Trim Fine Perforations,Office Supplies,Paper
1201,Office Impressions Heavy Duty Welded Shelving & Multimedia Storage Drawers,Office Supplies,Storage
479,DAX Black Cherry Wood-Tone Poster Frame,Furniture,Furnishings
1629,Wilson Jones Easy Flow II Sheet Lifters,Office Supplies,Binders
1661,Xerox 188,Office Supplies,Paper
275,"BIC Brite Liner Grip Highlighters, Assorted, 5/Pack",Office Supplies,Art
1391,Samsung Galaxy S III - 16GB - pebble blue (T-Mobile),Technology,Phones
4,"#10- 4 1/8"" x 9 1/2"" Recycled Envelopes",Office Supplies,Envelopes
1608,Wasp CCD Handheld Bar Code Reader,Technology,Machines
81,Acco Suede Grain Vinyl Round Ring Binder,Office Supplies,Binders
374,Bulldog Table or Wall-Mount Pencil Sharpener,Office Supplies,Art
1769,Xerox 1979,Office Supplies,Paper
649,Fellowes PB300 Plastic Comb Binding Machine,Office Supplies,Binders
1279,Plantronics Voyager Pro Legend,Technology,Phones
974,Laser & Ink Jet Business Envelopes,Office Supplies,Envelopes
1292,Portable Personal File Box,Office Supplies,Storage
1039,Magna Visual Magnetic Picture Hangers,Furniture,Furnishings
1269,Plantronics CS510 - Over-the-Head monaural Wireless Headset System,Technology,Accessories
661,Fellowes Super Stor/Drawer Files,Office Supplies,Storage
1588,UniKeep View Case Binders,Office Supplies,Binders
560,"Eldon Delta Triangular Chair Mat, 52"" x 58"", Clear",Furniture,Furnishings
1312,Project Tote Personal File,Office Supplies,Storage
599,Enermax Acrylux Wireless Keyboard,Technology,Accessories
676,G.E. Halogen Desk Lamp Bulbs,Furniture,Furnishings
1221,OtterBox Commuter Series Case - Samsung Galaxy S4,Technology,Phones
905,Iceberg Mobile Mega Data/Printer Cart ,Office Supplies,Storage
1500,Staples in misc. colors,Office Supplies,Art
739,Global Comet Stacking Arm Chair,Furniture,Chairs
441,Cisco SPA525G2 5-Line IP Phone,Technology,Machines
1248,Peel & Seel Envelopes,Office Supplies,Envelopes
695,GBC Plastic Binding Combs,Office Supplies,Binders
1792,Xerox 2,Office Supplies,Paper
1722,Xerox 1935,Office Supplies,Paper
478,Cyber Acoustics AC-202b Speech Recognition Stereo Headset,Technology,Phones
440,Cisco SPA508G,Technology,Phones
224,Avery 514,Office Supplies,Labels
1470,Southworth 25% Cotton Granite Paper & Envelopes,Office Supplies,Paper
553,Eldon Advantage Chair Mats for Low to Medium Pile Carpets,Furniture,Furnishings
136,Aluminum Screw Posts,Office Supplies,Binders
1144,Newell 336,Office Supplies,Art
1052,Maxell 4.7GB DVD+RW 3/Pack,Technology,Accessories
169,"Atlantic Metals Mobile 5-Shelf Bookcases, Custom Colors",Furniture,Bookcases
1318,"Quartet Alpha White Chalk, 12/Pack",Office Supplies,Art
307,Belkin F9S820V06 8 Outlet Surge,Office Supplies,Appliances
766,"Global Stack Chair without Arms, Black",Furniture,Chairs
555,Eldon Antistatic Chair Mats for Low to Medium Pile Carpets,Furniture,Furnishings
921,"Important Message Pads, 50 4-1/4 x 5-1/2 Forms per Pad",Office Supplies,Paper
876,"Howard Miller 12"" Round Wall Clock",Furniture,Furnishings
496,DIXON Ticonderoga Erasable Checking Pencils,Office Supplies,Art
554,Eldon Advantage Foldable Chair Mats for Low Pile Carpets,Furniture,Furnishings
267,Avery Round Ring Poly Binders,Office Supplies,Binders
256,Avery Hole Reinforcements,Office Supplies,Binders
1638,"Wilson Jones Ledger-Size, Piano-Hinge Binder, 2"", Blue",Office Supplies,Binders
1509,Stockwell Gold Paper Clips,Office Supplies,Fasteners
1519,"Super Bands, 12/Pack",Office Supplies,Fasteners
1265,Plantronics 81402,Technology,Phones
161,Assorted Color Push Pins,Office Supplies,Fasteners
719,"GBC Velobind Prepunched Cover Sets, Regency Series",Office Supplies,Binders
23,3M Organizer Strips,Office Supplies,Binders
240,Avery Durable Slant Ring Binders With Label Holder,Office Supplies,Binders
1085,Micropad Numeric Keypads,Technology,Accessories
1135,Newell 328,Office Supplies,Art
299,Belkin 8 Outlet SurgeMaster II Gold Surge Protector,Office Supplies,Appliances
754,"Global High-Back Leather Tilter, Burgundy",Furniture,Chairs
165,Ativa V4110MDD Micro-Cut Shredder,Technology,Machines
1821,Xerox 224,Office Supplies,Paper
195,Avery 488,Office Supplies,Labels
923,Innergie mMini Combo Duo USB Travel Charging Kit,Technology,Phones
1492,Stanley Contemporary Battery Pencil Sharpeners,Office Supplies,Art
37,AT&T 1080 Corded phone,Technology,Phones
1739,Xerox 1950,Office Supplies,Paper
645,"Fellowes Mobile File Cart, Black",Office Supplies,Storage
707,GBC Recycled VeloBinder Covers,Office Supplies,Binders
830,Hon 4060 Series Tables,Furniture,Tables
1133,Newell 326,Office Supplies,Art
995,Logitech ClearChat Comfort/USB Headset H390,Technology,Accessories
1155,Newell 346,Office Supplies,Art
1344,"Rediform Wirebound ""Phone Memo"" Message Book, 11 x 5-3/4",Office Supplies,Paper
710,"GBC Standard Recycled Report Covers, Clear Plastic Sheets",Office Supplies,Binders
1334,"Recycled Interoffice Envelopes with Re-Use-A-Seal Closure, 10 x 13",Office Supplies,Envelopes
1848,invisibleSHIELD by ZAGG Smudge-Free Screen Protector,Technology,Phones
1689,Xerox 1905,Office Supplies,Paper
385,"Bush Saratoga Collection 5-Shelf Bookcase, Hanover Cherry, *Special Order",Furniture,Bookcases
141,"Ampad Evidence Wirebond Steno Books, 6"" x 9""",Office Supplies,Paper
156,Apple iPhone 5C,Technology,Phones
1161,Newell 351,Office Supplies,Art
942,KI Adjustable-Height Table,Furniture,Tables
1733,Xerox 1945,Office Supplies,Paper
212,Avery 502,Office Supplies,Labels
1504,Steel Personal Filing/Posting Tote,Office Supplies,Storage
1580,"Tyvek  Top-Opening Peel & Seel  Envelopes, Gray",Office Supplies,Envelopes
1679,Xerox 1896,Office Supplies,Paper
414,Cardinal Slant-D Ring Binders,Office Supplies,Binders
1510,Stockwell Push Pins,Office Supplies,Fasteners
1502,Star Micronics TSP800 TSP847IIU Receipt Printer,Technology,Machines
869,Hoover Shoulder Vac Commercial Portable Vacuum,Office Supplies,Appliances
60,Acco Expandable Hanging Binders,Office Supplies,Binders
1447,Shocksock Galaxy S4 Armband,Technology,Phones
371,Brother DCP1000 Digital 3 in 1 Multifunction Machine,Technology,Copiers
586,"Eldon Regeneration Recycled Desk Accessories, Smoke",Furniture,Furnishings
473,"Crayola Anti Dust Chalk, 12/Pack",Office Supplies,Art
1365,"SAFCO Commercial Wire Shelving, 72h",Office Supplies,Storage
423,"Chromcraft 48"" x 96"" Racetrack Double Pedestal Table",Furniture,Tables
838,Hon Deluxe Fabric Upholstered Stacking Chairs,Furniture,Chairs
292,"Belkin 325VA UPS Surge Protector, 6'",Office Supplies,Appliances
1295,PowerGen Dual USB Car Charger,Technology,Phones
408,"Cardinal HOLDit! Binder Insert Strips,Extra Strips",Office Supplies,Binders
392,"C-Line Cubicle Keepers Polyproplyene Holder w/Velcro Back, 8-1/2x11, 25/Bx",Furniture,Furnishings
1788,Xerox 1996,Office Supplies,Paper
928,Iris Project Case,Office Supplies,Storage
733,"Geographics Note Cards, Blank, White, 8 1/2"" x 11""",Office Supplies,Paper
33,ACCOHIDE Binder by Acco,Office Supplies,Binders
177,"Avery 3 1/2"" Diskette Storage Pages, 10/Pack",Office Supplies,Binders
1498,Staple-on labels,Office Supplies,Labels
799,Harbour Creations Steel Folding Chair,Furniture,Chairs
1657,Wireless Extenders zBoost YX545 SOHO Signal Booster,Technology,Phones
1193,"OIC #2 Pencils, Medium Soft",Office Supplies,Art
1416,Sannysis Cute Owl Design Soft Skin Case Cover for Samsung Galaxy S4,Technology,Phones
1250,Peel & Stick Add-On Corner Pockets,Office Supplies,Binders
416,"Carina 42""Hx23 3/4""W Media Storage Unit",Office Supplies,Storage
1570,Toshiba IPT2010-SD IP Telephone,Technology,Phones
785,GuestStacker Chair with Chrome Finish Legs,Furniture,Chairs
1710,Xerox 1924,Office Supplies,Paper
1587,Ultra Door Push Plate,Furniture,Furnishings
954,Kensington Orbit Wireless Mobile Trackball for PC and Mac,Technology,Accessories
738,Global Chrome Stack Chair,Furniture,Chairs
1426,"Sauder Facets Collection Locker/File Cabinet, Sky Alder Finish",Office Supplies,Storage
1121,Newell 315,Office Supplies,Art
1307,Pressboard Data Binders by Wilson Jones,Office Supplies,Binders
1640,Wilson Jones Standard D-Ring Binders,Office Supplies,Binders
568,"Eldon Expressions Punched Metal & Wood Desk Accessories, Pewter & Cherry",Furniture,Furnishings
1389,Samsung Galaxy Note 2,Technology,Phones
728,GE DSL Phone Line Filter,Technology,Phones
418,Carina Media Storage Towers in Natural & Black,Office Supplies,Storage
642,Fellowes Econo/Stor Drawers,Office Supplies,Storage
1372,SANFORD Liquid Accent Tank-Style Highlighters,Office Supplies,Art
345,"Blue String-Tie & Button Interoffice Envelopes, 10 x 13",Office Supplies,Envelopes
398,Canon Imageclass D680 Copier / Fax,Technology,Copiers
15,24-Hour Round Wall Clock,Furniture,Furnishings
584,Eldon Radial Chair Mat for Low to Medium Pile Carpets,Furniture,Furnishings
577,"Eldon Image Series Desk Accessories, Ebony",Furniture,Furnishings
1406,Sanford 52201 APSCO Electric Pencil Sharpener,Office Supplies,Art
1396,Samsung Replacement EH64AVFWE Premium Headset,Technology,Phones
682,GBC DocuBind P100 Manual Binding Machine,Office Supplies,Binders
628,Fashion Color Clasp Envelopes,Office Supplies,Envelopes
849,Hon Non-Folding Utility Tables,Furniture,Tables
316,Bestar Classic Bookcase,Furniture,Bookcases
1202,Office Star - Contemporary Swivel Chair with Padded Adjustable Arms and Flex Back,Furniture,Chairs
1412,Sanford Pocket Accent Highlighters,Office Supplies,Art
1093,Mitel MiVoice 5330e IP Phone,Technology,Phones
1610,Westinghouse Clip-On Gooseneck Lamps,Furniture,Furnishings
884,Howard Miller Distant Time Traveler Alarm Clock,Furniture,Furnishings
1551,Tennsco Double-Tier Lockers,Office Supplies,Storage
1645,Wilson SignalBoost 841262 DB PRO Amplifier Kit,Technology,Phones
1836,"XtraLife ClearVue Slant-D Ring Binder, White, 3""",Office Supplies,Binders
1252,Pencil and Crayon Sharpener,Office Supplies,Art
143,"Ampad Phone Message Book, Recycled, 400 Message Capacity, 5 ¾ x 11",Office Supplies,Paper
635,Fellowes Bankers Box Stor/Drawer Steel Plus,Office Supplies,Storage
1254,"Performers Binder/Pad Holder, Black",Office Supplies,Binders
1213,Office Star Flex Back Scooter Chair with White Frame,Furniture,Chairs
998,Logitech G13 Programmable Gameboard with LCD Display,Technology,Accessories
1231,Panasonic KP-380BK Classic Electric Pencil Sharpener,Office Supplies,Art
1068,Memorex Froggy Flash Drive 4 GB,Technology,Accessories
1056,"Maxell 74 Minute CD-R Spindle, 50/Pack",Technology,Accessories
732,Geemarc AmpliPOWER60,Technology,Phones
186,Avery 48,Office Supplies,Labels
233,Avery Arch Ring Binders,Office Supplies,Binders
1700,Xerox 1915,Office Supplies,Paper
266,Avery Reinforcements for Hole-Punch Pages,Office Supplies,Binders
458,Colorific Watercolor Pencils,Office Supplies,Art
278,BIC Liqua Brite Liner,Office Supplies,Art
32,"ACCOHIDE 3-Ring Binder, Blue, 1""",Office Supplies,Binders
1763,Xerox 1973,Office Supplies,Paper
678,GBC Binding covers,Office Supplies,Binders
1424,Sauder Cornerstone Collection Library,Furniture,Bookcases
1611,"Westinghouse Floor Lamp with Metal Mesh Shade, Black",Furniture,Furnishings
344,Blue Parrot B250XT Professional Grade Wireless Bluetooth Headset with,Technology,Phones
294,Belkin 6 Outlet Metallic Surge Strip,Office Supplies,Appliances
856,Hon Valutask Swivel Chairs,Furniture,Chairs
227,Avery 517,Office Supplies,Labels
183,Avery 477,Office Supplies,Labels
607,"Eureka Recycled Copy Paper 8 1/2"" x 11"", Ream",Office Supplies,Paper
1439,"Seth Thomas 12"" Clock w/ Goldtone Case",Furniture,Furnishings
1069,Memorex Froggy Flash Drive 8 GB,Technology,Accessories
52,Acco 6 Outlet Guardian Premium Surge Suppressor,Office Supplies,Appliances
273,Avoid Verbal Orders Carbonless Minifold Book,Office Supplies,Paper
654,Fellowes Presentation Covers for Comb Binding Machines,Office Supplies,Binders
1229,Panasonic KP-310 Heavy-Duty Electric Pencil Sharpener,Office Supplies,Art
816,"Holmes Cool Mist Humidifier for the Whole House with 8-Gallon Output per Day, Extended Life Filter",Office Supplies,Appliances
1366,"SAFCO Commercial Wire Shelving, Black",Office Supplies,Storage
1561,Tensor Computer Mounted Lamp,Furniture,Furnishings
1287,Polycom SoundPoint IP 450 VoIP phone,Technology,Phones
1341,"Rediform S.O.S. 1-Up Phone Message Bk, 4-1/4x3-1/16 Bk, 1 Form/Pg, 40 Messages/Bk, 3/Pk",Office Supplies,Paper
432,Cisco CP-7937G Unified IP Conference Station Phone,Technology,Machines
349,Boston 16701 Slimline Battery Pencil Sharpener,Office Supplies,Art
202,Avery 494,Office Supplies,Labels
1065,"Memo Book, 100 Message Capacity, 5 3/8 x 11",Office Supplies,Paper
1159,Newell 35,Office Supplies,Art
1623,Wilson Jones 14 Line Acrylic Coated Pressboard Data Binders,Office Supplies,Binders
260,Avery Non-Stick Heavy Duty View Round Locking Ring Binders,Office Supplies,Binders
797,Hanging Personal Folder File,Office Supplies,Storage
1693,Xerox 1909,Office Supplies,Paper
975,"Leather Task Chair, Black",Furniture,Chairs
929,"It's Hot Message Books with Stickers, 2 3/4"" x 5""",Office Supplies,Paper
524,Digium D40 VoIP phone,Technology,Phones
501,DYMO CardScan Personal V9 Business Card Scanner,Technology,Machines
420,Case Logic 2.4GHz Wireless Keyboard,Technology,Accessories
996,Logitech Desktop MK120 Mouse and keyboard Combo,Technology,Accessories
1306,"Pressboard Data Binder, Crimson, 12"" X 8 1/2""",Office Supplies,Binders
977,"Lesro Round Back Collection Coffee Table, End Table",Furniture,Tables
871,Hoover WindTunnel Plus Canister Vacuum,Office Supplies,Appliances
1721,Xerox 1934,Office Supplies,Paper
1136,Newell 329,Office Supplies,Art
1236,Panasonic KX T7731-B Digital phone,Technology,Phones
1386,"Safco Wire Cube Shelving System, For Use as 4 or 5 14"" Cubes, Black",Office Supplies,Storage
1616,White Computer Printout Paper by Universal,Office Supplies,Paper
1346,Revere Boxed Rubber Bands by Revere,Office Supplies,Fasteners
547,"Eldon 200 Class Desk Accessories, Black",Furniture,Furnishings
139,Ames Color-File Green Diamond Border X-ray Mailers,Office Supplies,Envelopes
320,"Bevis Oval Conference Table, Walnut",Furniture,Tables
835,Hon 61000 Series Interactive Training Tables,Furniture,Tables
68,"Acco PRESSTEX Data Binder with Storage Hooks, Light Blue, 9 1/2"" X 11""",Office Supplies,Binders
1813,Xerox 217,Office Supplies,Paper
379,"Bush Andora Conference Table, Maple/Graphite Gray Finish",Furniture,Tables
1672,Xerox 189,Office Supplies,Paper
1228,Panasonic KP-150 Electric Pencil Sharpener,Office Supplies,Art
706,GBC Recycled Regency Composition Covers,Office Supplies,Binders
486,"DAX Executive Solid Wood Document Frame, Desktop or Hang, Mahogany, 5 x 7",Furniture,Furnishings
1448,ShoreTel ShorePhone IP 230 VoIP phone,Technology,Phones
1263,Petty Cash Envelope,Office Supplies,Paper
26,3M Replacement Filter for Office Air Cleaner for 20' x 33' Room,Office Supplies,Appliances
1397,Samsung Rugby III,Technology,Phones
62,"Acco Four Pocket Poly Ring Binder with Label Holder, Smoke, 1""",Office Supplies,Binders
406,Canvas Sectional Post Binders,Office Supplies,Binders
1516,Strathmore Photo Mount Cards,Office Supplies,Paper
1798,Xerox 203,Office Supplies,Paper
1267,Plantronics Audio 995 Wireless Stereo Headset,Technology,Accessories
1736,Xerox 1948,Office Supplies,Paper
767,Global Super Steno Chair,Furniture,Chairs
1223,OtterBox Defender Series Case - Samsung Galaxy S4,Technology,Phones
1641,Wilson Jones Suede Grain Vinyl Binders,Office Supplies,Binders
1224,OtterBox Defender Series Case - iPhone 5c,Technology,Phones
1628,Wilson Jones DublLock D-Ring Binders,Office Supplies,Binders
1521,Surelock Post Binders,Office Supplies,Binders
807,Hewlett-Packard Deskjet 3050a All-in-One Color Inkjet Printer,Technology,Machines
899,Ibico Plastic Spiral Binding Combs,Office Supplies,Binders
907,"Iceberg OfficeWorks 42"" Round Tables",Furniture,Tables
493,DAX Wood Document Frame,Furniture,Furnishings
1634,Wilson Jones Heavy-Duty Casebound Ring Binders with Metal Hinges,Office Supplies,Binders
751,Global Executive Mid-Back Manager's Chair,Furniture,Chairs
1734,Xerox 1946,Office Supplies,Paper
1127,Newell 320,Office Supplies,Art
576,"Eldon Image Series Desk Accessories, Burgundy",Furniture,Furnishings
1149,Newell 340,Office Supplies,Art
215,Avery 506,Office Supplies,Labels
1705,Xerox 192,Office Supplies,Paper
789,HP Office Recycled Paper (20Lb. and 87 Bright),Office Supplies,Paper
1659,X-Rack File for Hanging Folders,Office Supplies,Storage
1781,Xerox 199,Office Supplies,Paper
1607,WD My Passport Ultra 500GB Portable External Hard Drive,Technology,Accessories
434,Cisco IP Phone 7961G-GE VoIP phone,Technology,Phones
1012,Logitech Trackman Marble Mouse,Technology,Accessories
108,"Adams Telephone Message Book W/Dividers/Space For Phone Numbers, 5 1/4""X8 1/2"", 300/Messages",Office Supplies,Paper
70,Acco Perma 3000 Stacking Storage Drawers,Office Supplies,Storage
1759,Xerox 197,Office Supplies,Paper
1845,"iKross Bluetooth Portable Keyboard + Cell Phone Stand Holder + Brush for Apple iPhone 5S 5C 5, 4S 4",Technology,Phones
826,Hon 2111 Invitation Series Corner Table,Furniture,Tables
988,Lexmark X 9575 Professional All-in-One Color Printer,Technology,Machines
893,Ibico Covers for Plastic or Wire Binding Elements,Office Supplies,Binders
1132,Newell 325,Office Supplies,Art
1760,Xerox 1970,Office Supplies,Paper
10,12 Colored Short Pencils,Office Supplies,Art
1049,"Master Caster Door Stop, Large Neon Orange",Furniture,Furnishings
1359,Rubber Band Ball,Office Supplies,Fasteners
1030,Loose Memo Sheets,Office Supplies,Paper
1779,Xerox 1988,Office Supplies,Paper
1109,"Neat Ideas Personal Hanging Folder Files, Black",Office Supplies,Storage
309,Belkin OmniView SE Rackmount Kit,Office Supplies,Storage
1354,"Rogers Jumbo File, Granite",Office Supplies,Storage
459,"Commercial WindTunnel Clean Air Upright Vacuum, Replacement Belts, Filtration Bags",Office Supplies,Appliances
1544,"Tenex Personal Self-Stacking Standard File Box, Black/Gray",Office Supplies,Storage
864,Hoover Commercial Soft Guard Upright Vacuum And Disposable Filtration Bags,Office Supplies,Appliances
188,Avery 481,Office Supplies,Labels
1116,Newell 310,Office Supplies,Art
1125,Newell 319,Office Supplies,Art
228,Avery 518,Office Supplies,Labels
1437,Sensible Storage WireTech Storage Systems,Office Supplies,Storage
960,Kingston Digital DataTraveler 16GB USB 2.0,Technology,Accessories
689,GBC Imprintable Covers,Office Supplies,Binders
1156,Newell 347,Office Supplies,Art
1246,Pastel Pink Envelopes,Office Supplies,Envelopes
303,Belkin F8E887 USB Wired Ergonomic Keyboard,Technology,Accessories
35,ARKON Windshield Dashboard Air Vent Car Mount Holder,Technology,Phones
1737,Xerox 1949,Office Supplies,Paper
466,"Conquest 14 Commercial Heavy-Duty Upright Vacuum, Collection System, Accessory Kit",Office Supplies,Appliances
1668,Xerox 1886,Office Supplies,Paper
56,"Acco Clips to Go Binder Clips, 24 Clips in Two Sizes",Office Supplies,Fasteners
530,"Dixon Ticonderoga Erasable Colored Pencil Set, 12-Color",Office Supplies,Art
1315,Pyle PRT45 Retro Home Telephone,Technology,Phones
1482,Spiral Phone Message Books with Labels by Adams,Office Supplies,Paper
1429,Sauder Inglewood Library Bookcases,Furniture,Bookcases
1686,Xerox 1901,Office Supplies,Paper
88,Acme Elite Stainless Steel Scissors,Office Supplies,Supplies
1533,"Tenex 46"" x 60"" Computer Anti-Static Chairmat, Rectangular Shaped",Furniture,Furnishings
1297,Prang Drawing Pencil Set,Office Supplies,Art
280,"BOSTON Ranger #55 Pencil Sharpener, Black",Office Supplies,Art
1112,Newell 307,Office Supplies,Art
1232,Panasonic KP-4ABK Battery-Operated Pencil Sharpener,Office Supplies,Art
234,Avery Binder Labels,Office Supplies,Binders
1594,VTech DS6151,Technology,Phones
1593,V7 USB Numeric Keypad,Technology,Accessories
1251,Peel-Off China Markers,Office Supplies,Art
69,Acco Perma 2700 Stacking Storage Drawers,Office Supplies,Storage
1651,"Wirebound Message Books, Four 2 3/4 x 5 White Forms per Page",Office Supplies,Paper
727,"GE 48"" Fluorescent Tube, Cool White Energy Saver, 34 Watts, 30/Box",Furniture,Furnishings
1083,Micro Innovations USB RF Wireless Keyboard with Mouse,Technology,Accessories
1276,Plantronics Savi W720 Multi-Device Wireless Headset System,Technology,Accessories
1487,"Stacking Tray, Side-Loading, Legal, Smoke",Furniture,Furnishings
1453,Smead Adjustable Mobile File Trolley with Lockable Top,Office Supplies,Storage
938,Jawbone MINI JAMBOX Wireless Bluetooth Speaker,Technology,Phones
1613,Weyerhaeuser First Choice Laser/Copy Paper (20Lb. and 88 Bright),Office Supplies,Paper
403,Canon PC940 Copier,Technology,Copiers
1104,Multicolor Computer Printout Paper,Office Supplies,Paper
370,"Brites Rubber Bands, 1 1/2 oz. Box",Office Supplies,Fasteners
421,Catalog Binders with Expanding Posts,Office Supplies,Binders
778,Grandstream GXP2100 Mainstream Business Phone,Technology,Phones
1728,Xerox 1940,Office Supplies,Paper
1777,Xerox 1986,Office Supplies,Paper
328,Binder Clips by OIC,Office Supplies,Fasteners
1622,"Wilson Jones 1"" Hanging DublLock Ring Binders",Office Supplies,Binders
1324,RCA Visys Integrated PBX 8-Line Router,Technology,Phones
715,GBC VeloBind Cover Sets,Office Supplies,Binders
456,Colored Push Pins,Office Supplies,Fasteners
997,Logitech G105 Gaming Keyboard,Technology,Accessories
1711,Xerox 1925,Office Supplies,Paper
1316,QVS USB Car Charger 2-Port 2.1Amp for iPod/iPhone/iPad/iPad 2/iPad 3,Technology,Phones
488,DAX Natural Wood-Tone Poster Frame,Furniture,Furnishings
1503,StarTech.com 10/100 VDSL2 Ethernet Extender Kit,Technology,Machines
80,"Acco Smartsocket Table Surge Protector, 6 Color-Coded Adapter Outlets",Office Supplies,Appliances
704,GBC ProClick Spines for 32-Hole Punch,Office Supplies,Binders
1076,Memorex Mini Travel Drive 4 GB USB 2.0 Flash Drive,Technology,Accessories
1070,Memorex Micro Travel Drive 16 GB,Technology,Accessories
205,Avery 497,Office Supplies,Labels
210,Avery 500,Office Supplies,Labels
0,"""While you Were Out"" Message Book, One Form per Page",Office Supplies,Paper
1343,Rediform Voice Mail Log Books,Office Supplies,Paper
1191,O'Sullivan Manor Hill 2-Door Library in Brianna Oak,Furniture,Bookcases
1177,Nu-Dell Float Frame 11 x 14 1/2,Furniture,Furnishings
1003,Logitech G600 MMO Gaming Mouse,Technology,Accessories
1425,"Sauder Facets Collection Library, Sky Alder Finish",Furniture,Bookcases
171,Avanti 4.4 Cu. Ft. Refrigerator,Office Supplies,Appliances
867,Hoover Replacement Belt for Commercial Guardsman Heavy-Duty Upright Vacuum,Office Supplies,Appliances
631,Fellowes Advanced 8 Outlet Surge Suppressor with Phone/Fax Protection,Office Supplies,Appliances
1371,"SAFCO PlanMaster Heigh-Adjustable Drafting Table Base, 43w x 30d x 30-37h, Black",Furniture,Tables
1619,White GlueTop Scratch Pads,Office Supplies,Paper
817,Holmes HEPA Air Purifier,Office Supplies,Appliances
1528,"TRENDnet 56K USB 2.0 Phone, Internet and Fax Modem",Technology,Accessories
1829,Xerox 231,Office Supplies,Paper
827,Hon 2111 Invitation Series Straight Table,Furniture,Tables
1751,Xerox 1962,Office Supplies,Paper
1621,Wilson Electronics DB Pro Signal Booster,Technology,Phones
1421,"Sauder Camden County Barrister Bookcase, Planked Cherry Finish",Furniture,Bookcases
500,"DXL Angle-View Binders with Locking Rings, Black",Office Supplies,Binders
1422,"Sauder Camden County Collection Libraries, Planked Cherry Finish",Furniture,Bookcases
120,Advantus Panel Wall Certificate Holder - 8.5x11,Furniture,Furnishings
184,Avery 478,Office Supplies,Labels
58,"Acco Data Flex Cable Posts For Top & Bottom Load Binders, 6"" Capacity",Office Supplies,Binders
1339,Recycled Steel Personal File for Standard File Folders,Office Supplies,Storage
343,Blackstonian Pencils,Office Supplies,Art
1704,Xerox 1919,Office Supplies,Paper
1569,Tops Wirebound Message Log Books,Office Supplies,Paper
42,AT&T CL82213,Technology,Phones
1061,Maxell LTO Ultrium - 800 GB,Technology,Accessories
1210,Office Star - Professional Matrix Back Chair with 2-to-1 Synchro Tilt and Mesh Fabric Seat,Furniture,Chairs
886,"Hunt BOSTON Vista Battery-Operated Pencil Sharpener, Black",Office Supplies,Art
724,GE 30522EE2,Technology,Phones
922,"Ink Jet Note and Greeting Cards, 8-1/2"" x 5-1/2"" Card Size",Office Supplies,Paper
1017,Logitech Wireless Marathon Mouse M705,Technology,Accessories
1064,Mediabridge Sport Armband iPhone 5s,Technology,Phones
484,DAX Cubicle Frames - 8x10,Furniture,Furnishings
1715,Xerox 1929,Office Supplies,Paper
211,Avery 501,Office Supplies,Labels
223,Avery 513,Office Supplies,Labels
800,Harmony Air Purifier,Office Supplies,Appliances
596,"Electrix Incandescent Magnifying Lamp, Black",Furniture,Furnishings
857,Honeywell Enviracaire Portable Air Cleaner for up to 8 x 10 Room,Office Supplies,Appliances
765,"Global Stack Chair with Arms, Black",Furniture,Chairs
1801,Xerox 206,Office Supplies,Paper
1441,"Seth Thomas 14"" Day/Date Wall Clock",Furniture,Furnishings
1394,Samsung Galaxy S4 Mini,Technology,Phones
155,Apple iPhone 5,Technology,Phones
1290,Polycom VVX 310 VoIP phone,Technology,Phones
282,Bady BDG101FRU Card Printer,Technology,Machines
1790,Xerox 1998,Office Supplies,Paper
861,Honeywell Quietcare HEPA Air Cleaner,Office Supplies,Appliances
851,Hon Olson Stacker Stools,Furniture,Chairs
502,"Dana Fluorescent Magnifying Lamp, White, 36""",Furniture,Furnishings
672,Flat Face Poster Frame,Furniture,Furnishings
1103,"Multi-Use Personal File Cart and Caster Set, Three Stacking Bins",Office Supplies,Storage
1772,Xerox 1981,Office Supplies,Paper
1568,Tops White Computer Printout Paper,Office Supplies,Paper
1630,"Wilson Jones Elliptical Ring 3 1/2"" Capacity Binders, 800 sheets",Office Supplies,Binders
447,Classic Ivory Antique Telephone ZL1810,Technology,Phones
1427,"Sauder Forest Hills Library with Doors, Woodland Oak Finish",Furniture,Bookcases
625,"Executive Impressions 8-1/2"" Career Panel/Partition Cubicle Clock",Furniture,Furnishings
934,Jabra SPEAK 410 Multidevice Speakerphone,Technology,Phones
1807,Xerox 211,Office Supplies,Paper
1552,Tennsco Industrial Shelving,Office Supplies,Storage
1142,Newell 334,Office Supplies,Art
828,"Hon 30"" x 60"" Table with Locking Drawer",Furniture,Tables
1379,Safco Drafting Table,Furniture,Tables
220,Avery 510,Office Supplies,Labels
1586,Ultra Door Pull Handle,Furniture,Furnishings
251,Avery Hi-Liter Fluorescent Desk Style Markers,Office Supplies,Art
892,"IBM Multi-Purpose Copy Paper, 8 1/2 x 11"", Case",Office Supplies,Paper
1114,Newell 309,Office Supplies,Art
686,GBC DocuBind TL300 Electric Binding System,Office Supplies,Binders
941,Jiffy Padded Mailers with Self-Seal Closure,Office Supplies,Envelopes
680,GBC DocuBind 200 Manual Binding Machine,Office Supplies,Binders
1374,"SKILCRAFT Telephone Shoulder Rest, 2"" x 6.5"" x 2.5"", Black",Technology,Phones
740,Global Comet Stacking Armless Chair,Furniture,Chairs
1308,Pressboard Hanging Data Binders for Unburst Sheets,Office Supplies,Binders
796,Hand-Finished Solid Wood Document Frame,Furniture,Furnishings
480,"DAX Charcoal/Nickel-Tone Document Frame, 5 x 7",Furniture,Furnishings
1674,Xerox 1891,Office Supplies,Paper
808,Hewlett-Packard Deskjet 5550 Printer,Technology,Machines
180,Avery 474,Office Supplies,Labels
1237,Panasonic KX T7736-B Digital phone,Technology,Phones
685,GBC DocuBind TL200 Manual Binding Machine,Office Supplies,Binders
742,Global Commerce Series Low-Back Swivel/Tilt Chairs,Furniture,Chairs
437,Cisco SPA 502G IP Phone,Technology,Phones
172,Avaya 4621SW VoIP phone,Technology,Phones
1810,Xerox 214,Office Supplies,Paper
1102,Motorola Moto X,Technology,Phones
1181,O'Sullivan 2-Shelf Heavy-Duty Bookcases,Furniture,Bookcases
601,Enermax Briskie RF Wireless Keyboard and Mouse Combo,Technology,Accessories
713,GBC Twin Loop Wire Binding Elements,Office Supplies,Binders
1256,"Perma STOR-ALL Hanging File Box, 13 1/8""W x 12 1/4""D x 10 1/2""H",Office Supplies,Storage
274,BIC Brite Liner Grip Highlighters,Office Supplies,Art
1606,WD My Passport Ultra 2TB Portable External Hard Drive,Technology,Accessories
821,"Holmes Replacement Filter for HEPA Air Cleaner, Medium Room",Office Supplies,Appliances
916,Imation Clip USB flash drive - 8 GB,Technology,Accessories
1111,Newell 3-Hole Punched Plastic Slotted Magazine Holders for Binders,Office Supplies,Binders
53,Acco 6 Outlet Guardian Standard Surge Suppressor,Office Supplies,Appliances
91,"Acme Hot Forged Carbon Steel Scissors with Nickel-Plated Handles, 3 7/8"" Cut, 8""L",Office Supplies,Supplies
248,Avery Heavy-Duty EZD View Binder with Locking Rings,Office Supplies,Binders
313,Belkin Standard 104 key USB Keyboard,Technology,Accessories
175,Avaya IP Phone 1140E VoIP phone,Technology,Phones
772,"Global Wood Trimmed Manager's Task Chair, Khaki",Furniture,Chairs
1128,Newell 321,Office Supplies,Art
935,Jabra Supreme Plus Driver Edition Headset,Technology,Phones
329,Binder Posts,Office Supplies,Binders
324,Bevis Round Conference Table Top & Single Column Base,Furniture,Tables
1768,Xerox 1978,Office Supplies,Paper
589,"Eldon Spacemaker Box, Quick-Snap Lid, Clear",Office Supplies,Art
1282,Plymouth Boxed Rubber Bands by Plymouth,Office Supplies,Fasteners
17,3.6 Cubic Foot Counter Height Office Refrigerator,Office Supplies,Appliances
1187,"O'Sullivan Elevations Bookcase, Cherry Finish",Furniture,Bookcases
583,Eldon ProFile File 'N Store Portable File Tub Letter/Legal Size Black,Office Supplies,Storage
1473,Southworth Parchment Paper & Envelopes,Office Supplies,Paper
1554,"Tennsco Lockers, Sand",Office Supplies,Storage
1708,Xerox 1922,Office Supplies,Paper
694,GBC Personal VeloBind Strips,Office Supplies,Binders
1171,Novimex Fabric Task Chair,Furniture,Chairs
1045,"Master Big Foot Doorstop, Beige",Furniture,Furnishings
1090,Microsoft Wireless Mobile Mouse 4000,Technology,Accessories
983,"Letter/Legal File Tote with Clear Snap-On Lid, Black Granite",Office Supplies,Storage
245,"Avery Framed View Binder, EZD Ring (Locking), Navy, 1 1/2""",Office Supplies,Binders
1741,Xerox 1952,Office Supplies,Paper
663,"Fellowes Twister Kit, Gray/Clear, 3/pkg",Office Supplies,Binders
1266,Plantronics Audio 478 Stereo USB Headset,Technology,Accessories
836,Hon 94000 Series Round Tables,Furniture,Tables
152,Anker Ultra-Slim Mini Bluetooth 3.0 Wireless Keyboard,Technology,Accessories
1268,"Plantronics CS 50-USB - headset - Convertible, Monaural",Technology,Phones
464,Computer Printout Paper with Letter-Trim Perforations,Office Supplies,Paper
230,Avery 52,Office Supplies,Labels
1571,Translucent Push Pins by OIC,Office Supplies,Fasteners
216,Avery 507,Office Supplies,Labels
1158,Newell 349,Office Supplies,Art
684,GBC DocuBind P50 Personal Binding Machine,Office Supplies,Binders
361,Boston KS Multi-Size Manual Pencil Sharpener,Office Supplies,Art
1549,Tennsco 6- and 18-Compartment Lockers,Office Supplies,Storage
1670,Xerox 1888,Office Supplies,Paper
1113,Newell 308,Office Supplies,Art
1289,Polycom SoundStation2 EX Conference phone,Technology,Phones
1094,Mobile Personal File Cube,Office Supplies,Storage
498,DMI Eclipse Executive Suite Bookcases,Furniture,Bookcases
1317,Quality Park Security Envelopes,Office Supplies,Envelopes
312,"Belkin SportFit Armband For iPhone 5s/5c, Fuchsia",Technology,Phones
505,"DataProducts Ampli Magnifier Task Lamp, Black,",Furniture,Furnishings
50,Acco 6 Outlet Guardian Basic Surge Suppressor,Office Supplies,Appliances
1409,"Sanford Colorific Scented Colored Pencils, 12/Pack",Office Supplies,Art
1079,"Message Book, Phone, Wirebound Standard Line Memo, 2 3/4"" X 5""",Office Supplies,Paper
1097,Motorla HX550 Universal Bluetooth Headset,Technology,Phones
569,"Eldon Expressions Wood Desk Accessories, Oak",Furniture,Furnishings
94,Acme Office Executive Series Stainless Steel Trimmers,Office Supplies,Supplies
424,"Chromcraft Bull-Nose Wood 48"" x 96"" Rectangular Conference Tables",Furniture,Tables
1480,Spigen Samsung Galaxy S5 Case Wallet,Technology,Phones
1137,Newell 33,Office Supplies,Art
1230,Panasonic KP-350BK Electric Pencil Sharpener with Auto Stop,Office Supplies,Art
158,Array Memo Cubes,Office Supplies,Paper
1643,Wilson Jones data.warehouse D-Ring Binders with DublLock,Office Supplies,Binders
1773,Xerox 1982,Office Supplies,Paper
847,Hon Mobius Operator's Chair,Furniture,Chairs
644,Fellowes Mighty 8 Compact Surge Protector,Office Supplies,Appliances
801,Harmony HEPA Quiet Air Purifiers,Office Supplies,Appliances
883,"Howard Miller 16"" Diameter Gallery Wall Clock",Furniture,Furnishings
563,"Eldon Executive Woodline II Desk Accessories, Mahogany",Furniture,Furnishings
362,"Boston Model 1800 Electric Pencil Sharpener, Gray",Office Supplies,Art
1288,Polycom SoundPoint Pro SE-225 Corded phone,Technology,Phones
614,Euro-Pro Shark Turbo Vacuum,Office Supplies,Appliances
1082,"Metal Folding Chairs, Beige, 4/Carton",Furniture,Chairs
1166,Nontoxic Chalk,Office Supplies,Art
1783,Xerox 1991,Office Supplies,Paper
166,"Atlantic Metals Mobile 2-Shelf Bookcases, Custom Colors",Furniture,Bookcases
632,Fellowes Advanced Computer Series Surge Protectors,Office Supplies,Appliances
1338,Recycled Steel Personal File for Hanging File Folders,Office Supplies,Storage
792,HTC One,Technology,Phones
1041,Manco Dry-Lighter Erasable Highlighter,Office Supplies,Art
669,Fiskars Home & Office Scissors,Office Supplies,Supplies
557,Eldon Cleatmat Chair Mats for Medium Pile Carpets,Furniture,Furnishings
268,Avery Self-Adhesive Photo Pockets for Polaroid Photos,Office Supplies,Binders
1748,Xerox 1959,Office Supplies,Paper
947,Kensington 6 Outlet MasterPiece HOMEOFFICE Power Control Center,Office Supplies,Appliances
1816,Xerox 22,Office Supplies,Paper
1620,Wi-Ex zBoost YX540 Cellular Phone Signal Booster,Technology,Phones
1652,"Wirebound Message Books, Four 2 3/4"" x 5"" Forms per Page, 600 Sets per Book",Office Supplies,Paper
1020,Logitech diNovo Edge Keyboard,Technology,Accessories
1780,Xerox 1989,Office Supplies,Paper
1775,Xerox 1984,Office Supplies,Paper
1824,Xerox 227,Office Supplies,Paper
636,Fellowes Bases and Tops For Staxonsteel/High-Stak Systems,Office Supplies,Storage
514,Deflect-o Glass Clear Studded Chair Mats,Furniture,Furnishings
400,Canon PC1060 Personal Laser Copier,Technology,Copiers
323,Bevis Round Conference Room Tables and Bases,Furniture,Tables
1754,Xerox 1965,Office Supplies,Paper
336,Bionaire 99.97% HEPA Air Cleaner,Office Supplies,Appliances
609,"Eureka Sanitaire  Multi-Pro Heavy-Duty Upright, Disposable Bags",Office Supplies,Appliances
285,Balt Solid Wood Round Tables,Furniture,Tables
1274,Plantronics MX500i Earset,Technology,Phones
1000,Logitech G35 7.1-Channel Surround Sound Headset,Technology,Accessories
918,Imation Secure Drive + Hardware Encrypted USB flash drive - 16 GB,Technology,Accessories
1609,Wausau Papers Astrobrights Colored Envelopes,Office Supplies,Envelopes
1534,Tenex Antistatic Computer Chair Mats,Furniture,Furnishings
1325,"REDIFORM Incoming/Outgoing Call Register, 11"" X 8 1/2"", 100 Messages",Office Supplies,Paper
1574,Tripp Lite Isotel 6 Outlet Surge Protector with Fax/Modem Protection,Office Supplies,Appliances
1786,Xerox 1994,Office Supplies,Paper
1176,Nu-Dell Executive Frame,Furniture,Furnishings
293,Belkin 5 Outlet SurgeMaster Power Centers,Office Supplies,Appliances
1525,"TOPS Carbonless Receipt Book, Four 2-3/4 x 7-1/4 Money Receipts per Page",Office Supplies,Paper
924,Insertable Tab Indexes For Data Binders,Office Supplies,Binders
1419,Satellite Sectional Post Binders,Office Supplies,Binders
1071,Memorex Micro Travel Drive 32 GB,Technology,Accessories
987,Lexmark S315 Color Inkjet Printer,Technology,Machines
1712,Xerox 1926,Office Supplies,Paper
1703,Xerox 1918,Office Supplies,Paper
1481,SpineVue Locking Slant-D Ring Binders by Cardinal,Office Supplies,Binders
611,"Eureka The Boss Lite 10-Amp Upright Vacuum, Blue",Office Supplies,Appliances
757,"Global Leather & Oak Executive Chair, Burgundy",Furniture,Chairs
1360,"Rubbermaid ClusterMat Chairmats, Mat Size- 66"" x 60"", Lip 20"" x 11"" -90 Degree Angle",Furniture,Furnishings
531,"Dixon Ticonderoga Maple Cedar Pencil, #2",Office Supplies,Art
65,Acco Hot Clips Clips to Go,Office Supplies,Fasteners
93,Acme Kleencut Forged Steel Scissors,Office Supplies,Supplies
1740,Xerox 1951,Office Supplies,Paper
489,DAX Solid Wood Frames,Furniture,Furnishings
79,Acco Smartsocket Color-Coded Six-Outlet AC Adapter Model Surge Protectors,Office Supplies,Appliances
452,Clearsounds A400,Technology,Phones
803,Hewlett Packard 310 Color Digital Copier,Technology,Copiers
1336,Recycled Premium Regency Composition Covers,Office Supplies,Binders
1815,Xerox 219,Office Supplies,Paper
1688,Xerox 1903,Office Supplies,Paper
1026,Logitech VX Revolution Cordless Laser Mouse for Notebooks (Black),Technology,Accessories
1192,O'Sullivan Plantations 2-Door Library in Landvery Oak,Furniture,Bookcases
1243,Panasonic KX-TG9541B DECT 6.0 Digital 2-Line Expandable Cordless Phone With Digital Answering System,Technology,Phones
1234,Panasonic KX MB2061 Multifunction Printer,Technology,Machines
1327,Razer Kraken 7.1 Surround Sound Over Ear USB Gaming Headset,Technology,Accessories
855,Hon Rectangular Conference Tables,Furniture,Tables
462,Computer Printout Index Tabs,Office Supplies,Binders
721,GBC Wire Binding Combs,Office Supplies,Binders
906,"Iceberg Nesting Folding Chair, 19w x 6d x 43h",Furniture,Chairs
858,Honeywell Enviracaire Portable HEPA Air Cleaner for 16' x 20' Room,Office Supplies,Appliances
321,Bevis Rectangular Conference Tables,Furniture,Tables
140,Ampad #10 Peel & Seel Holiday Envelopes,Office Supplies,Envelopes
411,Cardinal Holdit Data Disk Pockets,Office Supplies,Binders
204,Avery 496,Office Supplies,Labels
341,"Black Print Carbonless Snap-Off Rapid Letter, 8 1/2"" x 7""",Office Supplies,Paper
1827,Xerox 23,Office Supplies,Paper
581,Eldon Pizzaz Desk Accessories,Furniture,Furnishings
1428,"Sauder Forest Hills Library, Woodland Oak Finish",Furniture,Bookcases
744,Global Deluxe High-Back Office Chair in Storm,Furniture,Chairs
953,Kensington K72356US Mouse-in-a-Box USB Desktop Mouse,Technology,Accessories
209,Avery 50,Office Supplies,Labels
671,Fiskars Spring-Action Scissors,Office Supplies,Supplies
148,Anker 24W Portable Micro USB Car Charger,Technology,Phones
1368,"SAFCO Mobile Desk Side File, Wire Frame",Office Supplies,Storage
1119,Newell 313,Office Supplies,Art
937,Jawbone JAMBOX Wireless Bluetooth Speaker,Technology,Phones
1678,Xerox 1895,Office Supplies,Paper
3,"#10 White Business Envelopes,4 1/8 x 9 1/2",Office Supplies,Envelopes
813,High Speed Automatic Electric Letter Opener,Office Supplies,Supplies
298,Belkin 8 Outlet Surge Protector,Office Supplies,Appliances
1239,Panasonic KX TS3282B Corded phone,Technology,Phones
1557,"Tennsco Snap-Together Open Shelving Units, Starter Sets and Add-On Units",Office Supplies,Storage
197,Avery 49,Office Supplies,Labels
870,Hoover Upright Vacuum With Dirt Cup,Office Supplies,Appliances
1055,Maxell 4.7GB DVD-RW 3/Pack,Technology,Accessories
1169,Nortel Meridian M5316 Digital phone,Technology,Phones
387,"Bush Westfield Collection Bookcases, Dark Cherry Finish",Furniture,Bookcases
25,"3M Polarizing Task Lamp with Clamp Arm, Light Gray",Furniture,Furnishings
793,HTC One Mini,Technology,Phones
517,Dell Slim USB Multimedia Keyboard,Technology,Accessories
468,Contemporary Wood/Metal Frame,Furniture,Furnishings
1189,O'Sullivan Living Dimensions 3-Shelf Bookcases,Furniture,Bookcases
959,KeyTronic KT800P2 - Keyboard - Black,Technology,Accessories
709,GBC Standard Plastic Binding Systems' Combs,Office Supplies,Binders
818,Holmes Harmony HEPA Air Purifier for 17 x 20 Room,Office Supplies,Appliances
730,"GE General Use Halogen Bulbs, 100 Watts, 1 Bulb per Pack",Furniture,Furnishings
1038,Macally Suction Cup Mount,Technology,Phones
575,Eldon Image Series Black Desk Accessories,Furniture,Furnishings
620,"Executive Impressions 14""",Furniture,Furnishings
616,"Executive Impressions 12"" Wall Clock",Furniture,Furnishings
367,Bretford CR8500 Series Meeting Room Furniture,Furniture,Tables
1270,Plantronics Calisto P620-M USB Wireless Speakerphone System,Technology,Phones
795,Hammermill CopyPlus Copy Paper (20Lb. and 84 Bright),Office Supplies,Paper
1235,Panasonic KX MC6040 Color Laser Multifunction Printer,Technology,Machines
315,Berol Giant Pencil Sharpener,Office Supplies,Art
958,KeyTronic KT400U2 - Keyboard - Black,Technology,Accessories
206,Avery 498,Office Supplies,Labels
404,Canon imageCLASS 2200 Advanced Copier,Technology,Copiers
603,Epson TM-T88V Direct Thermal Printer - Monochrome - Desktop,Technology,Machines
83,Accohide Poly Flexible Ring Binders,Office Supplies,Binders
1369,SAFCO Optional Arm Kit for Workspace Cribbage Stacking Chair,Furniture,Chairs
1486,Stackable Trays,Furniture,Furnishings
1527,"TOPS Voice Message Log Book, Flash Format",Office Supplies,Paper
353,Boston 1730 StandUp Electric Pencil Sharpener,Office Supplies,Art
618,"Executive Impressions 13"" Clairmont Wall Clock",Furniture,Furnishings
692,"GBC Laser Imprintable Binding System Covers, Desert Sand",Office Supplies,Binders
1795,Xerox 2000,Office Supplies,Paper
780,Green Bar Computer Printout Paper,Office Supplies,Paper
734,"Global Adaptabilites Bookcase, Cherry/Storm Gray Finish",Furniture,Bookcases
698,"GBC Pre-Punched Binding Paper, Plastic, White, 8-1/2"" x 11""",Office Supplies,Binders
774,Google Nexus 5,Technology,Phones
756,Global Italian Leather Office Chair,Furniture,Chairs
118,Advantus Motivational Note Cards,Office Supplies,Paper
243,"Avery Flip-Chart Easel Binder, Black",Office Supplies,Binders
891,I.R.I.S IRISCard Anywhere 5 Card Scanner,Technology,Machines
163,"Ativa D5772 2-Line 5.8GHz Digital Expandable Corded/Cordless Phone System with Answering & Caller ID/Call Waiting, Black/Silver",Technology,Phones
901,Ibico Presentation Index for Binding Systems,Office Supplies,Binders
104,"Adams ""While You Were Out"" Message Pads",Office Supplies,Paper
1646,"Wirebound Four 2-3/4 x 5 Forms per Page, 400 Sets per Book",Office Supplies,Paper
39,AT&T 17929 Lendline Telephone,Technology,Phones
809,Hewlett-Packard Deskjet 6540 Color Inkjet Printer,Technology,Machines
444,Cisco TelePresence System EX90 Videoconferencing Unit,Technology,Machines
244,Avery Fluorescent Highlighter Four-Color Set,Office Supplies,Art
1732,Xerox 1944,Office Supplies,Paper
1811,Xerox 215,Office Supplies,Paper
1667,Xerox 1885,Office Supplies,Paper
465,"Computer Room Manger, 14""",Furniture,Furnishings
41,AT&T CL2909,Technology,Phones
1278,Plantronics Voyager Pro HD - Bluetooth Headset,Technology,Phones
44,AT&T EL51110 DECT,Technology,Phones
342,BlackBerry Q10,Technology,Phones
460,Compact Automatic Electric Letter Opener,Office Supplies,Supplies
1403,SanDisk Ultra 16 GB MicroSDHC Class 10 Memory Card,Technology,Accessories
1402,SanDisk Cruzer 8 GB USB Flash Drive,Technology,Accessories
840,"Hon Deluxe Fabric Upholstered Stacking Chairs, Squared Back",Furniture,Chairs
124,Advantus Rolling Drawer Organizers,Office Supplies,Storage
1054,Maxell 4.7GB DVD-R 5/Pack,Technology,Accessories
696,GBC Plasticlear Binding Covers,Office Supplies,Binders
1281,Plastic Stacking Crates & Casters,Office Supplies,Storage
306,Belkin F9M820V08 8 Outlet Surge,Office Supplies,Appliances
34,APC 7 Outlet Network SurgeArrest Surge Protector,Office Supplies,Appliances
1051,Maxell 4.7GB DVD+R 5/Pack,Technology,Accessories
151,Anker Astro Mini 3000mAh Ultra-Compact Portable Charger,Technology,Phones
117,Advantus Map Pennant Flags and Round Head Tacks,Office Supplies,Fasteners
1742,Xerox 1953,Office Supplies,Paper
1825,Xerox 228,Office Supplies,Paper
116,"Advantus Employee of the Month Certificate Frame, 11 x 13-1/2",Furniture,Furnishings
1743,Xerox 1954,Office Supplies,Paper
598,Embossed Ink Jet Note Cards,Office Supplies,Paper
1730,Xerox 1942,Office Supplies,Paper
419,"Carina Mini System Audio Rack, Model AR050B",Office Supplies,Storage
1796,Xerox 201,Office Supplies,Paper
567,"Eldon Expressions Punched Metal & Wood Desk Accessories, Black & Cherry",Furniture,Furnishings
726,"GE 4 Foot Flourescent Tube, 40 Watt",Furniture,Furnishings
1165,Nokia Lumia 925,Technology,Phones
504,Dana Swing-Arm Lamps,Furniture,Furnishings
1650,"Wirebound Message Books, Four 2 3/4 x 5 Forms per Page, 200 Sets per Book",Office Supplies,Paper
1758,Xerox 1969,Office Supplies,Paper
549,"Eldon 200 Class Desk Accessories, Smoke",Furniture,Furnishings
535,"Dual Level, Single-Width Filing Carts",Office Supplies,Storage
1761,Xerox 1971,Office Supplies,Paper
350,Boston 16750 Black Compact Battery Pencil Sharpener,Office Supplies,Art
539,"Eberhard Faber 3 1/2"" Golf Pencils",Office Supplies,Art
1536,"Tenex Carpeted, Granite-Look or Clear Contemporary Contour Shape Chair Mats",Furniture,Furnishings
755,Global Highback Leather Tilter in Burgundy,Furniture,Chairs
619,"Executive Impressions 13-1/2"" Indoor/Outdoor Wall Clock",Furniture,Furnishings
551,"Eldon 400 Class Desk Accessories, Black Carbon",Furniture,Furnishings
1626,"Wilson Jones Clip & Carry Folder Binder Tool for Ring Binders, Clear",Office Supplies,Binders
798,Harbour Creations 67200 Series Stacking Chairs,Furniture,Chairs
1547,"Tenex V2T-RE Standard Weight Series Chair Mat, 45"" x 53"", Lip 25"" x 12""",Furniture,Furnishings
1388,Samsung Galaxy Mega 6.3,Technology,Phones
490,"DAX Two-Tone Rosewood/Black Document Frame, Desktop, 5 x 7",Furniture,Furnishings
1770,Xerox 198,Office Supplies,Paper
1376,"Safco Chair Connectors, 6/Carton",Furniture,Chairs
1789,Xerox 1997,Office Supplies,Paper
566,Eldon Expressions Mahogany Wood Desk Collection,Furniture,Furnishings
1595,VariCap6 Expandable Binder,Office Supplies,Binders
1488,Stacking Trays by OIC,Furniture,Furnishings
602,Epson Perfection V600 Photo Scanner,Technology,Machines
536,Durable Pressboard Binders,Office Supplies,Binders
951,Kensington 7 Outlet MasterPiece Power Center with Fax/Phone Line Protection,Office Supplies,Appliances
132,Alliance Rubber Bands,Office Supplies,Fasteners
1451,"SlimView Poly Binder, 3/8""",Office Supplies,Binders
358,"Boston Electric Pencil Sharpener, Model 1818, Charcoal Black",Office Supplies,Art
481,DAX Clear Channel Poster Frame,Furniture,Furnishings
2,#10 Self-Seal White Envelopes,Office Supplies,Envelopes
852,Hon Pagoda Stacking Chairs,Furniture,Chairs
1147,Newell 339,Office Supplies,Art
18,36X48 HARDFLOOR CHAIRMAT,Furniture,Furnishings
145,Anderson Hickey Conga Table Tops & Accessories,Furniture,Tables
154,Apple EarPods with Remote and Mic,Technology,Phones
1255,"Perixx PERIBOARD-512B, Ergonomic Split Keyboard",Technology,Accessories
1015,Logitech Wireless Headset H600 Over-The-Head Design,Technology,Accessories
1828,Xerox 230,Office Supplies,Paper
561,Eldon Econocleat Chair Mats for Low Pile Carpets,Furniture,Furnishings
1604,Vtech CS6719,Technology,Phones
1727,Xerox 194,Office Supplies,Paper
381,"Bush Cubix Collection Bookcases, Fully Assembled",Furniture,Bookcases
1590,"Universal Recycled Hanging Pressboard Report Binders, Letter Size",Office Supplies,Binders
1771,Xerox 1980,Office Supplies,Paper
1515,Strathmore Photo Frame Cards,Office Supplies,Paper
1216,Okidata C331dn Printer,Technology,Machines
1444,"Seth Thomas 8 1/2"" Cubicle Clock",Furniture,Furnishings
48,Aastra 6757i CT Wireless VoIP phone,Technology,Phones
1691,Xerox 1907,Office Supplies,Paper
677,G.E. Longer-Life Indoor Recessed Floodlight Bulbs,Furniture,Furnishings
1240,Panasonic KX TS3282W Corded phone,Technology,Phones
761,"Global Leather and Oak Executive Chair, Black",Furniture,Chairs
475,Cubify CubeX 3D Printer Double Head Print,Technology,Machines
897,Ibico Ibimaster 300 Manual Binding System,Office Supplies,Binders
1635,Wilson Jones Impact Binders,Office Supplies,Binders
1148,Newell 34,Office Supplies,Art
1285,Polycom CX300 Desktop Phone USB VoIP phone,Technology,Phones
354,Boston 1799 Powerhouse Electric Pencil Sharpener,Office Supplies,Art
1631,Wilson Jones Four-Pocket Poly Binders,Office Supplies,Binders
1506,Sterilite Show Offs Storage Containers,Office Supplies,Storage
133,"Alliance Super-Size Bands, Assorted Sizes",Office Supplies,Fasteners
346,"BlueLounge Milo Smartphone Stand, White/Metallic",Technology,Phones
272,Avery White Multi-Purpose Labels,Office Supplies,Labels
1002,Logitech G500s Laser Gaming Mouse with Adjustable Weight Tuning,Technology,Accessories
982,Letter or Legal Size Expandable Poly String Tie Envelopes,Office Supplies,Envelopes
1508,Stiletto Hand Letter Openers,Office Supplies,Supplies
1550,Tennsco Commercial Shelving,Office Supplies,Storage
1395,Samsung HM1900 Bluetooth Headset,Technology,Phones
438,Cisco SPA112 2 Port Phone Adapter,Technology,Phones
453,Col-Erase Pencils with Erasers,Office Supplies,Art
1818,Xerox 221,Office Supplies,Paper
1272,Plantronics Encore H101 Dual Earpieces Headset,Technology,Phones
525,Disposable Triple-Filter Dust Bags,Office Supplies,Appliances
1077,Memorex Mini Travel Drive 64 GB USB 2.0 Flash Drive,Technology,Accessories
652,Fellowes Powershred HS-440 4-Sheet High Security Shredder,Technology,Machines
1098,Motorola Droid Maxx,Technology,Phones
1676,Xerox 1893,Office Supplies,Paper
952,Kensington Expert Mouse Optical USB Trackball for PC or Mac,Technology,Accessories
1047,"Master Caster Door Stop, Gray",Furniture,Furnishings
1539,Tenex Chairmats For Use with Hard Floors,Furniture,Furnishings
61,"Acco Flexible ACCOHIDE Square Ring Data Binder, Dark Blue, 11 1/2"" X 14"" 7/8""",Office Supplies,Binders
640,Fellowes Command Center 5-outlet power strip,Office Supplies,Appliances
1361,"Rush Hierlooms Collection 1"" Thick Stackable Bookcases",Furniture,Bookcases
288,"Barricks 18"" x 48"" Non-Folding Utility Table with Bottom Storage Shelf",Furniture,Tables
615,"Executive Impressions 10"" Spectator Wall Clock",Furniture,Furnishings
846,"Hon Metal Bookcases, Putty",Furniture,Bookcases
1542,"Tenex Personal Filing Tote With Secure Closure Lid, Black/Frost",Office Supplies,Storage
1685,Xerox 1900,Office Supplies,Paper
1198,OIC Stacking Trays,Furniture,Furnishings
737,"Global Armless Task Chair, Royal Blue",Furniture,Chairs
562,Eldon Executive Woodline II Cherry Finish Desk Accessories,Furniture,Furnishings
1081,"Message Book, Wirebound, Four 5 1/2"" X 4"" Forms/Pg., 200 Dupl. Sets/Book",Office Supplies,Paper
1545,"Tenex Traditional Chairmats for Hard Floors, Average Lip, 36"" x 48""",Furniture,Furnishings
1291,Polycom VoiceStation 500 Conference phone,Technology,Phones
333,"Binney & Smith inkTank Desk Highlighter, Chisel Tip, Yellow, 12/Box",Office Supplies,Art
1479,"Speediset Carbonless Redi-Letter 7"" x 8 1/2""",Office Supplies,Paper
1799,Xerox 204,Office Supplies,Paper
957,KeyTronic E03601U1 - Keyboard - Beige,Technology,Accessories
909,Imation Bio 2GB USB Flash Drive Imation Corp,Technology,Accessories
844,"Hon Metal Bookcases, Black",Furniture,Bookcases
380,"Bush Birmingham Collection Bookcase, Dark Cherry",Furniture,Bookcases
38,AT&T 1080 Phone,Technology,Phones
258,Avery Metallic Poly Binders,Office Supplies,Binders
164,Ativa MDM8000 8-Sheet Micro-Cut Shredder,Technology,Machines
51,Acco 6 Outlet Guardian Premium Plus Surge Suppressor,Office Supplies,Appliances
1454,Smead Alpha-Z Color-Coded Name Labels First Letter Starter Set,Office Supplies,Labels
1220,Ooma Telo VoIP Home Phone System,Technology,Phones
1529,"Telephone Message Books with Fax/Mobile Section, 4 1/4"" x 6""",Office Supplies,Paper
1794,Xerox 200,Office Supplies,Paper
1218,Okidata MB491 Multifunction Printer,Technology,Machines
129,Akro Stacking Bins,Office Supplies,Storage
249,"Avery Hi-Liter Comfort Grip Fluorescent Highlighter, Yellow Ink",Office Supplies,Art
1356,Rosewill 107 Normal Keys USB Wired Standard Keyboard,Technology,Accessories
1247,PayAnywhere Card Reader,Technology,Phones
1664,Xerox 1882,Office Supplies,Paper
1067,"Memorex 25GB 6X Branded Blu-Ray Recordable Disc, 30/Pack",Technology,Accessories
360,Boston Home & Office Model 2000 Electric Pencil Sharpeners,Office Supplies,Art
1115,Newell 31,Office Supplies,Art
1303,"Premium Transparent Presentation Covers, No Pattern/Clear, 8 1/2"" x 11""",Office Supplies,Binders
1755,Xerox 1966,Office Supplies,Paper
92,Acme Kleen Earth Office Shears,Office Supplies,Supplies
1060,"Maxell Pro 80 Minute CD-R, 10/Pack",Technology,Accessories
919,Imation Swivel Flash Drive USB flash drive - 8 GB,Technology,Accessories
103,Acrylic Self-Standing Desk Frames,Furniture,Furnishings
597,"Elite 5"" Scissors",Office Supplies,Supplies
77,Acco Side-Punched Conventional Columnar Pads,Office Supplies,Supplies
200,Avery 492,Office Supplies,Labels
113,Adjustable Personal File Tote,Office Supplies,Storage
176,"Avery 05222 Permanent Self-Adhesive File Folder Labels for Typewriters, on Rolls, White, 250/Roll",Office Supplies,Labels
1311,Prismacolor Color Pencil Set,Office Supplies,Art
1445,Sharp 1540cs Digital Laser Copier,Technology,Copiers
585,"Eldon Regeneration Recycled Desk Accessories, Black",Furniture,Furnishings
572,Eldon File Chest Portable File,Office Supplies,Storage
1600,"Verbatim Slim CD and DVD Storage Cases, 50/Pack",Technology,Accessories
981,Letter Slitter,Office Supplies,Supplies
1393,Samsung Galaxy S4 Active,Technology,Phones
1209,Office Star - Mid Back Dual function Ergonomic High Back Chair with 2-Way Adjustable Arms,Furniture,Chairs
55,"Acco Banker's Clasps, 5 3/4""-Long",Office Supplies,Fasteners
1013,Logitech Wireless Anywhere Mouse MX for PC and Mac,Technology,Accessories
59,Acco Economy Flexible Poly Round Ring Binder,Office Supplies,Binders
286,Balt Split Level Computer Training Table,Furniture,Tables
528,Dixon Ticonderoga Core-Lock Colored Pencils,Office Supplies,Art
1367,SAFCO Folding Chair Trolley,Furniture,Chairs
1205,"Office Star - Contemporary Task Swivel chair with Loop Arms, Charcoal",Furniture,Chairs
225,Avery 515,Office Supplies,Labels
1524,"TOPS 4 x 6 Fluorescent Color Memo Sheets, 500 Sheets per Pack",Office Supplies,Paper
617,"Executive Impressions 13"" Chairman Wall Clock",Furniture,Furnishings
1566,Things To Do Today Spiral Book,Office Supplies,Paper
1006,Logitech Illuminated Ultrathin Keyboard with Backlighting,Technology,Accessories
1438,Serrated Blade or Curved Handle Hand Letter Openers,Office Supplies,Supplies
894,Ibico EB-19 Dual Function Manual Binding System,Office Supplies,Binders
550,"Eldon 300 Class Desk Accessories, Black",Furniture,Furnishings
1001,Logitech G430 Surround Sound Gaming Headset with Dolby 7.1 Technology,Technology,Accessories
969,LG Exalt,Technology,Phones
697,GBC Poly Designer Binding Covers,Office Supplies,Binders
541,Economy #2 Pencils,Office Supplies,Art
544,"Eldon ""L"" Workstation Diamond Chairmat",Furniture,Furnishings
483,"DAX Copper Panel Document Frame, 5 x 7 Size",Furniture,Furnishings
1057,"Maxell 74 Minute CDR, 10/Pack",Technology,Accessories
1084,Micro Innovations Wireless Classic Keyboard with Mouse,Technology,Accessories
383,"Bush Heritage Pine Collection 5-Shelf Bookcase, Albany Pine Finish, *Special Order",Furniture,Bookcases
971,LG G3,Technology,Phones
1348,Riverleaf Stik-Withit Designer Note Cubes,Office Supplies,Paper
788,HP Office Paper (20Lb. and 87 Bright),Office Supplies,Paper
335,"Binney & Smith inkTank Erasable Pocket Highlighter, Chisel Tip, Yellow",Office Supplies,Art
1321,RCA ViSYS 25423RE1 Corded phone,Technology,Phones
24,3M Polarizing Light Filter Sleeves,Furniture,Furnishings
1157,Newell 348,Office Supplies,Art
1714,Xerox 1928,Office Supplies,Paper
571,"Eldon Expressions Wood and Plastic Desk Accessories, Oak",Furniture,Furnishings
338,Black & Decker Filter for Double Action Dustbuster Cordless Vac BLDV7210,Office Supplies,Appliances
1585,"Ultra Door Kickplate, 8""H x 34""W",Furniture,Furnishings
356,Boston 1900 Electric Pencil Sharpener,Office Supplies,Art
1605,WD My Passport Ultra 1TB Portable External Hard Drive,Technology,Accessories
402,Canon PC170 Desktop Personal Copier,Technology,Machines
1066,"Memorex 25GB 6X Branded Blu-Ray Recordable Disc, 15/Pack",Technology,Accessories
873,"Howard Miller 11-1/2"" Diameter Brentwood Wall Clock",Furniture,Furnishings
1673,Xerox 1890,Office Supplies,Paper
936,Jackery Bar Premium Fast-charging Portable Charger,Technology,Phones
1258,"Permanent Self-Adhesive File Folder Labels for Typewriters, 1 1/8 x 3 1/2, White",Office Supplies,Labels
435,Cisco IP Phone 7961G VoIP phone - Dark gray,Technology,Phones
845,"Hon Metal Bookcases, Gray",Furniture,Bookcases
895,Ibico EPK-21 Electric Binding System,Office Supplies,Binders
823,"Holmes Visible Mist Ultrasonic Humidifier with 2.3-Gallon Output per Day, Replacement Filter",Office Supplies,Appliances
1362,Rush Hierlooms Collection Rich Wood Bookcases,Furniture,Bookcases
963,Kingston Digital DataTraveler 8GB USB 2.0,Technology,Accessories
787,"HP Designjet T520 Inkjet Large Format Printer - 24"" Color",Technology,Machines
1146,Newell 338,Office Supplies,Art
748,Global Enterprise Series Seating High-Back Swivel/Tilt Chairs,Furniture,Chairs
1184,O'Sullivan 5-Shelf Heavy-Duty Bookcases,Furniture,Bookcases
794,Hammermill Color Copier Paper (28Lb. and 96 Bright),Office Supplies,Paper
1782,Xerox 1990,Office Supplies,Paper
1720,Xerox 1933,Office Supplies,Paper
781,"Green Canvas Binder for 8-1/2"" x 14"" Sheets",Office Supplies,Binders
1245,Park Ridge Embossed Executive Business Envelopes,Office Supplies,Envelopes
1385,"Safco Value Mate Steel Bookcase, Baked Enamel Finish on Steel, Black",Furniture,Bookcases
433,Cisco Desktop Collaboration Experience DX650 IP Video Phone,Technology,Machines
877,Howard Miller 12-3/4 Diameter Accuwave DS  Wall Clock,Furniture,Furnishings
1765,Xerox 1975,Office Supplies,Paper
1130,Newell 323,Office Supplies,Art
355,"Boston 1827 Commercial Additional Cutter, Drive Gear & Gear Rack for 1606",Office Supplies,Art
1063,"Mead 1st Gear 2"" Zipper Binder, Asst. Colors",Office Supplies,Binders
19,"3D Systems Cube Printer, 2nd Generation, Magenta",Technology,Machines
194,Avery 487,Office Supplies,Labels
810,Hewlett-Packard Deskjet D4360 Printer,Technology,Machines
494,DAX Wood Document Frame.,Furniture,Furnishings
1803,Xerox 208,Office Supplies,Paper
1072,Memorex Micro Travel Drive 4 GB,Technology,Accessories
7,#6 3/4 Gummed Flap White Envelopes,Office Supplies,Envelopes
491,DAX Two-Tone Silver Metal Document Frame,Furniture,Furnishings
213,Avery 503,Office Supplies,Labels
815,Holmes 99% HEPA Air Purifier,Office Supplies,Appliances
1185,O'Sullivan Cherrywood Estates Traditional Barrister Bookcase,Furniture,Bookcases
1373,SANFORD Major Accent Highlighters,Office Supplies,Art
829,Hon 4-Shelf Metal Bookcases,Furniture,Bookcases
735,Global Adaptabilities Conference Tables,Furniture,Tables
1122,Newell 316,Office Supplies,Art
657,Fellowes Staxonsteel Drawer Files,Office Supplies,Storage
254,Avery Hi-Liter Smear-Safe Highlighters,Office Supplies,Art
926,"Inter-Office Recycled Envelopes, Brown Kraft, Button-String,10"" x 13"" , 100/Box",Office Supplies,Envelopes
1784,Xerox 1992,Office Supplies,Paper
1350,Riverside Furniture Stanwyck Manor Table Series,Furniture,Tables
655,Fellowes Recycled Storage Drawers,Office Supplies,Storage
1684,Xerox 190,Office Supplies,Paper
1675,Xerox 1892,Office Supplies,Paper
1432,Seidio BD2-HK3IPH5-BK DILEX Case and Holster Combo for Apple iPhone 5/5s - Black,Technology,Phones
1523,"TOPS ""Important Message"" Pads, Canary, 4-1/4 x 5-1/2, 50 Sheets per Pad",Office Supplies,Paper
14,"24 Capacity Maxi Data Binder Racks, Pearl",Office Supplies,Storage
1472,Southworth 25% Cotton Premium Laser Paper and Envelopes,Office Supplies,Paper
1105,Multimedia Mailers,Office Supplies,Envelopes
208,Avery 5,Office Supplies,Labels
939,Jensen SMPS-640 - speaker phone,Technology,Phones
1048,"Master Caster Door Stop, Large Brown",Furniture,Furnishings
641,Fellowes Desktop Hanging File Manager,Office Supplies,Storage
1745,Xerox 1956,Office Supplies,Paper
1179,Nu-Dell Oak Frame,Furniture,Furnishings
712,GBC Therma-A-Bind 250T Electric Binding System,Office Supplies,Binders
533,Document Clip Frames,Furniture,Furnishings
868,"Hoover Replacement Belts For Soft Guard & Commercial Ltweight Upright Vacs, 2/Pk",Office Supplies,Appliances
1724,Xerox 1937,Office Supplies,Paper
485,"DAX Cubicle Frames, 8-1/2 x 11",Furniture,Furnishings
1423,Sauder Camden County Collection Library,Furniture,Bookcases
399,Canon PC-428 Personal Copier,Technology,Copiers
1206,Office Star - Ergonomic Mid Back Chair with 2-Way Adjustable Arms,Furniture,Chairs
1702,Xerox 1917,Office Supplies,Paper
1398,SanDisk Cruzer 16 GB USB Flash Drive,Technology,Accessories
912,Imation 30456 USB Flash Drive 8GB,Technology,Accessories
1238,Panasonic KX TS208W Corded phone,Technology,Phones
1683,Xerox 19,Office Supplies,Paper
1400,SanDisk Cruzer 4 GB USB Flash Drive,Technology,Accessories
137,AmazonBasics 3-Button USB Wired Mouse,Technology,Accessories
12,14-7/8 x 11 Blue Bar Computer Printout Paper,Office Supplies,Paper
1582,"Tyvek Interoffice Envelopes, 9 1/2"" x 12 1/2"", 100/Box",Office Supplies,Envelopes
964,Kleencut Forged Office Shears by Acme United Corporation,Office Supplies,Supplies
271,"Avery Triangle Shaped Sheet Lifters, Black, 2/Pack",Office Supplies,Binders
1008,Logitech Keyboard K120,Technology,Accessories
1719,Xerox 1932,Office Supplies,Paper
532,Dixon Ticonderoga Pencils,Office Supplies,Art
482,"DAX Contemporary Wood Frame with Silver Metal Mat, Desktop, 11 x 14 Size",Furniture,Furnishings
1563,Texas Instrument TI-15 Fraction Calculator,Technology,Machines
512,"Deflect-o EconoMat Nonstudded, No Bevel Mat",Furniture,Furnishings
1199,OIC Thumb-Tacks,Office Supplies,Fasteners
1410,"Sanford EarthWrite Recycled Pencils, Medium Soft, #2",Office Supplies,Art
1225,PNY Rapid USB Car Charger - Black,Technology,Phones
841,Hon Every-Day Chair Series Swivel Task Chairs,Furniture,Chairs
1452,"SmartStand Mobile Device Holder, Assorted Colors",Technology,Phones
301,Belkin 8-Outlet Premiere SurgeMaster II Surge Protectors,Office Supplies,Appliances
613,Euro Pro Shark Stick Mini Vacuum,Office Supplies,Appliances
162,Astroparche Fine Business Paper,Office Supplies,Paper
1840,Zebra ZM400 Thermal Label Printer,Technology,Machines
980,Letter Size File,Office Supplies,Storage
523,Dexim XPower Skin Super-Thin Power Case for iPhone 5 - Black,Technology,Phones
1392,Samsung Galaxy S4,Technology,Phones
1212,Office Star Flex Back Scooter Chair with Aluminum Finish Frame,Furniture,Chairs
1387,Samsung Convoy 3,Technology,Phones
578,"Eldon Imàge Series Desk Accessories, Clear",Furniture,Furnishings
199,Avery 491,Office Supplies,Labels
1804,Xerox 209,Office Supplies,Paper
1249,"Peel & Seel Recycled Catalog Envelopes, Brown",Office Supplies,Envelopes
170,Avanti 1.7 Cu. Ft. Refrigerator,Office Supplies,Appliances
87,Acme Design Stainless Steel Bent Scissors,Office Supplies,Supplies
289,"Barricks Non-Folding Utility Table with Steel Legs, Laminate Tops",Furniture,Tables
806,Hewlett-Packard 300S Scientific Calculator,Technology,Machines
203,Avery 495,Office Supplies,Labels
1846,iOttie HLCRIO102 Car Mount,Technology,Phones
252,"Avery Hi-Liter GlideStik Fluorescent Highlighter, Yellow Ink",Office Supplies,Art
552,Eldon 500 Class Desk Accessories,Furniture,Furnishings
540,EcoTones Memo Sheets,Office Supplies,Paper
1690,Xerox 1906,Office Supplies,Paper
1564,Texas Instruments TI-34 Scientific Calculator,Technology,Machines
1489,Standard Line While You Were Out Hardbound Telephone Message Book,Office Supplies,Paper
962,Kingston Digital DataTraveler 64GB USB 2.0,Technology,Accessories
718,GBC VeloBinder Strips,Office Supplies,Binders
1752,Xerox 1963,Office Supplies,Paper
1028,Logitech Z-906 Speaker sys - home theater - 5.1-CH,Technology,Accessories
1418,"Sanyo Counter Height Refrigerator with Crisper, 3.6 Cubic Foot, Stainless Steel/Black",Office Supplies,Appliances
1033,Luxo Adjustable Task Clamp Lamp,Furniture,Furnishings
1592,Unpadded Memo Slips,Office Supplies,Paper
287,Barrel Sharpener,Office Supplies,Art
63,Acco Glide Clips,Office Supplies,Fasteners
382,"Bush Cubix Conference Tables, Fully Assembled",Furniture,Tables
1204,"Office Star - Contemporary Task Swivel chair with 2-way adjustable arms, Plum",Furniture,Chairs
1320,RCA H5401RE1 DECT 6.0 4-Line Cordless Handset With Caller ID/Call Waiting,Technology,Phones
1370,"SAFCO PlanMaster Boards, 60w x 37-1/2d, White Melamine",Furniture,Tables
1793,Xerox 20,Office Supplies,Paper
790,"HP Officejet Pro 8600 e-All-In-One Printer, Copier, Scanner, Fax",Technology,Machines
340,"Black Print Carbonless 8 1/2"" x 8 1/4"" Rapid Memo Book",Office Supplies,Paper
1032,Lunatik TT5L-002 Taktik Strike Impact Protection System for iPhone 5,Technology,Phones
927,"Iris 3-Drawer Stacking Bin, Black",Office Supplies,Storage
1227,Panasonic Business Telephones KX-T7736,Technology,Phones
887,Hunt Boston Vacuum Mount KS Pencil Sharpener,Office Supplies,Art
1293,Portfile Personal File Boxes,Office Supplies,Storage
290,"Belkin 19"" Center-Weighted Shelf, Gray",Office Supplies,Storage
837,Hon Comfortask Task/Swivel Chairs,Furniture,Chairs
415,"Career Cubicle Clock, 8 1/4"", Black",Furniture,Furnishings
351,Boston 16765 Mini Stand Up Battery Pencil Sharpener,Office Supplies,Art
181,Avery 475,Office Supplies,Labels
1603,"Vtech AT&T CL2940 Corded Speakerphone, Black",Technology,Machines
1535,Tenex B1-RE Series Chair Mats for Low Pile Carpets,Furniture,Furnishings
782,Griffin GC17055 Auxiliary Audio Cable,Technology,Phones
1355,Rogers Profile Extra Capacity Storage Tub,Office Supplies,Storage
1323,RCA ViSYS 25825 Wireless digital phone,Technology,Phones
1699,Xerox 1914,Office Supplies,Paper
1687,Xerox 1902,Office Supplies,Paper
101,Acme Titanium Bonded Scissors,Office Supplies,Supplies
903,Ibico Recycled Linen-Style Covers,Office Supplies,Binders
1802,Xerox 207,Office Supplies,Paper
1458,Socket Bluetooth Cordless Hand Scanner (CHS),Technology,Machines
1214,Okidata B400 Printer,Technology,Machines
1027,"Logitech Wireless Boombox Speaker - portable - wireless, wired",Technology,Accessories
1835,Xiaomi Mi3,Technology,Phones
1735,Xerox 1947,Office Supplies,Paper
1464,Sony Micro Vault Click 4 GB USB 2.0 Flash Drive,Technology,Accessories
1716,Xerox 193,Office Supplies,Paper
1847,iOttie XL Car Mount,Technology,Phones
863,Hoover Commercial Lightweight Upright Vacuum with E-Z Empty Dirt Cup,Office Supplies,Appliances
667,First Data TMFD35 PIN Pad,Technology,Accessories
1584,Ultra Commercial Grade Dual Valve Door Closer,Furniture,Furnishings
467,Contemporary Borderless Frame,Furniture,Furnishings
20,"3D Systems Cube Printer, 2nd Generation, White",Technology,Machines
1233,Panasonic KX - TS880B Telephone,Technology,Phones
76,"Acco Recycled 2"" Capacity Laser Printer Hanging Data Binders",Office Supplies,Binders
1723,Xerox 1936,Office Supplies,Paper
257,Avery Legal 4-Ring Binder,Office Supplies,Binders
173,Avaya 5410 Digital phone,Technology,Phones
1526,"TOPS Money Receipt Book, Consecutively Numbered in Red,",Office Supplies,Paper
522,Desktop 3-Pocket Hot File,Office Supplies,Storage
1656,Wirebound Voice Message Log Book,Office Supplies,Paper
966,Konica Minolta magicolor 1690MF Multifunction Printer,Technology,Machines
991,"Linden 12"" Wall Clock With Oak Frame",Furniture,Furnishings
1560,Tensor Brushed Steel Torchiere Floor Lamp,Furniture,Furnishings
1347,Ricoh - Ink Collector Unit for GX3000 Series Printers,Technology,Machines
1654,"Wirebound Message Forms, Four 2 3/4 x 5 Forms per Page, Pink Paper",Office Supplies,Paper
185,Avery 479,Office Supplies,Labels
1217,Okidata C610n Printer,Technology,Machines
1826,Xerox 229,Office Supplies,Paper
90,Acme Galleria Hot Forged Steel Scissors with Colored Handles,Office Supplies,Supplies
1175,Nu-Dell EZ-Mount Plastic Wall Frames,Furniture,Furnishings
1562,Tensor Track Tree Floor Lamp,Furniture,Furnishings
850,Hon Olson Stacker Chairs,Furniture,Chairs
297,Belkin 7-Outlet SurgeMaster Home Series,Office Supplies,Appliances
783,Griffin GC36547 PowerJolt SE Lightning Charger,Technology,Phones
510,Deflect-o DuraMat Antistatic Studded Beveled Mat for Medium Pile Carpeting,Furniture,Furnishings
422,Cherry 142-key Programmable Keyboard,Technology,Accessories
1100,Motorola L703CM,Technology,Phones
1110,NeatDesk Desktop Scanner & Digital Filing System,Technology,Machines
862,Hoover Commercial Lightweight Upright Vacuum,Office Supplies,Appliances
1766,Xerox 1976,Office Supplies,Paper
1517,"Stride Job 150 Highlighters, Chisel Tip, Assorted Colors",Office Supplies,Art
339,"Black Avery Memo-Size 3-Ring Binder, 5 1/2"" x 8 1/2""",Office Supplies,Binders
1774,Xerox 1983,Office Supplies,Paper
1537,"Tenex Chairmat w/ Average Lip, 45"" x 53""",Furniture,Furnishings
372,"Brother MFC-9340CDW LED All-In-One Printer, Copier Scanner",Technology,Machines
191,Avery 484,Office Supplies,Labels
594,Electrix Fluorescent Magnifier Lamps & Weighted Base,Furniture,Furnishings
1477,Space Solutions Industrial Galvanized Steel Shelving.,Office Supplies,Storage
1277,Plantronics Single Ear Headset,Technology,Machines
1838,Zebra GK420t Direct Thermal/Thermal Transfer Printer,Technology,Machines
1559,"Tensor ""Hersey Kiss"" Styled Floor Lamp",Furniture,Furnishings
1075,Memorex Mini Travel Drive 32 GB USB 2.0 Flash Drive,Technology,Accessories
865,Hoover Commercial SteamVac,Office Supplies,Appliances
1725,Xerox 1938,Office Supplies,Paper
1108,NETGEAR RangeMax WNR1000 Wireless Router,Technology,Accessories
1682,Xerox 1899,Office Supplies,Paper
812,Hewlett-Packard Desktjet 6988DT Refurbished Printer,Technology,Machines
388,"Bush Westfield Collection Bookcases, Dark Cherry Finish, Fully Assembled",Furniture,Bookcases
624,"Executive Impressions 16-1/2"" Circular Wall Clock",Furniture,Furnishings
1219,Okidata MB760 Printer,Technology,Machines
529,"Dixon Ticonderoga Core-Lock Colored Pencils, 48-Color Set",Office Supplies,Art
622,"Executive Impressions 14"" Contract Wall Clock with Quartz Movement",Furniture,Furnishings
1507,Sterling Rubber Bands by Alliance,Office Supplies,Fasteners
948,Kensington 6 Outlet SmartSocket Surge Protector,Office Supplies,Appliances
1058,Maxell CD-R Discs,Technology,Accessories
253,Avery Hi-Liter Pen Style Six-Color Fluorescent Set,Office Supplies,Art
86,"Acme Design Line 8"" Stainless Steel Bent Scissors w/Champagne Handles, 3-1/8"" Cut",Office Supplies,Supplies
1501,Star Micronics TSP100 TSP143LAN Receipt Printer,Technology,Machines
1744,Xerox 1955,Office Supplies,Paper
1457,"Snap-A-Way Black Print Carbonless Speed Message, No Reply Area, Duplicate",Office Supplies,Paper
9,"1/4 Fold Party Design Invitations & White Envelopes, 24 8-1/2"" X 11"" Cards, 25 Env./Pack",Office Supplies,Paper
811,Hewlett-Packard Deskjet F4180 All-in-One Color Ink-jet - Printer / copier / scanner,Technology,Machines
984,Lexmark 20R1285 X6650 Wireless All-in-One Printer,Technology,Machines
1163,Nokia Lumia 1020,Technology,Phones
97,Acme Serrated Blade Letter Opener,Office Supplies,Supplies
1215,Okidata B401 Printer,Technology,Machines
1832,Xerox Blank Computer Paper,Office Supplies,Paper
27,4009 Highlighters,Office Supplies,Art
749,Global Enterprise Series Seating Low-Back Swivel/Tilt Chairs,Furniture,Chairs
1434,Self-Adhesive Address Labels for Typewriters with Dispenser Box,Office Supplies,Labels
1211,Office Star - Task Chair with Contemporary Loop Arms,Furniture,Chairs
784,Grip Seal Envelopes,Office Supplies,Envelopes
1253,Penpower WorldCard Pro Card Scanner,Technology,Machines
1462,Sony 8GB Class 10 Micro SDHC R40 Memory Card,Technology,Accessories
1322,RCA ViSYS 25425RE1 Corded phone,Technology,Phones
429,Cisco 8961 IP Phone Charcoal,Technology,Machines
606,"Eureka Hand Vacuum, Bagless",Office Supplies,Appliances
970,LG G2,Technology,Phones
579,Eldon Jumbo ProFile Portable File Boxes Graphite/Black,Office Supplies,Storage
